AnalyzerId,EpochTime,Shape,SurveyId
3bb5d6c4-17d0-4088-a616-11ce03dd3274,1479453365,0xE6100000010408000000EF31BB80DE8E5EC00C3EED3ABDBD42400929F1BCDE8E5EC07C510043BEBD4240F95021C5DE8E5EC027129A78BEBD4240EF31BB80DE8E5EC00C3EED3ABDBD4240EF31BB80DE8E5EC00C3EED3ABDBD4240830DE757DD8E5EC046F21525B8BD4240A35C77D0DD8E5EC093FE4508BABD4240EF31BB80DE8E5EC00C3EED3ABDBD4240020000000200000000020400000003000000FFFFFFFF0000000006000000000000000003000000000100000003,38b7995b-0e28-4f37-84a8-104b7f6f4a1a
3bb5d6c4-17d0-4088-a616-11ce03dd3274,1479453366,0xE610000001040500000054E796DADE8E5EC07A4E9EBBBEBD424054E796DADE8E5EC07A4E9EBBBEBD4240A35C77D0DD8E5EC093FE4508BABD4240F95021C5DE8E5EC027129A78BEBD424054E796DADE8E5EC07A4E9EBBBEBD424001000000020000000001000000FFFFFFFF0000000003,38b7995b-0e28-4f37-84a8-104b7f6f4a1a
3bb5d6c4-17d0-4088-a616-11ce03dd3274,1479453371,0xE6100000010405000000D0611DDEDD8E5EC0F7F83BA0C4BD4240036F736CDE8E5EC03C9892F0C4BD4240C9A807ACDE8E5EC0B3D14822C3BD4240C9A807ACDE8E5EC0B3D14822C3BD4240D0611DDEDD8E5EC0F7F83BA0C4BD424001000000020000000001000000FFFFFFFF0000000003,38b7995b-0e28-4f37-84a8-104b7f6f4a1a
3bb5d6c4-17d0-4088-a616-11ce03dd3274,1479453372,0xE6100000010405000000D53FFF06DD8E5EC04DF92308C6BD42407607A79ADE8E5EC005CAD831C8BD4240036F736CDE8E5EC03C9892F0C4BD4240D0611DDEDD8E5EC0F7F83BA0C4BD4240D53FFF06DD8E5EC04DF92308C6BD424001000000020000000001000000FFFFFFFF0000000003,38b7995b-0e28-4f37-84a8-104b7f6f4a1a
3bb5d6c4-17d0-4088-a616-11ce03dd3274,1479453373,0xE610000001040500000074B5382FDC8E5EC057FBFC72C7BD42401D89235BDE8E5EC01EE75757CCBD42407607A79ADE8E5EC005CAD831C8BD4240D53FFF06DD8E5EC04DF92308C6BD424074B5382FDC8E5EC057FBFC72C7BD424001000000020000000001000000FFFFFFFF0000000003,38b7995b-0e28-4f37-84a8-104b7f6f4a1a
3bb5d6c4-17d0-4088-a616-11ce03dd3274,1479453374,0xE6100000010405000000AE0EE65DDB8E5EC0A29729E2C8BD42400A7071B3DE8E5EC0C9B2BC57D0BD42401D89235BDE8E5EC01EE75757CCBD424074B5382FDC8E5EC057FBFC72C7BD4240AE0EE65DDB8E5EC0A29729E2C8BD424001000000020000000001000000FFFFFFFF0000000003,38b7995b-0e28-4f37-84a8-104b7f6f4a1a
3bb5d6c4-17d0-4088-a616-11ce03dd3274,1479453375,0xE6100000010405000000B10F358FDA8E5EC022BEE953CABD424079F1FB6BDE8E5EC0F32661C7D1BD42400A7071B3DE8E5EC0C9B2BC57D0BD4240AE0EE65DDB8E5EC0A29729E2C8BD4240B10F358FDA8E5EC022BEE953CABD424001000000020000000001000000FFFFFFFF0000000003,38b7995b-0e28-4f37-84a8-104b7f6f4a1a
3bb5d6c4-17d0-4088-a616-11ce03dd3274,1479453376,0xE6100000010405000000DF99D2C3D98E5EC03BEC32BACBBD424007FB401EDD8E5EC033FE6EF3D0BD424079F1FB6BDE8E5EC0F32661C7D1BD4240B10F358FDA8E5EC022BEE953CABD4240DF99D2C3D98E5EC03BEC32BACBBD424001000000020000000001000000FFFFFFFF0000000003,38b7995b-0e28-4f37-84a8-104b7f6f4a1a
3bb5d6c4-17d0-4088-a616-11ce03dd3274,1479453377,0xE610000001040500000037B1FFFCD88E5EC0B5E16713CDBD42402FD34F03DC8E5EC0F4322C2DD0BD424007FB401EDD8E5EC033FE6EF3D0BD4240DF99D2C3D98E5EC03BEC32BACBBD424037B1FFFCD88E5EC0B5E16713CDBD424001000000020000000001000000FFFFFFFF0000000003,38b7995b-0e28-4f37-84a8-104b7f6f4a1a
3bb5d6c4-17d0-4088-a616-11ce03dd3274,1479453378,0xE6100000010408000000AA4E8C58DA8E5EC068D8AF77CEBD4240409ED232D88E5EC05DEA8C19CEBD424037B1FFFCD88E5EC0B5E16713CDBD4240AA4E8C58DA8E5EC068D8AF77CEBD4240AA4E8C58DA8E5EC068D8AF77CEBD4240DD55B114DB8E5EC00CC1E797CEBD42402FD34F03DC8E5EC0F4322C2DD0BD4240AA4E8C58DA8E5EC068D8AF77CEBD4240020000000200000000020400000003000000FFFFFFFF0000000006000000000000000003000000000100000003,38b7995b-0e28-4f37-84a8-104b7f6f4a1a
3bb5d6c4-17d0-4088-a616-11ce03dd3274,1479453379,0xE61000000104080000007245BC8FD88E5EC0DC087629CEBD4240F0D86386D78E5EC093AAF988CEBD4240409ED232D88E5EC05DEA8C19CEBD42407245BC8FD88E5EC0DC087629CEBD42407245BC8FD88E5EC0DC087629CEBD42405490AC92DA8E5EC031561A70CDBD4240DD55B114DB8E5EC00CC1E797CEBD42407245BC8FD88E5EC0DC087629CEBD4240020000000200000000020400000003000000FFFFFFFF0000000006000000000000000003000000000100000003,38b7995b-0e28-4f37-84a8-104b7f6f4a1a
3bb5d6c4-17d0-4088-a616-11ce03dd3274,1479453380,0xE6100000010405000000C63D3DFED68E5EC09D88ECC7CEBD4240C63D3DFED68E5EC09D88ECC7CEBD42405490AC92DA8E5EC031561A70CDBD4240F0D86386D78E5EC093AAF988CEBD4240C63D3DFED68E5EC09D88ECC7CEBD424001000000020000000001000000FFFFFFFF0000000003,38b7995b-0e28-4f37-84a8-104b7f6f4a1a
3bb5d6c4-17d0-4088-a616-11ce03dd3274,1479453381,0xE61000000104050000002922EF80D68E5EC069110D44CFBD4240806CDC72DA8E5EC0D4E08ADFCCBD4240C63D3DFED68E5EC09D88ECC7CEBD4240C63D3DFED68E5EC09D88ECC7CEBD42402922EF80D68E5EC069110D44CFBD424001000000020000000001000000FFFFFFFF0000000003,38b7995b-0e28-4f37-84a8-104b7f6f4a1a
3bb5d6c4-17d0-4088-a616-11ce03dd3274,1479453382,0xE61000000104050000008EC42B3BD68E5EC0F9BA2B26D0BD4240AF53BA40DA8E5EC0176C590BCDBD4240806CDC72DA8E5EC0D4E08ADFCCBD42402922EF80D68E5EC069110D44CFBD42408EC42B3BD68E5EC0F9BA2B26D0BD424001000000020000000001000000FFFFFFFF0000000003,38b7995b-0e28-4f37-84a8-104b7f6f4a1a
3bb5d6c4-17d0-4088-a616-11ce03dd3274,1479453383,0xE6100000010405000000C4921666D68E5EC079C8180CD1BD42401A47DA70D98E5EC062F53C29CEBD4240AF53BA40DA8E5EC0176C590BCDBD42408EC42B3BD68E5EC0F9BA2B26D0BD4240C4921666D68E5EC079C8180CD1BD424001000000020000000001000000FFFFFFFF0000000003,38b7995b-0e28-4f37-84a8-104b7f6f4a1a
3bb5d6c4-17d0-4088-a616-11ce03dd3274,1479453384,0xE610000001040800000042D8CFF0D88E5EC0BABEB7A2CEBD42406187FCD7D68E5EC0CE7E2E96D1BD4240C4921666D68E5EC079C8180CD1BD424042D8CFF0D88E5EC0BABEB7A2CEBD424042D8CFF0D88E5EC0BABEB7A2CEBD4240DAFF40F8D98E5EC08523FB2FCDBD42401A47DA70D98E5EC062F53C29CEBD424042D8CFF0D88E5EC0BABEB7A2CEBD4240020000000200000000020400000003000000FFFFFFFF0000000006000000000000000003000000000100000003,38b7995b-0e28-4f37-84a8-104b7f6f4a1a
3bb5d6c4-17d0-4088-a616-11ce03dd3274,1479453385,0xE610000001040500000071698B2FD78E5EC01B2068ADD1BD424071698B2FD78E5EC01B2068ADD1BD4240DAFF40F8D98E5EC08523FB2FCDBD42406187FCD7D68E5EC0CE7E2E96D1BD424071698B2FD78E5EC01B2068ADD1BD424001000000020000000001000000FFFFFFFF0000000003,38b7995b-0e28-4f37-84a8-104b7f6f4a1a
3bb5d6c4-17d0-4088-a616-11ce03dd3274,1479453387,0xE6100000010405000000CF1A4014D78E5EC031205FAAD1BD4240907346B1D68E5EC05081465CCEBD42404851C82ED78E5EC0BED7FEACD1BD42404851C82ED78E5EC0BED7FEACD1BD4240CF1A4014D78E5EC031205FAAD1BD424001000000020000000001000000FFFFFFFF0000000003,38b7995b-0e28-4f37-84a8-104b7f6f4a1a
3bb5d6c4-17d0-4088-a616-11ce03dd3274,1479453388,0xE6100000010405000000CF1A4014D78E5EC031205FAAD1BD4240907346B1D68E5EC05081465CCEBD4240A5DE0BE2D68E5EC0968724ACD1BD4240A5DE0BE2D68E5EC0968724ACD1BD4240CF1A4014D78E5EC031205FAAD1BD424001000000020000000001000000FFFFFFFF0000000003,38b7995b-0e28-4f37-84a8-104b7f6f4a1a
3bb5d6c4-17d0-4088-a616-11ce03dd3274,1479453389,0xE610000001040500000091530DE6D68E5EC0F78619ABD1BD4240F46F0859D68E5EC0F1597231CFBD4240A5DE0BE2D68E5EC0968724ACD1BD4240A5DE0BE2D68E5EC0968724ACD1BD424091530DE6D68E5EC0F78619ABD1BD424001000000020000000001000000FFFFFFFF0000000003,38b7995b-0e28-4f37-84a8-104b7f6f4a1a
3bb5d6c4-17d0-4088-a616-11ce03dd3274,1479453390,0xE6100000010405000000A857B014D78E5EC0002B1D96D1BD42400BEC4B90D68E5EC055BC8EBCCDBD4240F46F0859D68E5EC0F1597231CFBD424091530DE6D68E5EC0F78619ABD1BD4240A857B014D78E5EC0002B1D96D1BD424001000000020000000001000000FFFFFFFF0000000003,38b7995b-0e28-4f37-84a8-104b7f6f4a1a
3bb5d6c4-17d0-4088-a616-11ce03dd3274,1479453391,0xE61000000104050000004968F68AD78E5EC0CB025128D1BD42401F559E47D78E5EC0961CBA34CBBD42400BEC4B90D68E5EC055BC8EBCCDBD4240A857B014D78E5EC0002B1D96D1BD42404968F68AD78E5EC0CB025128D1BD424001000000020000000001000000FFFFFFFF0000000003,38b7995b-0e28-4f37-84a8-104b7f6f4a1a
3bb5d6c4-17d0-4088-a616-11ce03dd3274,1479453392,0xE61000000104050000006C02C735D88E5EC0973E6C31D0BD42403EFE8448D88E5EC0CEFC3EC1C8BD42401F559E47D78E5EC0961CBA34CBBD42404968F68AD78E5EC0CB025128D1BD42406C02C735D88E5EC0973E6C31D0BD424001000000020000000001000000FFFFFFFF0000000003,38b7995b-0e28-4f37-84a8-104b7f6f4a1a
3bb5d6c4-17d0-4088-a616-11ce03dd3274,1479453393,0xE6100000010405000000ECE0DB0CD98E5EC087CF57CBCEBD4240F2940060D98E5EC0D1441AF8C5BD42403EFE8448D88E5EC0CEFC3EC1C8BD42406C02C735D88E5EC0973E6C31D0BD4240ECE0DB0CD98E5EC087CF57CBCEBD424001000000020000000001000000FFFFFFFF0000000003,38b7995b-0e28-4f37-84a8-104b7f6f4a1a
3bb5d6c4-17d0-4088-a616-11ce03dd3274,1479453394,0xE6100000010405000000F3EE8B06DA8E5EC09E390617CDBD4240748F41E8DA8E5EC0A88781B5C2BD4240F2940060D98E5EC0D1441AF8C5BD4240ECE0DB0CD98E5EC087CF57CBCEBD4240F3EE8B06DA8E5EC09E390617CDBD424001000000020000000001000000FFFFFFFF0000000003,38b7995b-0e28-4f37-84a8-104b7f6f4a1a
3bb5d6c4-17d0-4088-a616-11ce03dd3274,1479453395,0xE610000001040500000055E6401ADB8E5EC0634EB834CBBD4240AD7AD178DC8E5EC08FD8FF2EBFBD4240748F41E8DA8E5EC0A88781B5C2BD4240F3EE8B06DA8E5EC09E390617CDBD424055E6401ADB8E5EC0634EB834CBBD424001000000020000000001000000FFFFFFFF0000000003,38b7995b-0e28-4f37-84a8-104b7f6f4a1a
3bb5d6c4-17d0-4088-a616-11ce03dd3274,1479453396,0xE6100000010405000000579E5133DC8E5EC0F7490054C9BD424095BD9C44DE8E5EC09177428EBCBD4240AD7AD178DC8E5EC08FD8FF2EBFBD424055E6401ADB8E5EC0634EB834CBBD4240579E5133DC8E5EC0F7490054C9BD424001000000020000000001000000FFFFFFFF0000000003,38b7995b-0e28-4f37-84a8-104b7f6f4a1a
3bb5d6c4-17d0-4088-a616-11ce03dd3274,1479453397,0xE61000000104050000005F5A1846DD8E5EC0FBE67772C7BD4240A5F15B7FE08E5EC012A99ACEBABD424095BD9C44DE8E5EC09177428EBCBD4240579E5133DC8E5EC0F7490054C9BD42405F5A1846DD8E5EC0FBE67772C7BD424001000000020000000001000000FFFFFFFF0000000003,38b7995b-0e28-4f37-84a8-104b7f6f4a1a
3bb5d6c4-17d0-4088-a616-11ce03dd3274,1479453398,0xE6100000010405000000F47F4655DE8E5EC0EDA0F696C5BD4240DD846873E28E5EC066B1A3F0B5BD4240A5F15B7FE08E5EC012A99ACEBABD42405F5A1846DD8E5EC0FBE67772C7BD4240F47F4655DE8E5EC0EDA0F696C5BD424001000000020000000001000000FFFFFFFF0000000003,38b7995b-0e28-4f37-84a8-104b7f6f4a1a
3bb5d6c4-17d0-4088-a616-11ce03dd3274,1479453399,0xE6100000010408000000A13B4878E18E5EC034EE10ABB9BD42403404585CDF8E5EC00CBC51C1C3BD4240F47F4655DE8E5EC0EDA0F696C5BD4240A13B4878E18E5EC034EE10ABB9BD4240A13B4878E18E5EC034EE10ABB9BD424074C9C51EE48E5EC0B12630FEACBD4240DD846873E28E5EC066B1A3F0B5BD4240A13B4878E18E5EC034EE10ABB9BD4240020000000200000000020400000003000000FFFFFFFF0000000006000000000000000003000000000100000003,38b7995b-0e28-4f37-84a8-104b7f6f4a1a
3bb5d6c4-17d0-4088-a616-11ce03dd3274,1479453400,0xE61000000104080000000AD38AF0E18E5EC0C32BEC6BB7BD42407B426465E08E5EC03B2B05D7C1BD42403404585CDF8E5EC00CBC51C1C3BD42400AD38AF0E18E5EC0C32BEC6BB7BD42400AD38AF0E18E5EC0C32BEC6BB7BD42403A08E569E48E5EC04BB110B9A6BD424074C9C51EE48E5EC0B12630FEACBD42400AD38AF0E18E5EC0C32BEC6BB7BD4240020000000200000000020400000003000000FFFFFFFF0000000006000000000000000003000000000100000003,38b7995b-0e28-4f37-84a8-104b7f6f4a1a
3bb5d6c4-17d0-4088-a616-11ce03dd3274,1479453401,0xE610000001040800000070FB062EE28E5EC052D8ECCCB5BD4240AF94E46EE18E5EC0801E42DEBFBD42407B426465E08E5EC03B2B05D7C1BD424070FB062EE28E5EC052D8ECCCB5BD424070FB062EE28E5EC052D8ECCCB5BD424068F42FAAE38E5EC07C96B1C6A1BD42403A08E569E48E5EC04BB110B9A6BD424070FB062EE28E5EC052D8ECCCB5BD4240020000000200000000020400000003000000FFFFFFFF0000000006000000000000000003000000000100000003,38b7995b-0e28-4f37-84a8-104b7f6f4a1a
3bb5d6c4-17d0-4088-a616-11ce03dd3274,1479453402,0xE610000001040800000049F876FAE28E5EC0EB453508ABBD4240711DED7FE28E5EC0994553DCBDBD4240AF94E46EE18E5EC0801E42DEBFBD424049F876FAE28E5EC0EB453508ABBD424049F876FAE28E5EC0EB453508ABBD4240BF1DD14CE38E5EC0DDC8D7609EBD424068F42FAAE38E5EC07C96B1C6A1BD424049F876FAE28E5EC0EB453508ABBD4240020000000200000000020400000003000000FFFFFFFF0000000006000000000000000003000000000100000003,38b7995b-0e28-4f37-84a8-104b7f6f4a1a
3bb5d6c4-17d0-4088-a616-11ce03dd3274,1479453403,0xE6100000010405000000A04720A0E38E5EC0A11237D1BBBD4240C24A0EDEE38E5EC0EF4DBAF99BBD4240BF1DD14CE38E5EC0DDC8D7609EBD4240711DED7FE28E5EC0994553DCBDBD4240A04720A0E38E5EC0A11237D1BBBD424001000000020000000001000000FFFFFFFF0000000003,38b7995b-0e28-4f37-84a8-104b7f6f4a1a
3bb5d6c4-17d0-4088-a616-11ce03dd3274,1479453404,0xE6100000010405000000AB46B2C9E48E5EC030307ABDB9BD424092F14F90E48E5EC0A6FE669F99BD4240C24A0EDEE38E5EC0EF4DBAF99BBD4240A04720A0E38E5EC0A11237D1BBBD4240AB46B2C9E48E5EC030307ABDB9BD424001000000020000000001000000FFFFFFFF0000000003,38b7995b-0e28-4f37-84a8-104b7f6f4a1a
3bb5d6c4-17d0-4088-a616-11ce03dd3274,1479453405,0xE61000000104050000007C0326FDE58E5EC005583195B7BD4240C47E33E4E58E5EC04D9BCD7497BD424092F14F90E48E5EC0A6FE669F99BD4240AB46B2C9E48E5EC030307ABDB9BD42407C0326FDE58E5EC005583195B7BD424001000000020000000001000000FFFFFFFF0000000003,38b7995b-0e28-4f37-84a8-104b7f6f4a1a
3bb5d6c4-17d0-4088-a616-11ce03dd3274,1479453406,0xE6100000010405000000EDABFA37E78E5EC05A15F464B5BD42402D46C51AE88E5EC0FA4D3A1796BD4240C47E33E4E58E5EC04D9BCD7497BD42407C0326FDE58E5EC005583195B7BD4240EDABFA37E78E5EC05A15F464B5BD424001000000020000000001000000FFFFFFFF0000000003,38b7995b-0e28-4f37-84a8-104b7f6f4a1a
3bb5d6c4-17d0-4088-a616-11ce03dd3274,1479453407,0xE610000001040500000065B88C77E88E5EC0B7E5392AB3BD4240D12DF825EA8E5EC096C7E4BF93BD42402D46C51AE88E5EC0FA4D3A1796BD4240EDABFA37E78E5EC05A15F464B5BD424065B88C77E88E5EC0B7E5392AB3BD424001000000020000000001000000FFFFFFFF0000000003,38b7995b-0e28-4f37-84a8-104b7f6f4a1a
3bb5d6c4-17d0-4088-a616-11ce03dd3274,1479453408,0xE610000001040500000062D086BEE98E5EC066F771E5B0BD4240502D78A8EB8E5EC0A984234491BD4240D12DF825EA8E5EC096C7E4BF93BD424065B88C77E88E5EC0B7E5392AB3BD424062D086BEE98E5EC066F771E5B0BD424001000000020000000001000000FFFFFFFF0000000003,38b7995b-0e28-4f37-84a8-104b7f6f4a1a
3bb5d6c4-17d0-4088-a616-11ce03dd3274,1479453409,0xE61000000104050000008868C00DEB8E5EC0ADA11297AEBD424012AF8B88EC8E5EC0D5DD3EC28FBD4240502D78A8EB8E5EC0A984234491BD424062D086BEE98E5EC066F771E5B0BD42408868C00DEB8E5EC0ADA11297AEBD424001000000020000000001000000FFFFFFFF0000000003,38b7995b-0e28-4f37-84a8-104b7f6f4a1a
3bb5d6c4-17d0-4088-a616-11ce03dd3274,1479453410,0xE6100000010405000000BAD1F45FEC8E5EC070A8084BACBD4240013EEA2BED8E5EC0D37CE5AC8DBD424012AF8B88EC8E5EC0D5DD3EC28FBD42408868C00DEB8E5EC0ADA11297AEBD4240BAD1F45FEC8E5EC070A8084BACBD424001000000020000000001000000FFFFFFFF0000000003,38b7995b-0e28-4f37-84a8-104b7f6f4a1a
3bb5d6c4-17d0-4088-a616-11ce03dd3274,1479453411,0xE61000000104050000009F8654A7ED8E5EC009EF4B17AABD42403A255EC4ED8E5EC0AC9E7C2B8DBD4240013EEA2BED8E5EC0D37CE5AC8DBD4240BAD1F45FEC8E5EC070A8084BACBD42409F8654A7ED8E5EC009EF4B17AABD424001000000020000000001000000FFFFFFFF0000000003,38b7995b-0e28-4f37-84a8-104b7f6f4a1a
3bb5d6c4-17d0-4088-a616-11ce03dd3274,1479453412,0xE61000000104050000002B42FDE7EE8E5EC0800FA9EDA7BD4240D154C505EE8E5EC08A201BB38BBD42403A255EC4ED8E5EC0AC9E7C2B8DBD42409F8654A7ED8E5EC009EF4B17AABD42402B42FDE7EE8E5EC0800FA9EDA7BD424001000000020000000001000000FFFFFFFF0000000003,38b7995b-0e28-4f37-84a8-104b7f6f4a1a
3bb5d6c4-17d0-4088-a616-11ce03dd3274,1479453413,0xE610000001040800000025F95A3FEE8E5EC0E13CA5E292BD4240CDA3D81CF08E5EC0D1E83FD6A5BD42402B42FDE7EE8E5EC0800FA9EDA7BD424025F95A3FEE8E5EC0E13CA5E292BD424025F95A3FEE8E5EC0E13CA5E292BD4240213C7E9BED8E5EC0A8FBB3618CBD4240D154C505EE8E5EC08A201BB38BBD424025F95A3FEE8E5EC0E13CA5E292BD4240020000000200000000020400000003000000FFFFFFFF0000000006000000000000000003000000000100000003,38b7995b-0e28-4f37-84a8-104b7f6f4a1a
3bb5d6c4-17d0-4088-a616-11ce03dd3274,1479453414,0xE6100000010408000000BC88F722EE8E5EC0288A33C291BD42409B98642AF18E5EC0C90A39FCA3BD4240CDA3D81CF08E5EC0D1E83FD6A5BD4240BC88F722EE8E5EC0288A33C291BD4240BC88F722EE8E5EC0288A33C291BD42402A8435EDED8E5EC02F74B87E90BD4240213C7E9BED8E5EC0A8FBB3618CBD4240BC88F722EE8E5EC0288A33C291BD4240020000000200000000020400000003000000FFFFFFFF0000000006000000000000000003000000000100000003,38b7995b-0e28-4f37-84a8-104b7f6f4a1a
3bb5d6c4-17d0-4088-a616-11ce03dd3274,1479453415,0xE6100000010405000000BA60AA0BF28E5EC0179AB18DA2BD4240F5F6E3A5EE8E5EC00CC2DB2B92BD42402A8435EDED8E5EC02F74B87E90BD42409B98642AF18E5EC0C90A39FCA3BD4240BA60AA0BF28E5EC0179AB18DA2BD424001000000020000000001000000FFFFFFFF0000000003,38b7995b-0e28-4f37-84a8-104b7f6f4a1a
3bb5d6c4-17d0-4088-a616-11ce03dd3274,1479453416,0xE610000001040500000043007EDCF28E5EC0B469109EA1BD424070823020EF8E5EC0CC61D0AB92BD4240F5F6E3A5EE8E5EC00CC2DB2B92BD4240BA60AA0BF28E5EC0179AB18DA2BD424043007EDCF28E5EC0B469109EA1BD424001000000020000000001000000FFFFFFFF0000000003,38b7995b-0e28-4f37-84a8-104b7f6f4a1a
3bb5d6c4-17d0-4088-a616-11ce03dd3274,1479453417,0xE610000001040500000046CD56C3F38E5EC0032FC8F8A0BD424005A648F9F08E5EC06A71E78D96BD424070823020EF8E5EC0CC61D0AB92BD424043007EDCF28E5EC0B469109EA1BD424046CD56C3F38E5EC0032FC8F8A0BD424001000000020000000001000000FFFFFFFF0000000003,38b7995b-0e28-4f37-84a8-104b7f6f4a1a
3bb5d6c4-17d0-4088-a616-11ce03dd3274,1479453418,0xE610000001040500000099B4748CF48E5EC06AED4219A0BD4240C53A4986F38E5EC09D05D5ED9BBD424005A648F9F08E5EC06A71E78D96BD424046CD56C3F38E5EC0032FC8F8A0BD424099B4748CF48E5EC06AED4219A0BD424001000000020000000001000000FFFFFFFF0000000003,38b7995b-0e28-4f37-84a8-104b7f6f4a1a
3bb5d6c4-17d0-4088-a616-11ce03dd3274,1479453419,0xE610000001040500000078845BDBF48E5EC089042FC69EBD424078845BDBF48E5EC089042FC69EBD4240C53A4986F38E5EC09D05D5ED9BBD424099B4748CF48E5EC06AED4219A0BD424078845BDBF48E5EC089042FC69EBD424001000000020000000001000000FFFFFFFF0000000003,38b7995b-0e28-4f37-84a8-104b7f6f4a1a
3bb5d6c4-17d0-4088-a616-11ce03dd3274,1479453421,0xE610000001040500000077972BA5F38E5EC040F0D45B9DBD4240C86F799BF38E5EC0E26DAB9A9CBD4240F1A4BF76F48E5EC00FAF14979DBD4240F1A4BF76F48E5EC00FAF14979DBD424077972BA5F38E5EC040F0D45B9DBD424001000000020000000001000000FFFFFFFF0000000003,38b7995b-0e28-4f37-84a8-104b7f6f4a1a
3bb5d6c4-17d0-4088-a616-11ce03dd3274,1479453422,0xE610000001040500000077972BA5F38E5EC040F0D45B9DBD4240C86F799BF38E5EC0E26DAB9A9CBD4240E839F3EDF28E5EC0B1EB418B9CBD4240A8D1A1FCF28E5EC00D8050329EBD424077972BA5F38E5EC040F0D45B9DBD424001000000020000000001000000FFFFFFFF0000000003,38b7995b-0e28-4f37-84a8-104b7f6f4a1a
3bb5d6c4-17d0-4088-a616-11ce03dd3274,1479453423,0xE6100000010405000000A8D1A1FCF28E5EC00D8050329EBD4240E839F3EDF28E5EC0B1EB418B9CBD42406CA2307BF28E5EC0C8C6E2909DBD424015C68380F28E5EC0078216829FBD4240A8D1A1FCF28E5EC00D8050329EBD424001000000020000000001000000FFFFFFFF0000000003,38b7995b-0e28-4f37-84a8-104b7f6f4a1a
3bb5d6c4-17d0-4088-a616-11ce03dd3274,1479453424,0xE610000001040500000015C68380F28E5EC0078216829FBD42406CA2307BF28E5EC0C8C6E2909DBD4240FB099BCCF18E5EC05D71E001A1BD4240FB099BCCF18E5EC05D71E001A1BD424015C68380F28E5EC0078216829FBD424001000000020000000001000000FFFFFFFF0000000003,38b7995b-0e28-4f37-84a8-104b7f6f4a1a
3bb5d6c4-17d0-4088-a616-11ce03dd3274,1479453432,0xE6100000010405000000FF3AFDBFE98E5EC06800D12FAFBD4240D9000F82EA8E5EC011165369B9BD4240058E65D0EA8E5EC0E85EC24EADBD4240058E65D0EA8E5EC0E85EC24EADBD4240FF3AFDBFE98E5EC06800D12FAFBD424001000000020000000001000000FFFFFFFF0000000003,38b7995b-0e28-4f37-84a8-104b7f6f4a1a
3bb5d6c4-17d0-4088-a616-11ce03dd3274,1479453433,0xE610000001040800000044DAE640EA8E5EC0D7D485FAB5BD4240B9EAADB2E88E5EC074A69D0FB1BD4240FF3AFDBFE98E5EC06800D12FAFBD424044DAE640EA8E5EC0D7D485FAB5BD424044DAE640EA8E5EC0D7D485FAB5BD4240EEDF3EDAEC8E5EC00493E231BEBD4240D9000F82EA8E5EC011165369B9BD424044DAE640EA8E5EC0D7D485FAB5BD4240020000000200000000020400000003000000FFFFFFFF0000000006000000000000000003000000000100000003,38b7995b-0e28-4f37-84a8-104b7f6f4a1a
3bb5d6c4-17d0-4088-a616-11ce03dd3274,1479453434,0xE6100000010408000000EAC5E987EB8E5EC0562B4F04BABD42401E256AABE78E5EC034D22AE6B2BD4240B9EAADB2E88E5EC074A69D0FB1BD4240EAC5E987EB8E5EC0562B4F04BABD4240EAC5E987EB8E5EC0562B4F04BABD4240C448C445EE8E5EC0E3F01012BFBD4240EEDF3EDAEC8E5EC00493E231BEBD4240EAC5E987EB8E5EC0562B4F04BABD4240020000000200000000020400000003000000FFFFFFFF0000000006000000000000000003000000000100000003,38b7995b-0e28-4f37-84a8-104b7f6f4a1a
3bb5d6c4-17d0-4088-a616-11ce03dd3274,1479453435,0xE61000000104050000007BF0C09EE68E5EC07D908EB8B4BD42400271C248EE8E5EC025A0A0FFC0BD4240C448C445EE8E5EC0E3F01012BFBD42401E256AABE78E5EC034D22AE6B2BD42407BF0C09EE68E5EC07D908EB8B4BD424001000000020000000001000000FFFFFFFF0000000003,38b7995b-0e28-4f37-84a8-104b7f6f4a1a
3bb5d6c4-17d0-4088-a616-11ce03dd3274,1479453436,0xE61000000104050000006C23698FE58E5EC0A9694488B6BD42400E85A284EF8E5EC075EC1DE0C4BD42400271C248EE8E5EC025A0A0FFC0BD42407BF0C09EE68E5EC07D908EB8B4BD42406C23698FE58E5EC0A9694488B6BD424001000000020000000001000000FFFFFFFF0000000003,38b7995b-0e28-4f37-84a8-104b7f6f4a1a
3bb5d6c4-17d0-4088-a616-11ce03dd3274,1479453437,0xE61000000104050000006C2F0E83E48E5EC03B7B2B52B8BD4240253C2DC3F38E5EC0165B66CDC9BD42400E85A284EF8E5EC075EC1DE0C4BD42406C23698FE58E5EC0A9694488B6BD42406C2F0E83E48E5EC03B7B2B52B8BD424001000000020000000001000000FFFFFFFF0000000003,38b7995b-0e28-4f37-84a8-104b7f6f4a1a
3bb5d6c4-17d0-4088-a616-11ce03dd3274,1479453438,0xE61000000104080000006585C29AED8E5EC00D0F61BEC2BD424011221B81E38E5EC071055518BABD42406C2F0E83E48E5EC03B7B2B52B8BD42406585C29AED8E5EC00D0F61BEC2BD42406585C29AED8E5EC00D0F61BEC2BD424051E9A9D6F78E5EC0F7F8C081CBBD4240253C2DC3F38E5EC0165B66CDC9BD42406585C29AED8E5EC00D0F61BEC2BD4240020000000200000000020400000003000000FFFFFFFF0000000006000000000000000003000000000100000003,38b7995b-0e28-4f37-84a8-104b7f6f4a1a
3bb5d6c4-17d0-4088-a616-11ce03dd3274,1479453439,0xE6100000010408000000C8DE8FE6EA8E5EC090BEA96DC0BD4240B9AF888DE28E5EC0987764CABBBD424011221B81E38E5EC071055518BABD4240C8DE8FE6EA8E5EC090BEA96DC0BD4240C8DE8FE6EA8E5EC090BEA96DC0BD424043EB2866F78E5EC0A23B445FC7BD424051E9A9D6F78E5EC0F7F8C081CBBD4240C8DE8FE6EA8E5EC090BEA96DC0BD4240020000000200000000020400000003000000FFFFFFFF0000000006000000000000000003000000000100000003,38b7995b-0e28-4f37-84a8-104b7f6f4a1a
3bb5d6c4-17d0-4088-a616-11ce03dd3274,1479453440,0xE610000001040800000030BF320DF48E5EC08DE12983C5BD42404F2802AEE18E5EC053CA1AEEBCBD4240B9AF888DE28E5EC0987764CABBBD424030BF320DF48E5EC08DE12983C5BD424030BF320DF48E5EC08DE12983C5BD4240D646ABFCF68E5EC0FC1835E2C6BD424043EB2866F78E5EC0A23B445FC7BD424030BF320DF48E5EC08DE12983C5BD4240020000000200000000020400000003000000FFFFFFFF0000000006000000000000000003000000000100000003,38b7995b-0e28-4f37-84a8-104b7f6f4a1a
3bb5d6c4-17d0-4088-a616-11ce03dd3274,1479453441,0xE610000001040500000020597DDAE08E5EC042981B50BDBD42407C0D582DF68E5EC036C8B442C9BD4240D646ABFCF68E5EC0FC1835E2C6BD42404F2802AEE18E5EC053CA1AEEBCBD424020597DDAE08E5EC042981B50BDBD424001000000020000000001000000FFFFFFFF0000000003,38b7995b-0e28-4f37-84a8-104b7f6f4a1a
3bb5d6c4-17d0-4088-a616-11ce03dd3274,1479453442,0xE61000000104050000002EEF210DE08E5EC0DC07D99ABDBD4240DBEF11ABF48E5EC0069F60E6CABD42407C0D582DF68E5EC036C8B442C9BD424020597DDAE08E5EC042981B50BDBD42402EEF210DE08E5EC0DC07D99ABDBD424001000000020000000001000000FFFFFFFF0000000003,38b7995b-0e28-4f37-84a8-104b7f6f4a1a
3bb5d6c4-17d0-4088-a616-11ce03dd3274,1479453443,0xE61000000104080000004378DEA6E98E5EC07A41BECBC3BD4240BAFF0C75DF8E5EC0E63EE15FBEBD42402EEF210DE08E5EC0DC07D99ABDBD42404378DEA6E98E5EC07A41BECBC3BD42404378DEA6E98E5EC07A41BECBC3BD4240ED8DE5A2F28E5EC0FC48DD92C8BD4240DBEF11ABF48E5EC0069F60E6CABD42404378DEA6E98E5EC07A41BECBC3BD4240020000000200000000020400000003000000FFFFFFFF0000000006000000000000000003000000000100000003,38b7995b-0e28-4f37-84a8-104b7f6f4a1a
3bb5d6c4-17d0-4088-a616-11ce03dd3274,1479453444,0xE6100000010408000000561310A3E48E5EC016A30821C1BD424093E30B60DF8E5EC0A416FF84BFBD4240BAFF0C75DF8E5EC0E63EE15FBEBD4240561310A3E48E5EC016A30821C1BD4240561310A3E48E5EC016A30821C1BD4240A000061DEE8E5EC033AB1B07C4BD4240ED8DE5A2F28E5EC0FC48DD92C8BD4240561310A3E48E5EC016A30821C1BD4240020000000200000000020400000003000000FFFFFFFF0000000006000000000000000003000000000100000003,38b7995b-0e28-4f37-84a8-104b7f6f4a1a
3bb5d6c4-17d0-4088-a616-11ce03dd3274,1479453445,0xE6100000010408000000AC468AEEE18E5EC0BAE2324DC0BD424019BB37DADF8E5EC04B98E85BC0BD424093E30B60DF8E5EC0A416FF84BFBD4240AC468AEEE18E5EC0BAE2324DC0BD4240AC468AEEE18E5EC0BAE2324DC0BD4240F21AABBFE88E5EC09FA6F91CC0BD4240A000061DEE8E5EC033AB1B07C4BD4240AC468AEEE18E5EC0BAE2324DC0BD4240020000000200000000020400000003000000FFFFFFFF0000000006000000000000000003000000000100000003,38b7995b-0e28-4f37-84a8-104b7f6f4a1a
3bb5d6c4-17d0-4088-a616-11ce03dd3274,1479453446,0xE610000001040500000085ABA19AE08E5EC04B24B676C0BD424085ABA19AE08E5EC04B24B676C0BD4240F21AABBFE88E5EC09FA6F91CC0BD424019BB37DADF8E5EC04B98E85BC0BD424085ABA19AE08E5EC04B24B676C0BD424001000000020000000001000000FFFFFFFF0000000003,38b7995b-0e28-4f37-84a8-104b7f6f4a1a
3bb5d6c4-17d0-4088-a616-11ce03dd3274,1479453449,0xE6100000010405000000C0FE4D08E18E5EC0415F339ABDBD4240C5DD1E6FE18E5EC0224B820BBDBD424028EF1E6DE18E5EC0FE98E49FBEBD424028EF1E6DE18E5EC0FE98E49FBEBD4240C0FE4D08E18E5EC0415F339ABDBD424001000000020000000001000000FFFFFFFF0000000003,38b7995b-0e28-4f37-84a8-104b7f6f4a1a
3bb5d6c4-17d0-4088-a616-11ce03dd3274,1479453450,0xE6100000010405000000C0FE4D08E18E5EC0415F339ABDBD4240C5DD1E6FE18E5EC0224B820BBDBD424064610E57E08E5EC01582525CBDBD424064610E57E08E5EC01582525CBDBD4240C0FE4D08E18E5EC0415F339ABDBD424001000000020000000001000000FFFFFFFF0000000003,38b7995b-0e28-4f37-84a8-104b7f6f4a1a
3bb5d6c4-17d0-4088-a616-11ce03dd3274,1479453455,0xE6100000010405000000A07868E2DD8E5EC07D57FF39C4BD42405FB30705DE8E5EC04DE52E8AC4BD4240FD7408C3DE8E5EC0B288FA73C2BD4240FD7408C3DE8E5EC0B288FA73C2BD4240A07868E2DD8E5EC07D57FF39C4BD424001000000020000000001000000FFFFFFFF0000000003,38b7995b-0e28-4f37-84a8-104b7f6f4a1a
3bb5d6c4-17d0-4088-a616-11ce03dd3274,1479453456,0xE610000001040500000019B4BFE1DC8E5EC061C6D206C6BD42406581F90CDE8E5EC0A1FF9674C8BD42405FB30705DE8E5EC04DE52E8AC4BD4240A07868E2DD8E5EC07D57FF39C4BD424019B4BFE1DC8E5EC061C6D206C6BD424001000000020000000001000000FFFFFFFF0000000003,38b7995b-0e28-4f37-84a8-104b7f6f4a1a
3bb5d6c4-17d0-4088-a616-11ce03dd3274,1479453457,0xE6100000010405000000D2FBB6E0DB8E5EC0CC794FCAC7BD42406FAB8E98DE8E5EC0DF8C8EEBCCBD42406581F90CDE8E5EC0A1FF9674C8BD424019B4BFE1DC8E5EC061C6D206C6BD4240D2FBB6E0DB8E5EC0CC794FCAC7BD424001000000020000000001000000FFFFFFFF0000000003,38b7995b-0e28-4f37-84a8-104b7f6f4a1a
3bb5d6c4-17d0-4088-a616-11ce03dd3274,1479453458,0xE6100000010405000000AC884CE2DA8E5EC0D319AB85C9BD42407A6409EADD8E5EC0CB42ECFBCEBD42406FAB8E98DE8E5EC0DF8C8EEBCCBD4240D2FBB6E0DB8E5EC0CC794FCAC7BD4240AC884CE2DA8E5EC0D319AB85C9BD424001000000020000000001000000FFFFFFFF0000000003,38b7995b-0e28-4f37-84a8-104b7f6f4a1a
3bb5d6c4-17d0-4088-a616-11ce03dd3274,1479453459,0xE6100000010405000000F1E47AF8D98E5EC00E44B61CCBBD424070FF7166DC8E5EC019A99890CEBD42407A6409EADD8E5EC0CB42ECFBCEBD4240AC884CE2DA8E5EC0D319AB85C9BD4240F1E47AF8D98E5EC00E44B61CCBBD424001000000020000000001000000FFFFFFFF0000000003,38b7995b-0e28-4f37-84a8-104b7f6f4a1a
3bb5d6c4-17d0-4088-a616-11ce03dd3274,1479453460,0xE61000000104050000006A997724D98E5EC0B9800471CCBD4240825E190BDB8E5EC0F1A60BE2CDBD424070FF7166DC8E5EC019A99890CEBD4240F1E47AF8D98E5EC00E44B61CCBBD42406A997724D98E5EC0B9800471CCBD424001000000020000000001000000FFFFFFFF0000000003,38b7995b-0e28-4f37-84a8-104b7f6f4a1a
3bb5d6c4-17d0-4088-a616-11ce03dd3274,1479453461,0xE6100000010405000000D0044256D88E5EC05E10F453CDBD42401D2B1C42DA8E5EC0B0B9A088CDBD4240825E190BDB8E5EC0F1A60BE2CDBD42406A997724D98E5EC0B9800471CCBD4240D0044256D88E5EC05E10F453CDBD424001000000020000000001000000FFFFFFFF0000000003,38b7995b-0e28-4f37-84a8-104b7f6f4a1a
3bb5d6c4-17d0-4088-a616-11ce03dd3274,1479453462,0xE6100000010408000000731ECA0BDA8E5EC03878CF82CDBD4240731FE5AED78E5EC0113705C8CDBD4240D0044256D88E5EC05E10F453CDBD4240731ECA0BDA8E5EC03878CF82CDBD4240731ECA0BDA8E5EC03878CF82CDBD4240610CE898DA8E5EC0C010AA72CDBD42401D2B1C42DA8E5EC0B0B9A088CDBD4240731ECA0BDA8E5EC03878CF82CDBD4240020000000200000000020400000003000000FFFFFFFF0000000006000000000000000003000000000100000003,38b7995b-0e28-4f37-84a8-104b7f6f4a1a
3bb5d6c4-17d0-4088-a616-11ce03dd3274,1479453463,0xE610000001040800000048F8FC17D98E5EC01891B49ECDBD4240D91FD826D78E5EC00CF31109CEBD4240731FE5AED78E5EC0113705C8CDBD424048F8FC17D98E5EC01891B49ECDBD424048F8FC17D98E5EC01891B49ECDBD42407AD80573DB8E5EC02A60AF1DCDBD4240610CE898DA8E5EC0C010AA72CDBD424048F8FC17D98E5EC01891B49ECDBD4240020000000200000000020400000003000000FFFFFFFF0000000006000000000000000003000000000100000003,38b7995b-0e28-4f37-84a8-104b7f6f4a1a
3bb5d6c4-17d0-4088-a616-11ce03dd3274,1479453464,0xE6100000010408000000BDDCD46DD78E5EC099DCE1F9CDBD42405C812E9BD68E5EC041053959CEBD4240D91FD826D78E5EC00CF31109CEBD4240BDDCD46DD78E5EC099DCE1F9CDBD4240BDDCD46DD78E5EC099DCE1F9CDBD42402FBAFC57DC8E5EC0C65B70C0CBBD42407AD80573DB8E5EC02A60AF1DCDBD4240BDDCD46DD78E5EC099DCE1F9CDBD4240020000000200000000020400000003000000FFFFFFFF0000000006000000000000000003000000000100000003,38b7995b-0e28-4f37-84a8-104b7f6f4a1a
3bb5d6c4-17d0-4088-a616-11ce03dd3274,1479453465,0xE6100000010408000000601E26EBD78E5EC0EBD429C1CDBD4240EAC01F52D68E5EC036C25CC5CEBD42405C812E9BD68E5EC041053959CEBD4240601E26EBD78E5EC0EBD429C1CDBD4240601E26EBD78E5EC0EBD429C1CDBD42404620B0B5DC8E5EC03542E8B4CABD42402FBAFC57DC8E5EC0C65B70C0CBBD4240601E26EBD78E5EC0EBD429C1CDBD4240020000000200000000020400000003000000FFFFFFFF0000000006000000000000000003000000000100000003,38b7995b-0e28-4f37-84a8-104b7f6f4a1a
3bb5d6c4-17d0-4088-a616-11ce03dd3274,1479453466,0xE6100000010408000000CBE85A50D98E5EC040BAEDDDCCBD42409E819E3FD68E5EC088EF04FACEBD4240EAC01F52D68E5EC036C25CC5CEBD4240CBE85A50D98E5EC040BAEDDDCCBD4240CBE85A50D98E5EC040BAEDDDCCBD4240AB10BC55DC8E5EC0026BA7C9CABD42404620B0B5DC8E5EC03542E8B4CABD4240CBE85A50D98E5EC040BAEDDDCCBD4240020000000200000000020400000003000000FFFFFFFF0000000006000000000000000003000000000100000003,38b7995b-0e28-4f37-84a8-104b7f6f4a1a
