AnalyzerId,EpochTime,GpsTime,GpsLatitude,GpsLongitude,GpsFit,GPSLatitudeUncertainty,GPSLongitudeUncertainty
34A34021-8814-8A01-9183-39D4B4DE03BE,1455925769,85760,37.41174744,-121.9775809,2,NULL,NULL
34A34021-8814-8A01-9183-39D4B4DE03BE,1455925770,85761,37.41191672,-121.9775754,2,NULL,NULL
34A34021-8814-8A01-9183-39D4B4DE03BE,1455925771,85762,37.4120879,-121.9775701,2,NULL,NULL
34A34021-8814-8A01-9183-39D4B4DE03BE,1455925772,85763,37.41226059,-121.9775664,2,NULL,NULL
34A34021-8814-8A01-9183-39D4B4DE03BE,1455925773,85764,37.41243353,-121.977563,2,NULL,NULL
34A34021-8814-8A01-9183-39D4B4DE03BE,1455925774,85765,37.41260645,-121.9775581,2,NULL,NULL
34A34021-8814-8A01-9183-39D4B4DE03BE,1455925775,85766,37.41278018,-121.977553,2,NULL,NULL
34A34021-8814-8A01-9183-39D4B4DE03BE,1455925776,85767,37.41295208,-121.9775487,2,NULL,NULL
34A34021-8814-8A01-9183-39D4B4DE03BE,1455925777,85768,37.41312097,-121.9775448,2,NULL,NULL
34A34021-8814-8A01-9183-39D4B4DE03BE,1455925778,85769,37.41328652,-121.977541,2,NULL,NULL
34A34021-8814-8A01-9183-39D4B4DE03BE,1455925779,85770,37.41344989,-121.9775367,2,NULL,NULL
34A34021-8814-8A01-9183-39D4B4DE03BE,1455925780,85771,37.41361233,-121.9775322,2,NULL,NULL
34A34021-8814-8A01-9183-39D4B4DE03BE,1455925781,85772,37.41377262,-121.9775275,2,NULL,NULL
34A34021-8814-8A01-9183-39D4B4DE03BE,1455925782,85773,37.4139302,-121.977523,2,NULL,NULL
34A34021-8814-8A01-9183-39D4B4DE03BE,1455925783,85774,37.41408583,-121.9775188,2,NULL,NULL
34A34021-8814-8A01-9183-39D4B4DE03BE,1455925784,85775,37.41424243,-121.9775156,2,NULL,NULL
34A34021-8814-8A01-9183-39D4B4DE03BE,1455925785,85776,37.41440121,-121.9775131,2,NULL,NULL
34A34021-8814-8A01-9183-39D4B4DE03BE,1455925786,85777,37.41455896,-121.9775099,2,NULL,NULL
34A34021-8814-8A01-9183-39D4B4DE03BE,1455925787,85778,37.41471334,-121.9775059,2,NULL,NULL
34A34021-8814-8A01-9183-39D4B4DE03BE,1455925788,85779,37.41486326,-121.9775018,2,NULL,NULL
34A34021-8814-8A01-9183-39D4B4DE03BE,1455925789,85780,37.41500907,-121.9774969,2,NULL,NULL
34A34021-8814-8A01-9183-39D4B4DE03BE,1455925790,85781,37.41515111,-121.9774902,2,NULL,NULL
34A34021-8814-8A01-9183-39D4B4DE03BE,1455925791,85782,37.41528959,-121.9774818,2,NULL,NULL
34A34021-8814-8A01-9183-39D4B4DE03BE,1455925792,85783,37.41542411,-121.9774725,2,NULL,NULL
34A34021-8814-8A01-9183-39D4B4DE03BE,1455925793,85784,37.41555363,-121.9774636,2,NULL,NULL
34A34021-8814-8A01-9183-39D4B4DE03BE,1455925794,85785,37.41567007,-121.9774579,2,NULL,NULL
34A34021-8814-8A01-9183-39D4B4DE03BE,1455925795,85786,37.41577665,-121.9774489,2,NULL,NULL
34A34021-8814-8A01-9183-39D4B4DE03BE,1455925796,85787,37.41587455,-121.9774318,2,NULL,NULL
34A34021-8814-8A01-9183-39D4B4DE03BE,1455925797,85788,37.41594392,-121.9774396,2,NULL,NULL
34A34021-8814-8A01-9183-39D4B4DE03BE,1455925798,85788.45,37.41597578,-121.9774384,0,NULL,NULL
34A34021-8814-8A01-9183-39D4B4DE03BE,1455925799,85788.45,37.41597578,-121.9774384,0,NULL,NULL
34A34021-8814-8A01-9183-39D4B4DE03BE,1455925800,85788.45,37.41597578,-121.9774384,0,NULL,NULL
34A34021-8814-8A01-9183-39D4B4DE03BE,1455925801,85792,37.41610075,-121.9774345,2,NULL,NULL
34A34021-8814-8A01-9183-39D4B4DE03BE,1455925802,85793,37.41610585,-121.977433,2,NULL,NULL
34A34021-8814-8A01-9183-39D4B4DE03BE,1455925803,85794,37.41610335,-121.9774363,2,NULL,NULL
34A34021-8814-8A01-9183-39D4B4DE03BE,1455925804,85795,37.41610223,-121.977438,2,NULL,NULL
34A34021-8814-8A01-9183-39D4B4DE03BE,1455925805,85796,37.4161014,-121.9774392,2,NULL,NULL
34A34021-8814-8A01-9183-39D4B4DE03BE,1455925806,85797,37.41610081,-121.9774398,2,NULL,NULL
34A34021-8814-8A01-9183-39D4B4DE03BE,1455925807,85798,37.41610034,-121.9774404,2,NULL,NULL
34A34021-8814-8A01-9183-39D4B4DE03BE,1455925808,85799,37.4160999,-121.9774408,2,NULL,NULL
34A34021-8814-8A01-9183-39D4B4DE03BE,1455925809,85800,37.41609953,-121.9774411,2,NULL,NULL
34A34021-8814-8A01-9183-39D4B4DE03BE,1455925810,85801,37.41609925,-121.9774414,2,NULL,NULL
34A34021-8814-8A01-9183-39D4B4DE03BE,1455925811,85802,37.41609901,-121.9774417,2,NULL,NULL
34A34021-8814-8A01-9183-39D4B4DE03BE,1455925812,85803,37.41609878,-121.977442,2,NULL,NULL
34A34021-8814-8A01-9183-39D4B4DE03BE,1455925813,85804,37.41609987,-121.9774422,2,NULL,NULL
34A34021-8814-8A01-9183-39D4B4DE03BE,1455925814,85805,37.41611052,-121.9774421,2,NULL,NULL
34A34021-8814-8A01-9183-39D4B4DE03BE,1455925815,85806,37.41614082,-121.9774414,2,NULL,NULL
34A34021-8814-8A01-9183-39D4B4DE03BE,1455925816,85807,37.41618726,-121.9774402,2,NULL,NULL
34A34021-8814-8A01-9183-39D4B4DE03BE,1455925817,85808,37.41624683,-121.9774388,2,NULL,NULL
34A34021-8814-8A01-9183-39D4B4DE03BE,1455925818,85809,37.41631485,-121.9774377,2,NULL,NULL
34A34021-8814-8A01-9183-39D4B4DE03BE,1455925819,85810,37.41638626,-121.9774372,2,NULL,NULL
34A34021-8814-8A01-9183-39D4B4DE03BE,1455925820,85811,37.41645615,-121.9774381,2,NULL,NULL
34A34021-8814-8A01-9183-39D4B4DE03BE,1455925821,85812,37.41652363,-121.9774399,2,NULL,NULL
34A34021-8814-8A01-9183-39D4B4DE03BE,1455925822,85813,37.41658748,-121.9774421,2,NULL,NULL
34A34021-8814-8A01-9183-39D4B4DE03BE,1455925823,85814,37.41664021,-121.977444,2,NULL,NULL
34A34021-8814-8A01-9183-39D4B4DE03BE,1455925824,85815,37.41667749,-121.9774453,2,NULL,NULL
34A34021-8814-8A01-9183-39D4B4DE03BE,1455925825,85816,37.41669695,-121.9774463,2,NULL,NULL
34A34021-8814-8A01-9183-39D4B4DE03BE,1455925826,85817,37.41670324,-121.9774465,2,NULL,NULL
34A34021-8814-8A01-9183-39D4B4DE03BE,1455925827,85818,37.41670408,-121.9774467,2,NULL,NULL
34A34021-8814-8A01-9183-39D4B4DE03BE,1455925828,85819,37.41670385,-121.9774467,2,NULL,NULL
34A34021-8814-8A01-9183-39D4B4DE03BE,1455925829,85820,37.41670369,-121.9774468,2,NULL,NULL
34A34021-8814-8A01-9183-39D4B4DE03BE,1455925830,85821,37.41670356,-121.9774468,2,NULL,NULL
34A34021-8814-8A01-9183-39D4B4DE03BE,1455925831,85822,37.41670348,-121.9774468,2,NULL,NULL
34A34021-8814-8A01-9183-39D4B4DE03BE,1455925832,85823,37.41670342,-121.9774468,2,NULL,NULL
34A34021-8814-8A01-9183-39D4B4DE03BE,1455925833,85824,37.41670345,-121.9774468,2,NULL,NULL
34A34021-8814-8A01-9183-39D4B4DE03BE,1455925834,85825,37.41670349,-121.9774468,2,NULL,NULL
34A34021-8814-8A01-9183-39D4B4DE03BE,1455925835,85826,37.41670353,-121.9774469,2,NULL,NULL
34A34021-8814-8A01-9183-39D4B4DE03BE,1455925836,85827,37.41670355,-121.9774469,2,NULL,NULL
34A34021-8814-8A01-9183-39D4B4DE03BE,1455925837,85828,37.41670356,-121.9774469,2,NULL,NULL
34A34021-8814-8A01-9183-39D4B4DE03BE,1455925838,85829,37.41670357,-121.9774469,2,NULL,NULL
34A34021-8814-8A01-9183-39D4B4DE03BE,1455925839,85830,37.41670384,-121.977447,2,NULL,NULL
34A34021-8814-8A01-9183-39D4B4DE03BE,1455925840,85831,37.41671156,-121.9774473,2,NULL,NULL
34A34021-8814-8A01-9183-39D4B4DE03BE,1455925841,85832,37.41673781,-121.9774492,2,NULL,NULL
34A34021-8814-8A01-9183-39D4B4DE03BE,1455925842,85833,37.41678166,-121.9774538,2,NULL,NULL
34A34021-8814-8A01-9183-39D4B4DE03BE,1455925843,85834,37.41683888,-121.9774641,2,NULL,NULL
34A34021-8814-8A01-9183-39D4B4DE03BE,1455925844,85835,37.41690766,-121.9774825,2,NULL,NULL
34A34021-8814-8A01-9183-39D4B4DE03BE,1455925845,85836,37.41698663,-121.9775086,2,NULL,NULL
34A34021-8814-8A01-9183-39D4B4DE03BE,1455925846,85837,37.41706925,-121.9775426,2,NULL,NULL
34A34021-8814-8A01-9183-39D4B4DE03BE,1455925847,85838,37.41715472,-121.9775853,2,NULL,NULL
34A34021-8814-8A01-9183-39D4B4DE03BE,1455925848,85839,37.41723953,-121.977637,2,NULL,NULL
34A34021-8814-8A01-9183-39D4B4DE03BE,1455925849,85840,37.41731914,-121.9776947,2,NULL,NULL
34A34021-8814-8A01-9183-39D4B4DE03BE,1455925850,85841,37.417397,-121.9777566,2,NULL,NULL
34A34021-8814-8A01-9183-39D4B4DE03BE,1455925851,85842,37.41747402,-121.9778217,2,NULL,NULL
34A34021-8814-8A01-9183-39D4B4DE03BE,1455925852,85843,37.41755044,-121.9778875,2,NULL,NULL
34A34021-8814-8A01-9183-39D4B4DE03BE,1455925853,85844,37.41762554,-121.9779534,2,NULL,NULL
34A34021-8814-8A01-9183-39D4B4DE03BE,1455925854,85845,37.41770073,-121.978019,2,NULL,NULL
34A34021-8814-8A01-9183-39D4B4DE03BE,1455925855,85846,37.41777411,-121.9780829,2,NULL,NULL
34A34021-8814-8A01-9183-39D4B4DE03BE,1455925856,85847,37.41784146,-121.9781439,2,NULL,NULL
34A34021-8814-8A01-9183-39D4B4DE03BE,1455925857,85848,37.41789804,-121.9781956,2,NULL,NULL
34A34021-8814-8A01-9183-39D4B4DE03BE,1455925858,85849,37.41793796,-121.978233,2,NULL,NULL
34A34021-8814-8A01-9183-39D4B4DE03BE,1455925859,85850,37.41796061,-121.9782544,2,NULL,NULL
34A34021-8814-8A01-9183-39D4B4DE03BE,1455925860,85851,37.41797072,-121.9782639,2,NULL,NULL
34A34021-8814-8A01-9183-39D4B4DE03BE,1455925861,85852,37.41798099,-121.9782734,2,NULL,NULL
34A34021-8814-8A01-9183-39D4B4DE03BE,1455925862,85853,37.41800231,-121.9782937,2,NULL,NULL
34A34021-8814-8A01-9183-39D4B4DE03BE,1455925863,85854,37.41803187,-121.9783246,2,NULL,NULL
34A34021-8814-8A01-9183-39D4B4DE03BE,1455925864,85855,37.41806971,-121.9783641,2,NULL,NULL
34A34021-8814-8A01-9183-39D4B4DE03BE,1455925865,85856,37.41811554,-121.9784116,2,NULL,NULL
34A34021-8814-8A01-9183-39D4B4DE03BE,1455925866,85857,37.41816616,-121.9784641,2,NULL,NULL
34A34021-8814-8A01-9183-39D4B4DE03BE,1455925867,85858,37.41822179,-121.978521,2,NULL,NULL
34A34021-8814-8A01-9183-39D4B4DE03BE,1455925868,85859,37.41828031,-121.9785814,2,NULL,NULL
34A34021-8814-8A01-9183-39D4B4DE03BE,1455925869,85860,37.41833943,-121.9786407,2,NULL,NULL
34A34021-8814-8A01-9183-39D4B4DE03BE,1455925870,85861,37.41839958,-121.9786985,2,NULL,NULL
34A34021-8814-8A01-9183-39D4B4DE03BE,1455925871,85862,37.41846102,-121.9787572,2,NULL,NULL
34A34021-8814-8A01-9183-39D4B4DE03BE,1455925872,85863,37.41852127,-121.9788151,2,NULL,NULL
34A34021-8814-8A01-9183-39D4B4DE03BE,1455925873,85864,37.41858107,-121.9788703,2,NULL,NULL
34A34021-8814-8A01-9183-39D4B4DE03BE,1455925874,85865,37.41863975,-121.9789254,2,NULL,NULL
34A34021-8814-8A01-9183-39D4B4DE03BE,1455925875,85866,37.41869899,-121.9789813,2,NULL,NULL
34A34021-8814-8A01-9183-39D4B4DE03BE,1455925876,85867,37.41875972,-121.9790392,2,NULL,NULL
34A34021-8814-8A01-9183-39D4B4DE03BE,1455925877,85868,37.41882341,-121.9790996,2,NULL,NULL
34A34021-8814-8A01-9183-39D4B4DE03BE,1455925878,85869,37.4188905,-121.9791636,2,NULL,NULL
34A34021-8814-8A01-9183-39D4B4DE03BE,1455925879,85870,37.41896048,-121.97923,2,NULL,NULL
34A34021-8814-8A01-9183-39D4B4DE03BE,1455925880,85871,37.41903141,-121.9792979,2,NULL,NULL
34A34021-8814-8A01-9183-39D4B4DE03BE,1455925881,85872,37.41910254,-121.9793667,2,NULL,NULL
34A34021-8814-8A01-9183-39D4B4DE03BE,1455925882,85873,37.41917229,-121.9794351,2,NULL,NULL
34A34021-8814-8A01-9183-39D4B4DE03BE,1455925883,85874,37.41924024,-121.9795026,2,NULL,NULL
34A34021-8814-8A01-9183-39D4B4DE03BE,1455925884,85875,37.41930704,-121.9795686,2,NULL,NULL
34A34021-8814-8A01-9183-39D4B4DE03BE,1455925885,85876,37.41937203,-121.979632,2,NULL,NULL
34A34021-8814-8A01-9183-39D4B4DE03BE,1455925886,85877,37.41943181,-121.97969,2,NULL,NULL
34A34021-8814-8A01-9183-39D4B4DE03BE,1455925887,85878,37.41948525,-121.9797412,2,NULL,NULL
34A34021-8814-8A01-9183-39D4B4DE03BE,1455925888,85879,37.41952636,-121.9797796,2,NULL,NULL
34A34021-8814-8A01-9183-39D4B4DE03BE,1455925889,85880,37.41955795,-121.9797997,2,NULL,NULL
34A34021-8814-8A01-9183-39D4B4DE03BE,1455925890,85881,37.41958816,-121.9798048,2,NULL,NULL
34A34021-8814-8A01-9183-39D4B4DE03BE,1455925891,85882,37.41961142,-121.9798006,2,NULL,NULL
34A34021-8814-8A01-9183-39D4B4DE03BE,1455925892,85883,37.41962221,-121.9797959,2,NULL,NULL
34A34021-8814-8A01-9183-39D4B4DE03BE,1455925893,85884,37.41962513,-121.9797942,2,NULL,NULL
34A34021-8814-8A01-9183-39D4B4DE03BE,1455925894,85885,37.41962852,-121.9797922,2,NULL,NULL
34A34021-8814-8A01-9183-39D4B4DE03BE,1455925895,85886,37.41963578,-121.979788,2,NULL,NULL
34A34021-8814-8A01-9183-39D4B4DE03BE,1455925896,85887,37.41965177,-121.9797787,2,NULL,NULL
34A34021-8814-8A01-9183-39D4B4DE03BE,1455925897,85888,37.41967954,-121.9797621,2,NULL,NULL
34A34021-8814-8A01-9183-39D4B4DE03BE,1455925898,85889,37.41971495,-121.9797394,2,NULL,NULL
34A34021-8814-8A01-9183-39D4B4DE03BE,1455925899,85890,37.41975169,-121.979713,2,NULL,NULL
34A34021-8814-8A01-9183-39D4B4DE03BE,1455925900,85891,37.41978503,-121.9796843,2,NULL,NULL
34A34021-8814-8A01-9183-39D4B4DE03BE,1455925901,85892,37.41981636,-121.9796507,2,NULL,NULL
34A34021-8814-8A01-9183-39D4B4DE03BE,1455925902,85893,37.4198466,-121.9796119,2,NULL,NULL
34A34021-8814-8A01-9183-39D4B4DE03BE,1455925903,85894,37.41987475,-121.9795713,2,NULL,NULL
34A34021-8814-8A01-9183-39D4B4DE03BE,1455925904,85895,37.41990181,-121.9795286,2,NULL,NULL
34A34021-8814-8A01-9183-39D4B4DE03BE,1455925905,85896,37.4199274,-121.9794854,2,NULL,NULL
34A34021-8814-8A01-9183-39D4B4DE03BE,1455925906,85897,37.41995219,-121.9794424,2,NULL,NULL
34A34021-8814-8A01-9183-39D4B4DE03BE,1455925907,85898,37.41997747,-121.9793998,2,NULL,NULL
34A34021-8814-8A01-9183-39D4B4DE03BE,1455925908,85899,37.42000425,-121.9793549,2,NULL,NULL
34A34021-8814-8A01-9183-39D4B4DE03BE,1455925909,85900,37.4200312,-121.9793111,2,NULL,NULL
34A34021-8814-8A01-9183-39D4B4DE03BE,1455925910,85901,37.42005777,-121.979269,2,NULL,NULL
34A34021-8814-8A01-9183-39D4B4DE03BE,1455925911,85902,37.42008331,-121.9792286,2,NULL,NULL
34A34021-8814-8A01-9183-39D4B4DE03BE,1455925912,85903,37.4201077,-121.9791896,2,NULL,NULL
34A34021-8814-8A01-9183-39D4B4DE03BE,1455925913,85904,37.42013131,-121.9791515,2,NULL,NULL
34A34021-8814-8A01-9183-39D4B4DE03BE,1455925914,85905,37.42015469,-121.9791134,2,NULL,NULL
34A34021-8814-8A01-9183-39D4B4DE03BE,1455925915,85906,37.42017803,-121.9790752,2,NULL,NULL
34A34021-8814-8A01-9183-39D4B4DE03BE,1455925916,85907,37.42020064,-121.9790379,2,NULL,NULL
34A34021-8814-8A01-9183-39D4B4DE03BE,1455925917,85908,37.42021855,-121.9790029,2,NULL,NULL
34A34021-8814-8A01-9183-39D4B4DE03BE,1455925918,85909,37.42022589,-121.9789719,2,NULL,NULL
34A34021-8814-8A01-9183-39D4B4DE03BE,1455925919,85910,37.4202275,-121.9789435,2,NULL,NULL
34A34021-8814-8A01-9183-39D4B4DE03BE,1455925920,85911,37.42022817,-121.9789138,2,NULL,NULL
34A34021-8814-8A01-9183-39D4B4DE03BE,1455925921,85912,37.42022787,-121.9788816,2,NULL,NULL
34A34021-8814-8A01-9183-39D4B4DE03BE,1455925922,85913,37.42022456,-121.9788448,2,NULL,NULL
34A34021-8814-8A01-9183-39D4B4DE03BE,1455925923,85914,37.42021395,-121.97881,2,NULL,NULL
34A34021-8814-8A01-9183-39D4B4DE03BE,1455925924,85915,37.42019594,-121.9787781,2,NULL,NULL
34A34021-8814-8A01-9183-39D4B4DE03BE,1455925925,85916,37.42016953,-121.9787457,2,NULL,NULL
34A34021-8814-8A01-9183-39D4B4DE03BE,1455925926,85917,37.42013553,-121.9787113,2,NULL,NULL
34A34021-8814-8A01-9183-39D4B4DE03BE,1455925927,85918,37.42009717,-121.9786756,2,NULL,NULL
34A34021-8814-8A01-9183-39D4B4DE03BE,1455925928,85919,37.42005788,-121.9786419,2,NULL,NULL
34A34021-8814-8A01-9183-39D4B4DE03BE,1455925929,85920,37.42001715,-121.9786095,2,NULL,NULL
34A34021-8814-8A01-9183-39D4B4DE03BE,1455925930,85921,37.41997587,-121.9785786,2,NULL,NULL
34A34021-8814-8A01-9183-39D4B4DE03BE,1455925931,85922,37.41993291,-121.9785514,2,NULL,NULL
34A34021-8814-8A01-9183-39D4B4DE03BE,1455925932,85923,37.41988634,-121.9785347,2,NULL,NULL
34A34021-8814-8A01-9183-39D4B4DE03BE,1455925933,85924,37.41983724,-121.9785355,2,NULL,NULL
34A34021-8814-8A01-9183-39D4B4DE03BE,1455925934,85925,37.41978765,-121.9785586,2,NULL,NULL
34A34021-8814-8A01-9183-39D4B4DE03BE,1455925935,85926,37.41974349,-121.9786015,2,NULL,NULL
34A34021-8814-8A01-9183-39D4B4DE03BE,1455925936,85927,37.41970567,-121.9786591,2,NULL,NULL
34A34021-8814-8A01-9183-39D4B4DE03BE,1455925937,85928,37.41966821,-121.978726,2,NULL,NULL
34A34021-8814-8A01-9183-39D4B4DE03BE,1455925938,85929,37.41962827,-121.9787998,2,NULL,NULL
34A34021-8814-8A01-9183-39D4B4DE03BE,1455925939,85930,37.41958679,-121.9788774,2,NULL,NULL
34A34021-8814-8A01-9183-39D4B4DE03BE,1455925940,85931,37.41954342,-121.9789607,2,NULL,NULL
34A34021-8814-8A01-9183-39D4B4DE03BE,1455925941,85932,37.41949935,-121.9790468,2,NULL,NULL
34A34021-8814-8A01-9183-39D4B4DE03BE,1455925942,85933,37.41945623,-121.9791308,2,NULL,NULL
34A34021-8814-8A01-9183-39D4B4DE03BE,1455925943,85934,37.41941441,-121.979212,2,NULL,NULL
34A34021-8814-8A01-9183-39D4B4DE03BE,1455925944,85935,37.41937369,-121.9792903,2,NULL,NULL
34A34021-8814-8A01-9183-39D4B4DE03BE,1455925945,85936,37.41933905,-121.9793581,2,NULL,NULL
34A34021-8814-8A01-9183-39D4B4DE03BE,1455925946,85937,37.41931458,-121.9794062,2,NULL,NULL
34A34021-8814-8A01-9183-39D4B4DE03BE,1455925947,85938,37.41930022,-121.9794322,2,NULL,NULL
34A34021-8814-8A01-9183-39D4B4DE03BE,1455925948,85939,37.41928916,-121.9794492,2,NULL,NULL
34A34021-8814-8A01-9183-39D4B4DE03BE,1455925949,85940,37.41927345,-121.9794664,2,NULL,NULL
34A34021-8814-8A01-9183-39D4B4DE03BE,1455925950,85941,37.41924488,-121.9794823,2,NULL,NULL
34A34021-8814-8A01-9183-39D4B4DE03BE,1455925951,85942,37.419206,-121.9794844,2,NULL,NULL
34A34021-8814-8A01-9183-39D4B4DE03BE,1455925952,85943,37.41916168,-121.979465,2,NULL,NULL
34A34021-8814-8A01-9183-39D4B4DE03BE,1455925953,85944,37.41911577,-121.9794267,2,NULL,NULL
34A34021-8814-8A01-9183-39D4B4DE03BE,1455925954,85945,37.4190643,-121.9793796,2,NULL,NULL
34A34021-8814-8A01-9183-39D4B4DE03BE,1455925955,85946,37.41900646,-121.9793267,2,NULL,NULL
34A34021-8814-8A01-9183-39D4B4DE03BE,1455925956,85947,37.41894566,-121.9792716,2,NULL,NULL
34A34021-8814-8A01-9183-39D4B4DE03BE,1455925957,85948,37.41888509,-121.9792155,2,NULL,NULL
34A34021-8814-8A01-9183-39D4B4DE03BE,1455925958,85949,37.41882643,-121.9791576,2,NULL,NULL
34A34021-8814-8A01-9183-39D4B4DE03BE,1455925959,85950,37.41876838,-121.9790995,2,NULL,NULL
34A34021-8814-8A01-9183-39D4B4DE03BE,1455925960,85951,37.41871038,-121.9790422,2,NULL,NULL
34A34021-8814-8A01-9183-39D4B4DE03BE,1455925961,85952,37.41865211,-121.9789852,2,NULL,NULL
34A34021-8814-8A01-9183-39D4B4DE03BE,1455925962,85953,37.41859393,-121.9789281,2,NULL,NULL
34A34021-8814-8A01-9183-39D4B4DE03BE,1455925963,85954,37.4185355,-121.9788701,2,NULL,NULL
34A34021-8814-8A01-9183-39D4B4DE03BE,1455925964,85955,37.41847641,-121.9788123,2,NULL,NULL
34A34021-8814-8A01-9183-39D4B4DE03BE,1455925965,85956,37.41841783,-121.978755,2,NULL,NULL
34A34021-8814-8A01-9183-39D4B4DE03BE,1455925966,85957,37.41835918,-121.9786986,2,NULL,NULL
34A34021-8814-8A01-9183-39D4B4DE03BE,1455925967,85958,37.41830283,-121.9786446,2,NULL,NULL
34A34021-8814-8A01-9183-39D4B4DE03BE,1455925968,85959,37.41825778,-121.9786021,2,NULL,NULL
34A34021-8814-8A01-9183-39D4B4DE03BE,1455925969,85960,37.41822871,-121.9785753,2,NULL,NULL
34A34021-8814-8A01-9183-39D4B4DE03BE,1455925970,85961,37.41821644,-121.9785639,2,NULL,NULL
34A34021-8814-8A01-9183-39D4B4DE03BE,1455925971,85962,37.4182122,-121.9785602,2,NULL,NULL
34A34021-8814-8A01-9183-39D4B4DE03BE,1455925972,85963,37.41820574,-121.9785545,2,NULL,NULL
34A34021-8814-8A01-9183-39D4B4DE03BE,1455925973,85964,37.41819108,-121.9785408,2,NULL,NULL
34A34021-8814-8A01-9183-39D4B4DE03BE,1455925974,85965,37.41816624,-121.9785175,2,NULL,NULL
34A34021-8814-8A01-9183-39D4B4DE03BE,1455925975,85966,37.41813444,-121.978488,2,NULL,NULL
34A34021-8814-8A01-9183-39D4B4DE03BE,1455925976,85967,37.41809793,-121.9784539,2,NULL,NULL
34A34021-8814-8A01-9183-39D4B4DE03BE,1455925977,85968,37.41805664,-121.978416,2,NULL,NULL
34A34021-8814-8A01-9183-39D4B4DE03BE,1455925978,85969,37.41801103,-121.9783754,2,NULL,NULL
34A34021-8814-8A01-9183-39D4B4DE03BE,1455925979,85970,37.41796141,-121.9783317,2,NULL,NULL
34A34021-8814-8A01-9183-39D4B4DE03BE,1455925980,85971,37.41791053,-121.9782854,2,NULL,NULL
34A34021-8814-8A01-9183-39D4B4DE03BE,1455925981,85972,37.4178584,-121.9782359,2,NULL,NULL
34A34021-8814-8A01-9183-39D4B4DE03BE,1455925982,85973,37.41780455,-121.9781836,2,NULL,NULL
34A34021-8814-8A01-9183-39D4B4DE03BE,1455925983,85974,37.41774687,-121.9781296,2,NULL,NULL
34A34021-8814-8A01-9183-39D4B4DE03BE,1455925984,85975,37.4176847,-121.9780755,2,NULL,NULL
34A34021-8814-8A01-9183-39D4B4DE03BE,1455925985,85976,37.41762082,-121.9780205,2,NULL,NULL
34A34021-8814-8A01-9183-39D4B4DE03BE,1455925986,85977,37.41755845,-121.9779685,2,NULL,NULL
34A34021-8814-8A01-9183-39D4B4DE03BE,1455925987,85978,37.41749914,-121.9779191,2,NULL,NULL
34A34021-8814-8A01-9183-39D4B4DE03BE,1455925988,85979,37.41744363,-121.9778724,2,NULL,NULL
34A34021-8814-8A01-9183-39D4B4DE03BE,1455925989,85980,37.41739196,-121.9778278,2,NULL,NULL
34A34021-8814-8A01-9183-39D4B4DE03BE,1455925990,85981,37.41733981,-121.9777829,2,NULL,NULL
34A34021-8814-8A01-9183-39D4B4DE03BE,1455925991,85982,37.41728412,-121.9777378,2,NULL,NULL
34A34021-8814-8A01-9183-39D4B4DE03BE,1455925992,85983,37.41722525,-121.9776975,2,NULL,NULL
34A34021-8814-8A01-9183-39D4B4DE03BE,1455925993,85984,37.41716554,-121.9776632,2,NULL,NULL
34A34021-8814-8A01-9183-39D4B4DE03BE,1455925994,85985,37.41710907,-121.9776374,2,NULL,NULL
34A34021-8814-8A01-9183-39D4B4DE03BE,1455925995,85986,37.41705751,-121.9776186,2,NULL,NULL
34A34021-8814-8A01-9183-39D4B4DE03BE,1455925996,85987,37.41701071,-121.9776052,2,NULL,NULL
34A34021-8814-8A01-9183-39D4B4DE03BE,1455925997,85988,37.41697739,-121.9775932,2,NULL,NULL
34A34021-8814-8A01-9183-39D4B4DE03BE,1455925998,85989,37.41695618,-121.9775715,2,NULL,NULL
34A34021-8814-8A01-9183-39D4B4DE03BE,1455925999,85990,37.41695113,-121.9775387,2,NULL,NULL
34A34021-8814-8A01-9183-39D4B4DE03BE,1455926000,85991,37.41696622,-121.9775065,2,NULL,NULL
34A34021-8814-8A01-9183-39D4B4DE03BE,1455926001,85992,37.41699822,-121.9774955,2,NULL,NULL
34A34021-8814-8A01-9183-39D4B4DE03BE,1455926002,85993,37.41703735,-121.977507,2,NULL,NULL
34A34021-8814-8A01-9183-39D4B4DE03BE,1455926003,85994,37.41708196,-121.9775322,2,NULL,NULL
34A34021-8814-8A01-9183-39D4B4DE03BE,1455926004,85995,37.41713226,-121.9775643,2,NULL,NULL
34A34021-8814-8A01-9183-39D4B4DE03BE,1455926005,85996,37.4171884,-121.9776007,2,NULL,NULL
34A34021-8814-8A01-9183-39D4B4DE03BE,1455926006,85997,37.41724525,-121.9776416,2,NULL,NULL
34A34021-8814-8A01-9183-39D4B4DE03BE,1455926007,85998,37.4172996,-121.9776858,2,NULL,NULL
34A34021-8814-8A01-9183-39D4B4DE03BE,1455926008,85999,37.41735235,-121.9777287,2,NULL,NULL
34A34021-8814-8A01-9183-39D4B4DE03BE,1455926009,86000,37.41740528,-121.9777722,2,NULL,NULL
34A34021-8814-8A01-9183-39D4B4DE03BE,1455926010,86001,37.41745809,-121.9778171,2,NULL,NULL
34A34021-8814-8A01-9183-39D4B4DE03BE,1455926011,86002,37.41750888,-121.9778593,2,NULL,NULL
34A34021-8814-8A01-9183-39D4B4DE03BE,1455926012,86003,37.41755786,-121.9779011,2,NULL,NULL
34A34021-8814-8A01-9183-39D4B4DE03BE,1455926013,86004,37.4176089,-121.9779436,2,NULL,NULL
34A34021-8814-8A01-9183-39D4B4DE03BE,1455926014,86005,37.41766027,-121.9779872,2,NULL,NULL
34A34021-8814-8A01-9183-39D4B4DE03BE,1455926015,86006,37.41771149,-121.9780307,2,NULL,NULL
34A34021-8814-8A01-9183-39D4B4DE03BE,1455926016,86007,37.41776107,-121.9780736,2,NULL,NULL
34A34021-8814-8A01-9183-39D4B4DE03BE,1455926017,86008,37.41780674,-121.9781167,2,NULL,NULL
34A34021-8814-8A01-9183-39D4B4DE03BE,1455926018,86009,37.41784903,-121.9781578,2,NULL,NULL
34A34021-8814-8A01-9183-39D4B4DE03BE,1455926019,86010,37.41788842,-121.9781954,2,NULL,NULL
34A34021-8814-8A01-9183-39D4B4DE03BE,1455926020,86011,37.41792417,-121.9782285,2,NULL,NULL
34A34021-8814-8A01-9183-39D4B4DE03BE,1455926021,86012,37.41795202,-121.9782536,2,NULL,NULL
34A34021-8814-8A01-9183-39D4B4DE03BE,1455926022,86013,37.41796751,-121.978268,2,NULL,NULL
34A34021-8814-8A01-9183-39D4B4DE03BE,1455926023,86014,37.41797382,-121.9782736,2,NULL,NULL
34A34021-8814-8A01-9183-39D4B4DE03BE,1455926024,86015,37.41798031,-121.9782794,2,NULL,NULL
34A34021-8814-8A01-9183-39D4B4DE03BE,1455926025,86016,37.41799446,-121.9782932,2,NULL,NULL
34A34021-8814-8A01-9183-39D4B4DE03BE,1455926026,86017,37.41801922,-121.9783166,2,NULL,NULL
34A34021-8814-8A01-9183-39D4B4DE03BE,1455926027,86018,37.41805077,-121.9783483,2,NULL,NULL
34A34021-8814-8A01-9183-39D4B4DE03BE,1455926028,86019,37.41808677,-121.9783834,2,NULL,NULL
34A34021-8814-8A01-9183-39D4B4DE03BE,1455926029,86020,37.41812498,-121.9784235,2,NULL,NULL
34A34021-8814-8A01-9183-39D4B4DE03BE,1455926030,86021,37.4181659,-121.978464,2,NULL,NULL
34A34021-8814-8A01-9183-39D4B4DE03BE,1455926031,86022,37.41820716,-121.9785039,2,NULL,NULL
34A34021-8814-8A01-9183-39D4B4DE03BE,1455926032,86023,37.41824899,-121.9785434,2,NULL,NULL
34A34021-8814-8A01-9183-39D4B4DE03BE,1455926033,86024,37.41829115,-121.9785829,2,NULL,NULL
34A34021-8814-8A01-9183-39D4B4DE03BE,1455926034,86025,37.41833108,-121.9786216,2,NULL,NULL
34A34021-8814-8A01-9183-39D4B4DE03BE,1455926035,86026,37.41836982,-121.9786593,2,NULL,NULL
34A34021-8814-8A01-9183-39D4B4DE03BE,1455926036,86027,37.41840996,-121.978698,2,NULL,NULL
34A34021-8814-8A01-9183-39D4B4DE03BE,1455926037,86028,37.41845148,-121.978738,2,NULL,NULL
34A34021-8814-8A01-9183-39D4B4DE03BE,1455926038,86029,37.41849249,-121.9787773,2,NULL,NULL
34A34021-8814-8A01-9183-39D4B4DE03BE,1455926039,86030,37.41853445,-121.9788176,2,NULL,NULL
34A34021-8814-8A01-9183-39D4B4DE03BE,1455926040,86031,37.41857702,-121.9788597,2,NULL,NULL
34A34021-8814-8A01-9183-39D4B4DE03BE,1455926041,86032,37.41862041,-121.9789032,2,NULL,NULL
34A34021-8814-8A01-9183-39D4B4DE03BE,1455926042,86033,37.4186644,-121.9789483,2,NULL,NULL
34A34021-8814-8A01-9183-39D4B4DE03BE,1455926043,86034,37.41871022,-121.9789939,2,NULL,NULL
34A34021-8814-8A01-9183-39D4B4DE03BE,1455926044,86035,37.41875802,-121.9790402,2,NULL,NULL
34A34021-8814-8A01-9183-39D4B4DE03BE,1455926045,86036,37.41880762,-121.9790871,2,NULL,NULL
34A34021-8814-8A01-9183-39D4B4DE03BE,1455926046,86037,37.41885908,-121.9791359,2,NULL,NULL
34A34021-8814-8A01-9183-39D4B4DE03BE,1455926047,86038,37.41891264,-121.9791862,2,NULL,NULL
34A34021-8814-8A01-9183-39D4B4DE03BE,1455926048,86039,37.41896736,-121.9792377,2,NULL,NULL
34A34021-8814-8A01-9183-39D4B4DE03BE,1455926049,86040,37.41902311,-121.9792909,2,NULL,NULL
34A34021-8814-8A01-9183-39D4B4DE03BE,1455926050,86041,37.41908088,-121.979346,2,NULL,NULL
34A34021-8814-8A01-9183-39D4B4DE03BE,1455926051,86042,37.41914085,-121.9794033,2,NULL,NULL
34A34021-8814-8A01-9183-39D4B4DE03BE,1455926052,86043,37.41920095,-121.9794618,2,NULL,NULL
34A34021-8814-8A01-9183-39D4B4DE03BE,1455926053,86044,37.41925946,-121.9795197,2,NULL,NULL
34A34021-8814-8A01-9183-39D4B4DE03BE,1455926054,86045,37.41931625,-121.9795767,2,NULL,NULL
34A34021-8814-8A01-9183-39D4B4DE03BE,1455926055,86046,37.41937203,-121.9796315,2,NULL,NULL
34A34021-8814-8A01-9183-39D4B4DE03BE,1455926056,86047,37.41942671,-121.979684,2,NULL,NULL
34A34021-8814-8A01-9183-39D4B4DE03BE,1455926057,86048,37.41947867,-121.9797328,2,NULL,NULL
34A34021-8814-8A01-9183-39D4B4DE03BE,1455926058,86049,37.41952279,-121.9797735,2,NULL,NULL
34A34021-8814-8A01-9183-39D4B4DE03BE,1455926059,86050,37.41955975,-121.9798016,2,NULL,NULL
34A34021-8814-8A01-9183-39D4B4DE03BE,1455926060,86051,37.41959803,-121.9798161,2,NULL,NULL
34A34021-8814-8A01-9183-39D4B4DE03BE,1455926061,86052,37.41963982,-121.9798123,2,NULL,NULL
34A34021-8814-8A01-9183-39D4B4DE03BE,1455926062,86053,37.41968368,-121.9797915,2,NULL,NULL
34A34021-8814-8A01-9183-39D4B4DE03BE,1455926063,86054,37.41972434,-121.9797623,2,NULL,NULL
34A34021-8814-8A01-9183-39D4B4DE03BE,1455926064,86055,37.41976345,-121.9797266,2,NULL,NULL
34A34021-8814-8A01-9183-39D4B4DE03BE,1455926065,86056,37.41980234,-121.9796817,2,NULL,NULL
34A34021-8814-8A01-9183-39D4B4DE03BE,1455926066,86057,37.41983901,-121.9796304,2,NULL,NULL
34A34021-8814-8A01-9183-39D4B4DE03BE,1455926067,86058,37.41987371,-121.9795757,2,NULL,NULL
34A34021-8814-8A01-9183-39D4B4DE03BE,1455926068,86059,37.41990837,-121.9795192,2,NULL,NULL
34A34021-8814-8A01-9183-39D4B4DE03BE,1455926069,86060,37.41994273,-121.9794614,2,NULL,NULL
34A34021-8814-8A01-9183-39D4B4DE03BE,1455926070,86061,37.4199779,-121.9794026,2,NULL,NULL
34A34021-8814-8A01-9183-39D4B4DE03BE,1455926071,86062,37.42001387,-121.9793428,2,NULL,NULL
34A34021-8814-8A01-9183-39D4B4DE03BE,1455926072,86063,37.42005059,-121.9792836,2,NULL,NULL
34A34021-8814-8A01-9183-39D4B4DE03BE,1455926073,86064,37.42008731,-121.9792255,2,NULL,NULL
34A34021-8814-8A01-9183-39D4B4DE03BE,1455926074,86065,37.42012323,-121.9791692,2,NULL,NULL
34A34021-8814-8A01-9183-39D4B4DE03BE,1455926075,86066,37.42015777,-121.9791142,2,NULL,NULL
34A34021-8814-8A01-9183-39D4B4DE03BE,1455926076,86067,37.42018906,-121.9790638,2,NULL,NULL
34A34021-8814-8A01-9183-39D4B4DE03BE,1455926077,86068,37.42021297,-121.9790238,2,NULL,NULL
34A34021-8814-8A01-9183-39D4B4DE03BE,1455926078,86069,37.42022663,-121.978989,2,NULL,NULL
34A34021-8814-8A01-9183-39D4B4DE03BE,1455926079,86070,37.42023017,-121.9789504,2,NULL,NULL
34A34021-8814-8A01-9183-39D4B4DE03BE,1455926080,86071,37.42022935,-121.9789095,2,NULL,NULL
34A34021-8814-8A01-9183-39D4B4DE03BE,1455926081,86072,37.42022478,-121.9788626,2,NULL,NULL
34A34021-8814-8A01-9183-39D4B4DE03BE,1455926082,86073,37.42021126,-121.9788168,2,NULL,NULL
34A34021-8814-8A01-9183-39D4B4DE03BE,1455926083,86074,37.42018834,-121.9787777,2,NULL,NULL
34A34021-8814-8A01-9183-39D4B4DE03BE,1455926084,86075,37.42016025,-121.978744,2,NULL,NULL
34A34021-8814-8A01-9183-39D4B4DE03BE,1455926085,86076,37.42013174,-121.9787158,2,NULL,NULL
34A34021-8814-8A01-9183-39D4B4DE03BE,1455926086,86077,37.42011061,-121.9786969,2,NULL,NULL
34A34021-8814-8A01-9183-39D4B4DE03BE,1455926087,86078,37.42009983,-121.9786878,2,NULL,NULL
34A34021-8814-8A01-9183-39D4B4DE03BE,1455926088,86079,37.42009811,-121.9786864,2,NULL,NULL
34A34021-8814-8A01-9183-39D4B4DE03BE,1455926089,86080,37.42009809,-121.9786866,2,NULL,NULL
34A34021-8814-8A01-9183-39D4B4DE03BE,1455926090,86081,37.42009809,-121.9786866,2,NULL,NULL
34A34021-8814-8A01-9183-39D4B4DE03BE,1455926091,86082,37.42009811,-121.9786866,2,NULL,NULL
34A34021-8814-8A01-9183-39D4B4DE03BE,1455926092,86083,37.42009812,-121.9786866,2,NULL,NULL
34A34021-8814-8A01-9183-39D4B4DE03BE,1455926093,86084,37.42009806,-121.9786866,2,NULL,NULL
34A34021-8814-8A01-9183-39D4B4DE03BE,1455926094,86085,37.42009799,-121.9786866,2,NULL,NULL
34A34021-8814-8A01-9183-39D4B4DE03BE,1455926095,86086,37.42009797,-121.9786866,2,NULL,NULL
34A34021-8814-8A01-9183-39D4B4DE03BE,1455926096,86087,37.42009793,-121.9786867,2,NULL,NULL
34A34021-8814-8A01-9183-39D4B4DE03BE,1455926097,86088,37.42009787,-121.9786867,2,NULL,NULL
34A34021-8814-8A01-9183-39D4B4DE03BE,1455926098,86089,37.42009779,-121.9786868,2,NULL,NULL
34A34021-8814-8A01-9183-39D4B4DE03BE,1455926099,86090,37.4200978,-121.9786868,2,NULL,NULL
34A34021-8814-8A01-9183-39D4B4DE03BE,1455926100,86091,37.4200978,-121.9786868,2,NULL,NULL
34A34021-8814-8A01-9183-39D4B4DE03BE,1455926101,86092,37.42009778,-121.9786869,2,NULL,NULL
34A34021-8814-8A01-9183-39D4B4DE03BE,1455926102,86093,37.42009774,-121.9786869,2,NULL,NULL
34A34021-8814-8A01-9183-39D4B4DE03BE,1455926103,86094,37.42009768,-121.9786869,2,NULL,NULL
34A34021-8814-8A01-9183-39D4B4DE03BE,1455926104,86095,37.42009769,-121.9786869,2,NULL,NULL
34A34021-8814-8A01-9183-39D4B4DE03BE,1455926105,86096,37.42009771,-121.9786869,2,NULL,NULL
34A34021-8814-8A01-9183-39D4B4DE03BE,1455926106,86097,37.42009773,-121.9786869,2,NULL,NULL
34A34021-8814-8A01-9183-39D4B4DE03BE,1455926107,86098,37.42009774,-121.9786869,2,NULL,NULL
34A34021-8814-8A01-9183-39D4B4DE03BE,1455926108,86099,37.42009774,-121.9786869,2,NULL,NULL
34A34021-8814-8A01-9183-39D4B4DE03BE,1455926109,86100,37.42009774,-121.9786869,2,NULL,NULL
34A34021-8814-8A01-9183-39D4B4DE03BE,1455926110,86101,37.42009775,-121.9786869,2,NULL,NULL
34A34021-8814-8A01-9183-39D4B4DE03BE,1455926111,86102,37.42009777,-121.9786869,2,NULL,NULL
34A34021-8814-8A01-9183-39D4B4DE03BE,1455926112,86103,37.4200978,-121.9786869,2,NULL,NULL
34A34021-8814-8A01-9183-39D4B4DE03BE,1455926113,86104,37.42009691,-121.9786861,2,NULL,NULL
34A34021-8814-8A01-9183-39D4B4DE03BE,1455926114,86105,37.42009108,-121.978681,2,NULL,NULL
34A34021-8814-8A01-9183-39D4B4DE03BE,1455926115,86106,37.42007438,-121.9786656,2,NULL,NULL
34A34021-8814-8A01-9183-39D4B4DE03BE,1455926116,86107,37.4200459,-121.978638,2,NULL,NULL
34A34021-8814-8A01-9183-39D4B4DE03BE,1455926117,86108,37.42000844,-121.9786012,2,NULL,NULL
34A34021-8814-8A01-9183-39D4B4DE03BE,1455926118,86109,37.41996489,-121.9785646,2,NULL,NULL
34A34021-8814-8A01-9183-39D4B4DE03BE,1455926119,86110,37.41991586,-121.9785396,2,NULL,NULL
34A34021-8814-8A01-9183-39D4B4DE03BE,1455926120,86111,37.41986008,-121.9785308,2,NULL,NULL
34A34021-8814-8A01-9183-39D4B4DE03BE,1455926121,86112,37.41980145,-121.9785439,2,NULL,NULL
34A34021-8814-8A01-9183-39D4B4DE03BE,1455926122,86113,37.41974531,-121.9785798,2,NULL,NULL
34A34021-8814-8A01-9183-39D4B4DE03BE,1455926123,86114,37.41969473,-121.9786366,2,NULL,NULL
34A34021-8814-8A01-9183-39D4B4DE03BE,1455926124,86115,37.41964842,-121.9787085,2,NULL,NULL
34A34021-8814-8A01-9183-39D4B4DE03BE,1455926125,86116,37.4196043,-121.9787903,2,NULL,NULL
34A34021-8814-8A01-9183-39D4B4DE03BE,1455926126,86117,37.41956202,-121.9788769,2,NULL,NULL
34A34021-8814-8A01-9183-39D4B4DE03BE,1455926127,86118,37.41952224,-121.9789644,2,NULL,NULL
34A34021-8814-8A01-9183-39D4B4DE03BE,1455926128,86119,37.41948432,-121.9790508,2,NULL,NULL
34A34021-8814-8A01-9183-39D4B4DE03BE,1455926129,86120,37.41944711,-121.9791346,2,NULL,NULL
34A34021-8814-8A01-9183-39D4B4DE03BE,1455926130,86121,37.41941056,-121.9792152,2,NULL,NULL
34A34021-8814-8A01-9183-39D4B4DE03BE,1455926131,86122,37.41937413,-121.9792918,2,NULL,NULL
34A34021-8814-8A01-9183-39D4B4DE03BE,1455926132,86123,37.41934124,-121.9793588,2,NULL,NULL
34A34021-8814-8A01-9183-39D4B4DE03BE,1455926133,86124,37.41931493,-121.9794087,2,NULL,NULL
34A34021-8814-8A01-9183-39D4B4DE03BE,1455926134,86125,37.41929507,-121.9794395,2,NULL,NULL
34A34021-8814-8A01-9183-39D4B4DE03BE,1455926135,86126,37.41927522,-121.9794595,2,NULL,NULL
34A34021-8814-8A01-9183-39D4B4DE03BE,1455926136,86127,37.41924872,-121.9794729,2,NULL,NULL
34A34021-8814-8A01-9183-39D4B4DE03BE,1455926137,86128,37.41920966,-121.9794765,2,NULL,NULL
34A34021-8814-8A01-9183-39D4B4DE03BE,1455926138,86129,37.41916139,-121.9794608,2,NULL,NULL
34A34021-8814-8A01-9183-39D4B4DE03BE,1455926139,86130,37.41910973,-121.9794217,2,NULL,NULL
34A34021-8814-8A01-9183-39D4B4DE03BE,1455926140,86131,37.41905319,-121.9793695,2,NULL,NULL
34A34021-8814-8A01-9183-39D4B4DE03BE,1455926141,86132,37.41898934,-121.9793109,2,NULL,NULL
34A34021-8814-8A01-9183-39D4B4DE03BE,1455926142,86133,37.41891967,-121.9792454,2,NULL,NULL
34A34021-8814-8A01-9183-39D4B4DE03BE,1455926143,86134,37.41884878,-121.9791753,2,NULL,NULL
34A34021-8814-8A01-9183-39D4B4DE03BE,1455926144,86135,37.41877835,-121.9791038,2,NULL,NULL
34A34021-8814-8A01-9183-39D4B4DE03BE,1455926145,86136,37.41870676,-121.9790335,2,NULL,NULL
34A34021-8814-8A01-9183-39D4B4DE03BE,1455926146,86137,37.41863473,-121.9789636,2,NULL,NULL
34A34021-8814-8A01-9183-39D4B4DE03BE,1455926147,86138,37.4185628,-121.9788953,2,NULL,NULL
34A34021-8814-8A01-9183-39D4B4DE03BE,1455926148,86139,37.41849134,-121.9788273,2,NULL,NULL
34A34021-8814-8A01-9183-39D4B4DE03BE,1455926149,86140,37.41842044,-121.9787601,2,NULL,NULL
34A34021-8814-8A01-9183-39D4B4DE03BE,1455926150,86141,37.41835116,-121.9786949,2,NULL,NULL
34A34021-8814-8A01-9183-39D4B4DE03BE,1455926151,86142,37.41829147,-121.9786385,2,NULL,NULL
34A34021-8814-8A01-9183-39D4B4DE03BE,1455926152,86143,37.41824661,-121.9785956,2,NULL,NULL
34A34021-8814-8A01-9183-39D4B4DE03BE,1455926153,86144,37.41821979,-121.9785694,2,NULL,NULL
34A34021-8814-8A01-9183-39D4B4DE03BE,1455926154,86145,37.41821065,-121.978561,2,NULL,NULL
34A34021-8814-8A01-9183-39D4B4DE03BE,1455926155,86146,37.41820789,-121.9785586,2,NULL,NULL
34A34021-8814-8A01-9183-39D4B4DE03BE,1455926156,86147,37.41820187,-121.9785531,2,NULL,NULL
34A34021-8814-8A01-9183-39D4B4DE03BE,1455926157,86148,37.4181858,-121.9785377,2,NULL,NULL
34A34021-8814-8A01-9183-39D4B4DE03BE,1455926158,86149,37.41815756,-121.9785109,2,NULL,NULL
34A34021-8814-8A01-9183-39D4B4DE03BE,1455926159,86150,37.41812017,-121.9784754,2,NULL,NULL
34A34021-8814-8A01-9183-39D4B4DE03BE,1455926160,86151,37.41807426,-121.9784327,2,NULL,NULL
34A34021-8814-8A01-9183-39D4B4DE03BE,1455926161,86152,37.41802218,-121.9783861,2,NULL,NULL
34A34021-8814-8A01-9183-39D4B4DE03BE,1455926162,86153,37.41796525,-121.9783344,2,NULL,NULL
34A34021-8814-8A01-9183-39D4B4DE03BE,1455926163,86154,37.41790555,-121.9782783,2,NULL,NULL
34A34021-8814-8A01-9183-39D4B4DE03BE,1455926164,86155,37.41784492,-121.9782191,2,NULL,NULL
34A34021-8814-8A01-9183-39D4B4DE03BE,1455926165,86156,37.41778134,-121.978163,2,NULL,NULL
34A34021-8814-8A01-9183-39D4B4DE03BE,1455926166,86157,37.41771489,-121.9781139,2,NULL,NULL
34A34021-8814-8A01-9183-39D4B4DE03BE,1455926167,86158,37.41765039,-121.9780683,2,NULL,NULL
34A34021-8814-8A01-9183-39D4B4DE03BE,1455926168,86159,37.41758891,-121.9780252,2,NULL,NULL
34A34021-8814-8A01-9183-39D4B4DE03BE,1455926169,86160,37.41753461,-121.9779833,2,NULL,NULL
34A34021-8814-8A01-9183-39D4B4DE03BE,1455926170,86161,37.41748731,-121.9779465,2,NULL,NULL
34A34021-8814-8A01-9183-39D4B4DE03BE,1455926171,86162,37.41744184,-121.9779102,2,NULL,NULL
34A34021-8814-8A01-9183-39D4B4DE03BE,1455926172,86163,37.41738746,-121.9778733,2,NULL,NULL
34A34021-8814-8A01-9183-39D4B4DE03BE,1455926173,86164,37.41732143,-121.9778338,2,NULL,NULL
34A34021-8814-8A01-9183-39D4B4DE03BE,1455926174,86165,37.41724616,-121.9777927,2,NULL,NULL
34A34021-8814-8A01-9183-39D4B4DE03BE,1455926175,86166,37.41716358,-121.977752,2,NULL,NULL
34A34021-8814-8A01-9183-39D4B4DE03BE,1455926176,86167,37.41707609,-121.9777145,2,NULL,NULL
34A34021-8814-8A01-9183-39D4B4DE03BE,1455926177,86168,37.41699192,-121.9776866,2,NULL,NULL
34A34021-8814-8A01-9183-39D4B4DE03BE,1455926178,86169,37.41691015,-121.9776697,2,NULL,NULL
34A34021-8814-8A01-9183-39D4B4DE03BE,1455926179,86170,37.41682679,-121.9776614,2,NULL,NULL
34A34021-8814-8A01-9183-39D4B4DE03BE,1455926180,86171,37.41674446,-121.9776591,2,NULL,NULL
34A34021-8814-8A01-9183-39D4B4DE03BE,1455926181,86172,37.41666848,-121.9776604,2,NULL,NULL
34A34021-8814-8A01-9183-39D4B4DE03BE,1455926182,86173,37.41660079,-121.9776629,2,NULL,NULL
34A34021-8814-8A01-9183-39D4B4DE03BE,1455926183,86174,37.41654256,-121.9776651,2,NULL,NULL
34A34021-8814-8A01-9183-39D4B4DE03BE,1455926184,86175,37.41649427,-121.9776669,2,NULL,NULL
34A34021-8814-8A01-9183-39D4B4DE03BE,1455926185,86176,37.41645946,-121.9776688,2,NULL,NULL
34A34021-8814-8A01-9183-39D4B4DE03BE,1455926186,86177,37.41643863,-121.97767,2,NULL,NULL
34A34021-8814-8A01-9183-39D4B4DE03BE,1455926187,86178,37.41641927,-121.9776714,2,NULL,NULL
34A34021-8814-8A01-9183-39D4B4DE03BE,1455926188,86179,37.41638523,-121.9776735,2,NULL,NULL
34A34021-8814-8A01-9183-39D4B4DE03BE,1455926189,86180,37.41633531,-121.977677,2,NULL,NULL
34A34021-8814-8A01-9183-39D4B4DE03BE,1455926190,86181,37.41626994,-121.9776812,2,NULL,NULL
34A34021-8814-8A01-9183-39D4B4DE03BE,1455926191,86182,37.41619238,-121.9776851,2,NULL,NULL
34A34021-8814-8A01-9183-39D4B4DE03BE,1455926192,86183,37.41610773,-121.9776879,2,NULL,NULL
34A34021-8814-8A01-9183-39D4B4DE03BE,1455926193,86184,37.41601837,-121.9776906,2,NULL,NULL
34A34021-8814-8A01-9183-39D4B4DE03BE,1455926194,86185,37.41592454,-121.9776926,2,NULL,NULL
34A34021-8814-8A01-9183-39D4B4DE03BE,1455926195,86186,37.41582797,-121.9776959,2,NULL,NULL
34A34021-8814-8A01-9183-39D4B4DE03BE,1455926196,86187,37.41571697,-121.9776995,2,NULL,NULL
34A34021-8814-8A01-9183-39D4B4DE03BE,1455926197,86188,37.41560256,-121.9777101,2,NULL,NULL
34A34021-8814-8A01-9183-39D4B4DE03BE,1455926198,86189,37.41548821,-121.9777026,2,NULL,NULL
34A34021-8814-8A01-9183-39D4B4DE03BE,1455926199,86190,37.41534904,-121.9777107,2,NULL,NULL
34A34021-8814-8A01-9183-39D4B4DE03BE,1455926200,86191,37.41521496,-121.9777106,2,NULL,NULL
34A34021-8814-8A01-9183-39D4B4DE03BE,1455926201,86192,37.41507785,-121.9777096,2,NULL,NULL
34A34021-8814-8A01-9183-39D4B4DE03BE,1455926202,86193,37.41493779,-121.9777109,2,NULL,NULL
34A34021-8814-8A01-9183-39D4B4DE03BE,1455926203,86194,37.41479413,-121.9777174,2,NULL,NULL
34A34021-8814-8A01-9183-39D4B4DE03BE,1455926204,86195,37.41464704,-121.9777277,2,NULL,NULL
34A34021-8814-8A01-9183-39D4B4DE03BE,1455926205,86196,37.41449987,-121.9777339,2,NULL,NULL
34A34021-8814-8A01-9183-39D4B4DE03BE,1455926206,86197,37.414352,-121.9777367,2,NULL,NULL
34A34021-8814-8A01-9183-39D4B4DE03BE,1455926207,86198,37.41420199,-121.9777393,2,NULL,NULL
34A34021-8814-8A01-9183-39D4B4DE03BE,1455926208,86199,37.41404999,-121.9777407,2,NULL,NULL
34A34021-8814-8A01-9183-39D4B4DE03BE,1455926209,86200,37.4138954,-121.9777426,2,NULL,NULL
34A34021-8814-8A01-9183-39D4B4DE03BE,1455926210,86201,37.4137377,-121.9777451,2,NULL,NULL
34A34021-8814-8A01-9183-39D4B4DE03BE,1455926211,86202,37.41357689,-121.9777478,2,NULL,NULL
34A34021-8814-8A01-9183-39D4B4DE03BE,1455926212,86203,37.41341308,-121.9777507,2,NULL,NULL
34A34021-8814-8A01-9183-39D4B4DE03BE,1455926213,86204,37.41324692,-121.9777547,2,NULL,NULL
34A34021-8814-8A01-9183-39D4B4DE03BE,1455926214,86205,37.41307873,-121.9777593,2,NULL,NULL
34A34021-8814-8A01-9183-39D4B4DE03BE,1455926215,86206,37.41290904,-121.9777639,2,NULL,NULL
34A34021-8814-8A01-9183-39D4B4DE03BE,1455926216,86207,37.41274014,-121.9777673,2,NULL,NULL
34A34021-8814-8A01-9183-39D4B4DE03BE,1455926217,86208,37.41257237,-121.9777709,2,NULL,NULL
34A34021-8814-8A01-9183-39D4B4DE03BE,1455926218,86209,37.41240317,-121.977775,2,NULL,NULL
34A34021-8814-8A01-9183-39D4B4DE03BE,1455926219,86210,37.4122342,-121.9777785,2,NULL,NULL
34A34021-8814-8A01-9183-39D4B4DE03BE,1455926220,86211,37.41206785,-121.9777816,2,NULL,NULL
34A34021-8814-8A01-9183-39D4B4DE03BE,1455926221,86212,37.41190534,-121.9777856,2,NULL,NULL
34A34021-8814-8A01-9183-39D4B4DE03BE,1455926222,86213,37.41174696,-121.9777891,2,NULL,NULL
34A34021-8814-8A01-9183-39D4B4DE03BE,1455926223,86214,37.41159226,-121.9777917,2,NULL,NULL
34A34021-8814-8A01-9183-39D4B4DE03BE,1455926224,86215,37.41144175,-121.9777947,2,NULL,NULL
34A34021-8814-8A01-9183-39D4B4DE03BE,1455926225,86216,37.4112959,-121.9778006,2,NULL,NULL
34A34021-8814-8A01-9183-39D4B4DE03BE,1455926226,86217,37.41115633,-121.9778103,2,NULL,NULL
34A34021-8814-8A01-9183-39D4B4DE03BE,1455926227,86218,37.41102718,-121.9778212,2,NULL,NULL
34A34021-8814-8A01-9183-39D4B4DE03BE,1455926228,86219,37.41091236,-121.9778283,2,NULL,NULL
34A34021-8814-8A01-9183-39D4B4DE03BE,1455926229,86220,37.41081233,-121.9778329,2,NULL,NULL
34A34021-8814-8A01-9183-39D4B4DE03BE,1455926230,86221,37.41073421,-121.9778358,2,NULL,NULL
34A34021-8814-8A01-9183-39D4B4DE03BE,1455926231,86222,37.4106837,-121.9778401,2,NULL,NULL
34A34021-8814-8A01-9183-39D4B4DE03BE,1455926232,86223,37.41065914,-121.977844,2,NULL,NULL
34A34021-8814-8A01-9183-39D4B4DE03BE,1455926233,86224,37.41064499,-121.9778469,2,NULL,NULL
34A34021-8814-8A01-9183-39D4B4DE03BE,1455926234,86225,37.41063134,-121.977852,2,NULL,NULL
34A34021-8814-8A01-9183-39D4B4DE03BE,1455926235,86226,37.41062773,-121.9778535,2,NULL,NULL
34A34021-8814-8A01-9183-39D4B4DE03BE,1455926236,86227,37.41062769,-121.9778536,2,NULL,NULL
34A34021-8814-8A01-9183-39D4B4DE03BE,1455926237,86228,37.41062695,-121.9778539,2,NULL,NULL
34A34021-8814-8A01-9183-39D4B4DE03BE,1455926238,86229,37.41062242,-121.9778558,2,NULL,NULL
34A34021-8814-8A01-9183-39D4B4DE03BE,1455926239,86230,37.41060166,-121.9778675,2,NULL,NULL
34A34021-8814-8A01-9183-39D4B4DE03BE,1455926240,86231,37.41056844,-121.9779018,2,NULL,NULL
34A34021-8814-8A01-9183-39D4B4DE03BE,1455926241,86232,37.41054257,-121.9779666,2,NULL,NULL
34A34021-8814-8A01-9183-39D4B4DE03BE,1455926242,86233,37.41053174,-121.978058,2,NULL,NULL
34A34021-8814-8A01-9183-39D4B4DE03BE,1455926243,86234,37.41052722,-121.9781704,2,NULL,NULL
34A34021-8814-8A01-9183-39D4B4DE03BE,1455926244,86235,37.41052523,-121.9783009,2,NULL,NULL
34A34021-8814-8A01-9183-39D4B4DE03BE,1455926245,86236,37.41052557,-121.9784459,2,NULL,NULL
34A34021-8814-8A01-9183-39D4B4DE03BE,1455926246,86237,37.41052725,-121.9786038,2,NULL,NULL
34A34021-8814-8A01-9183-39D4B4DE03BE,1455926247,86238,37.4105289,-121.9787748,2,NULL,NULL
34A34021-8814-8A01-9183-39D4B4DE03BE,1455926248,86239,37.41052959,-121.9789512,2,NULL,NULL
34A34021-8814-8A01-9183-39D4B4DE03BE,1455926249,86240,37.41053026,-121.9791337,2,NULL,NULL
34A34021-8814-8A01-9183-39D4B4DE03BE,1455926250,86241,37.4105307,-121.9793209,2,NULL,NULL
34A34021-8814-8A01-9183-39D4B4DE03BE,1455926251,86242,37.41053121,-121.9795139,2,NULL,NULL
34A34021-8814-8A01-9183-39D4B4DE03BE,1455926252,86243,37.41053092,-121.9797123,2,NULL,NULL
34A34021-8814-8A01-9183-39D4B4DE03BE,1455926253,86244,37.4105315,-121.9799126,2,NULL,NULL
34A34021-8814-8A01-9183-39D4B4DE03BE,1455926254,86245,37.41053212,-121.9801133,2,NULL,NULL
34A34021-8814-8A01-9183-39D4B4DE03BE,1455926255,86246,37.41053298,-121.9803139,2,NULL,NULL
34A34021-8814-8A01-9183-39D4B4DE03BE,1455926256,86247,37.41053417,-121.9805148,2,NULL,NULL
34A34021-8814-8A01-9183-39D4B4DE03BE,1455926257,86248,37.41053713,-121.9807161,2,NULL,NULL
34A34021-8814-8A01-9183-39D4B4DE03BE,1455926258,86249,37.41054591,-121.9809156,2,NULL,NULL
34A34021-8814-8A01-9183-39D4B4DE03BE,1455926259,86250,37.41056064,-121.98111,2,NULL,NULL
34A34021-8814-8A01-9183-39D4B4DE03BE,1455926260,86251,37.41057846,-121.9812845,2,NULL,NULL
34A34021-8814-8A01-9183-39D4B4DE03BE,1455926261,86252,37.41059672,-121.9814331,2,NULL,NULL
34A34021-8814-8A01-9183-39D4B4DE03BE,1455926262,86253,37.41061322,-121.9815565,2,NULL,NULL
34A34021-8814-8A01-9183-39D4B4DE03BE,1455926263,86254,37.41062671,-121.9816576,2,NULL,NULL
34A34021-8814-8A01-9183-39D4B4DE03BE,1455926264,86255,37.41063807,-121.981735,2,NULL,NULL
34A34021-8814-8A01-9183-39D4B4DE03BE,1455926265,86256,37.41064624,-121.9817868,2,NULL,NULL
34A34021-8814-8A01-9183-39D4B4DE03BE,1455926266,86257,37.41065009,-121.9818115,2,NULL,NULL
34A34021-8814-8A01-9183-39D4B4DE03BE,1455926267,86258,37.4106518,-121.9818221,2,NULL,NULL
34A34021-8814-8A01-9183-39D4B4DE03BE,1455926268,86259,37.41065259,-121.9818271,2,NULL,NULL
34A34021-8814-8A01-9183-39D4B4DE03BE,1455926269,86260,37.41065282,-121.981828,2,NULL,NULL
34A34021-8814-8A01-9183-39D4B4DE03BE,1455926270,86261,37.41065285,-121.9818276,2,NULL,NULL
34A34021-8814-8A01-9183-39D4B4DE03BE,1455926271,86262,37.41065286,-121.9818272,2,NULL,NULL
34A34021-8814-8A01-9183-39D4B4DE03BE,1455926272,86263,37.41065294,-121.9818276,2,NULL,NULL
34A34021-8814-8A01-9183-39D4B4DE03BE,1455926273,86264,37.41065309,-121.9818294,2,NULL,NULL
34A34021-8814-8A01-9183-39D4B4DE03BE,1455926274,86265,37.41065358,-121.981833,2,NULL,NULL
34A34021-8814-8A01-9183-39D4B4DE03BE,1455926275,86266,37.41065421,-121.9818378,2,NULL,NULL
34A34021-8814-8A01-9183-39D4B4DE03BE,1455926276,86267,37.41065482,-121.9818421,2,NULL,NULL
34A34021-8814-8A01-9183-39D4B4DE03BE,1455926277,86268,37.41065533,-121.9818454,2,NULL,NULL
34A34021-8814-8A01-9183-39D4B4DE03BE,1455926278,86269,37.41065568,-121.981848,2,NULL,NULL
34A34021-8814-8A01-9183-39D4B4DE03BE,1455926279,86270,37.41065621,-121.9818513,2,NULL,NULL
34A34021-8814-8A01-9183-39D4B4DE03BE,1455926280,86271,37.41065831,-121.9818649,2,NULL,NULL
34A34021-8814-8A01-9183-39D4B4DE03BE,1455926281,86272,37.41066509,-121.9819038,2,NULL,NULL
34A34021-8814-8A01-9183-39D4B4DE03BE,1455926282,86273,37.41067646,-121.9819684,2,NULL,NULL
34A34021-8814-8A01-9183-39D4B4DE03BE,1455926283,86274,37.41069116,-121.9820553,2,NULL,NULL
34A34021-8814-8A01-9183-39D4B4DE03BE,1455926284,86275,37.41070573,-121.9821638,2,NULL,NULL
34A34021-8814-8A01-9183-39D4B4DE03BE,1455926285,86276,37.41071733,-121.9822874,2,NULL,NULL
34A34021-8814-8A01-9183-39D4B4DE03BE,1455926286,86277,37.41072579,-121.9824278,2,NULL,NULL
34A34021-8814-8A01-9183-39D4B4DE03BE,1455926287,86278,37.4107302,-121.9825844,2,NULL,NULL
34A34021-8814-8A01-9183-39D4B4DE03BE,1455926288,86279,37.41073216,-121.9827547,2,NULL,NULL
34A34021-8814-8A01-9183-39D4B4DE03BE,1455926289,86280,37.41073265,-121.9829365,2,NULL,NULL
34A34021-8814-8A01-9183-39D4B4DE03BE,1455926290,86281,37.41073223,-121.9831283,2,NULL,NULL
34A34021-8814-8A01-9183-39D4B4DE03BE,1455926291,86282,37.41073136,-121.9833274,2,NULL,NULL
34A34021-8814-8A01-9183-39D4B4DE03BE,1455926292,86283,37.41073077,-121.9835307,2,NULL,NULL
34A34021-8814-8A01-9183-39D4B4DE03BE,1455926293,86284,37.41073002,-121.9837324,2,NULL,NULL
34A34021-8814-8A01-9183-39D4B4DE03BE,1455926294,86285,37.41072793,-121.9839294,2,NULL,NULL
34A34021-8814-8A01-9183-39D4B4DE03BE,1455926295,86286,37.4107235,-121.9841159,2,NULL,NULL
34A34021-8814-8A01-9183-39D4B4DE03BE,1455926296,86287,37.41071736,-121.9842815,2,NULL,NULL
34A34021-8814-8A01-9183-39D4B4DE03BE,1455926297,86288,37.41071282,-121.984426,2,NULL,NULL
34A34021-8814-8A01-9183-39D4B4DE03BE,1455926298,86289,37.41070783,-121.9845489,2,NULL,NULL
34A34021-8814-8A01-9183-39D4B4DE03BE,1455926299,86290,37.41069157,-121.9846523,2,NULL,NULL
34A34021-8814-8A01-9183-39D4B4DE03BE,1455926300,86291,37.41065306,-121.9847423,2,NULL,NULL
34A34021-8814-8A01-9183-39D4B4DE03BE,1455926301,86292,37.41059313,-121.9848092,2,NULL,NULL
34A34021-8814-8A01-9183-39D4B4DE03BE,1455926302,86293,37.41051478,-121.9848489,2,NULL,NULL
34A34021-8814-8A01-9183-39D4B4DE03BE,1455926303,86294,37.41042045,-121.9848649,2,NULL,NULL
34A34021-8814-8A01-9183-39D4B4DE03BE,1455926304,86295,37.41031421,-121.98487,2,NULL,NULL
34A34021-8814-8A01-9183-39D4B4DE03BE,1455926305,86296,37.41019859,-121.98487,2,NULL,NULL
34A34021-8814-8A01-9183-39D4B4DE03BE,1455926306,86297,37.41007393,-121.9848697,2,NULL,NULL
34A34021-8814-8A01-9183-39D4B4DE03BE,1455926307,86298,37.40994061,-121.984869,2,NULL,NULL
34A34021-8814-8A01-9183-39D4B4DE03BE,1455926308,86299,37.40979803,-121.9848683,2,NULL,NULL
34A34021-8814-8A01-9183-39D4B4DE03BE,1455926309,86300,37.40964634,-121.9848669,2,NULL,NULL
34A34021-8814-8A01-9183-39D4B4DE03BE,1455926310,86301,37.40948553,-121.9848661,2,NULL,NULL
34A34021-8814-8A01-9183-39D4B4DE03BE,1455926311,86302,37.40931661,-121.9848659,2,NULL,NULL
34A34021-8814-8A01-9183-39D4B4DE03BE,1455926312,86303,37.40914247,-121.9848669,2,NULL,NULL
34A34021-8814-8A01-9183-39D4B4DE03BE,1455926313,86304,37.40896482,-121.9848687,2,NULL,NULL
34A34021-8814-8A01-9183-39D4B4DE03BE,1455926314,86305,37.40878371,-121.98487,2,NULL,NULL
34A34021-8814-8A01-9183-39D4B4DE03BE,1455926315,86306,37.40860021,-121.9848695,2,NULL,NULL
34A34021-8814-8A01-9183-39D4B4DE03BE,1455926316,86307,37.40841517,-121.9848695,2,NULL,NULL
34A34021-8814-8A01-9183-39D4B4DE03BE,1455926317,86308,37.40823264,-121.9848689,2,NULL,NULL
34A34021-8814-8A01-9183-39D4B4DE03BE,1455926318,86309,37.40805217,-121.9848663,2,NULL,NULL
34A34021-8814-8A01-9183-39D4B4DE03BE,1455926319,86310,37.40787327,-121.9848567,2,NULL,NULL
34A34021-8814-8A01-9183-39D4B4DE03BE,1455926320,86311,37.40769525,-121.9848348,2,NULL,NULL
34A34021-8814-8A01-9183-39D4B4DE03BE,1455926321,86312,37.4075191,-121.9847966,2,NULL,NULL
34A34021-8814-8A01-9183-39D4B4DE03BE,1455926322,86313,37.40734579,-121.9847436,2,NULL,NULL
34A34021-8814-8A01-9183-39D4B4DE03BE,1455926323,86314,37.40717671,-121.984679,2,NULL,NULL
34A34021-8814-8A01-9183-39D4B4DE03BE,1455926324,86315,37.40701226,-121.9846092,2,NULL,NULL
34A34021-8814-8A01-9183-39D4B4DE03BE,1455926325,86316,37.40685075,-121.9845409,2,NULL,NULL
34A34021-8814-8A01-9183-39D4B4DE03BE,1455926326,86317,37.40669052,-121.98448,2,NULL,NULL
34A34021-8814-8A01-9183-39D4B4DE03BE,1455926327,86318,37.4065306,-121.9844289,2,NULL,NULL
34A34021-8814-8A01-9183-39D4B4DE03BE,1455926328,86319,37.40636952,-121.9843903,2,NULL,NULL
34A34021-8814-8A01-9183-39D4B4DE03BE,1455926329,86320,37.40620492,-121.9843657,2,NULL,NULL
34A34021-8814-8A01-9183-39D4B4DE03BE,1455926330,86321,37.40603889,-121.9843535,2,NULL,NULL
34A34021-8814-8A01-9183-39D4B4DE03BE,1455926331,86322,37.40587077,-121.9843495,2,NULL,NULL
34A34021-8814-8A01-9183-39D4B4DE03BE,1455926332,86323,37.40570109,-121.9843488,2,NULL,NULL
34A34021-8814-8A01-9183-39D4B4DE03BE,1455926333,86324,37.40553089,-121.9843486,2,NULL,NULL
34A34021-8814-8A01-9183-39D4B4DE03BE,1455926334,86325,37.40536129,-121.984349,2,NULL,NULL
34A34021-8814-8A01-9183-39D4B4DE03BE,1455926335,86326,37.40519334,-121.9843497,2,NULL,NULL
34A34021-8814-8A01-9183-39D4B4DE03BE,1455926336,86327,37.40502758,-121.9843507,2,NULL,NULL
34A34021-8814-8A01-9183-39D4B4DE03BE,1455926337,86328,37.40486444,-121.9843516,2,NULL,NULL
34A34021-8814-8A01-9183-39D4B4DE03BE,1455926338,86329,37.40470406,-121.9843519,2,NULL,NULL
34A34021-8814-8A01-9183-39D4B4DE03BE,1455926339,86330,37.40454655,-121.984351,2,NULL,NULL
34A34021-8814-8A01-9183-39D4B4DE03BE,1455926340,86331,37.40439433,-121.9843493,2,NULL,NULL
34A34021-8814-8A01-9183-39D4B4DE03BE,1455926341,86332,37.40425595,-121.9843472,2,NULL,NULL
34A34021-8814-8A01-9183-39D4B4DE03BE,1455926342,86333,37.40413402,-121.9843459,2,NULL,NULL
34A34021-8814-8A01-9183-39D4B4DE03BE,1455926343,86334,37.40403031,-121.9843459,2,NULL,NULL
34A34021-8814-8A01-9183-39D4B4DE03BE,1455926344,86335,37.40394531,-121.9843467,2,NULL,NULL
34A34021-8814-8A01-9183-39D4B4DE03BE,1455926345,86336,37.40387934,-121.9843471,2,NULL,NULL
34A34021-8814-8A01-9183-39D4B4DE03BE,1455926346,86337,37.40383356,-121.984348,2,NULL,NULL
34A34021-8814-8A01-9183-39D4B4DE03BE,1455926347,86338,37.40380932,-121.9843484,2,NULL,NULL
34A34021-8814-8A01-9183-39D4B4DE03BE,1455926348,86339,37.40379916,-121.9843487,2,NULL,NULL
34A34021-8814-8A01-9183-39D4B4DE03BE,1455926349,86340,37.40379499,-121.9843489,2,NULL,NULL
34A34021-8814-8A01-9183-39D4B4DE03BE,1455926350,86341,37.40379459,-121.9843486,2,NULL,NULL
34A34021-8814-8A01-9183-39D4B4DE03BE,1455926351,86342,37.40379496,-121.9843483,2,NULL,NULL
34A34021-8814-8A01-9183-39D4B4DE03BE,1455926352,86343,37.40379532,-121.9843481,2,NULL,NULL
34A34021-8814-8A01-9183-39D4B4DE03BE,1455926353,86344,37.40379555,-121.9843479,2,NULL,NULL
34A34021-8814-8A01-9183-39D4B4DE03BE,1455926354,86345,37.40379526,-121.9843478,2,NULL,NULL
34A34021-8814-8A01-9183-39D4B4DE03BE,1455926355,86346,37.40379421,-121.9843478,2,NULL,NULL
34A34021-8814-8A01-9183-39D4B4DE03BE,1455926356,86347,37.40379263,-121.984348,2,NULL,NULL
34A34021-8814-8A01-9183-39D4B4DE03BE,1455926357,86348,37.40379084,-121.9843482,2,NULL,NULL
34A34021-8814-8A01-9183-39D4B4DE03BE,1455926358,86349,37.40378919,-121.9843483,2,NULL,NULL
34A34021-8814-8A01-9183-39D4B4DE03BE,1455926359,86350,37.40378759,-121.9843484,2,NULL,NULL
34A34021-8814-8A01-9183-39D4B4DE03BE,1455926360,86351,37.40378611,-121.9843485,2,NULL,NULL
34A34021-8814-8A01-9183-39D4B4DE03BE,1455926361,86352,37.40378529,-121.9843485,2,NULL,NULL
34A34021-8814-8A01-9183-39D4B4DE03BE,1455926362,86353,37.40378493,-121.9843484,2,NULL,NULL
34A34021-8814-8A01-9183-39D4B4DE03BE,1455926363,86354,37.40378482,-121.9843484,2,NULL,NULL
34A34021-8814-8A01-9183-39D4B4DE03BE,1455926364,86355,37.40378474,-121.9843484,2,NULL,NULL
34A34021-8814-8A01-9183-39D4B4DE03BE,1455926365,86356,37.4037847,-121.9843483,2,NULL,NULL
34A34021-8814-8A01-9183-39D4B4DE03BE,1455926366,86357,37.40378464,-121.9843482,2,NULL,NULL
34A34021-8814-8A01-9183-39D4B4DE03BE,1455926367,86358,37.4037839,-121.9843482,2,NULL,NULL
34A34021-8814-8A01-9183-39D4B4DE03BE,1455926368,86359,37.40377536,-121.9843486,2,NULL,NULL
34A34021-8814-8A01-9183-39D4B4DE03BE,1455926369,86360,37.40374503,-121.9843501,2,NULL,NULL
34A34021-8814-8A01-9183-39D4B4DE03BE,1455926370,86361,37.40369283,-121.9843536,2,NULL,NULL
34A34021-8814-8A01-9183-39D4B4DE03BE,1455926371,86362,37.40362187,-121.9843614,2,NULL,NULL
34A34021-8814-8A01-9183-39D4B4DE03BE,1455926372,86363,37.40353516,-121.9843757,2,NULL,NULL
34A34021-8814-8A01-9183-39D4B4DE03BE,1455926373,86364,37.40343679,-121.9843947,2,NULL,NULL
34A34021-8814-8A01-9183-39D4B4DE03BE,1455926374,86365,37.40332749,-121.9844194,2,NULL,NULL
34A34021-8814-8A01-9183-39D4B4DE03BE,1455926375,86366,37.40320504,-121.9844516,2,NULL,NULL
34A34021-8814-8A01-9183-39D4B4DE03BE,1455926376,86367,37.40307219,-121.9844913,2,NULL,NULL
34A34021-8814-8A01-9183-39D4B4DE03BE,1455926377,86368,37.4029329,-121.9845387,2,NULL,NULL
34A34021-8814-8A01-9183-39D4B4DE03BE,1455926378,86369,37.40278811,-121.9845913,2,NULL,NULL
34A34021-8814-8A01-9183-39D4B4DE03BE,1455926379,86370,37.40264172,-121.9846488,2,NULL,NULL
34A34021-8814-8A01-9183-39D4B4DE03BE,1455926380,86371,37.40249313,-121.9847118,2,NULL,NULL
34A34021-8814-8A01-9183-39D4B4DE03BE,1455926381,86372,37.40234158,-121.9847778,2,NULL,NULL
34A34021-8814-8A01-9183-39D4B4DE03BE,1455926382,86373,37.40218687,-121.9848454,2,NULL,NULL
34A34021-8814-8A01-9183-39D4B4DE03BE,1455926383,86374,37.40202853,-121.9849117,2,NULL,NULL
34A34021-8814-8A01-9183-39D4B4DE03BE,1455926384,86375,37.40186564,-121.9849708,2,NULL,NULL
34A34021-8814-8A01-9183-39D4B4DE03BE,1455926385,86376,37.40169806,-121.9850175,2,NULL,NULL
34A34021-8814-8A01-9183-39D4B4DE03BE,1455926386,86377,37.40152625,-121.9850504,2,NULL,NULL
34A34021-8814-8A01-9183-39D4B4DE03BE,1455926387,86378,37.40135082,-121.9850673,2,NULL,NULL
34A34021-8814-8A01-9183-39D4B4DE03BE,1455926388,86379,37.40117272,-121.9850727,2,NULL,NULL
34A34021-8814-8A01-9183-39D4B4DE03BE,1455926389,86380,37.40099365,-121.9850729,2,NULL,NULL
34A34021-8814-8A01-9183-39D4B4DE03BE,1455926390,86381,37.40081535,-121.9850693,2,NULL,NULL
34A34021-8814-8A01-9183-39D4B4DE03BE,1455926391,86382,37.40063656,-121.9850661,2,NULL,NULL
34A34021-8814-8A01-9183-39D4B4DE03BE,1455926392,86383,37.4004567,-121.9850641,2,NULL,NULL
34A34021-8814-8A01-9183-39D4B4DE03BE,1455926393,86384,37.40027631,-121.9850644,2,NULL,NULL
34A34021-8814-8A01-9183-39D4B4DE03BE,1455926394,86385,37.40009575,-121.9850649,2,NULL,NULL
34A34021-8814-8A01-9183-39D4B4DE03BE,1455926395,86386,37.39991507,-121.9850649,2,NULL,NULL
34A34021-8814-8A01-9183-39D4B4DE03BE,1455926396,86387,37.39973388,-121.9850648,2,NULL,NULL
34A34021-8814-8A01-9183-39D4B4DE03BE,1455926397,86388,37.39955259,-121.9850644,2,NULL,NULL
34A34021-8814-8A01-9183-39D4B4DE03BE,1455926398,86389,37.39937147,-121.9850633,2,NULL,NULL
34A34021-8814-8A01-9183-39D4B4DE03BE,1455926399,86390,37.39919129,-121.9850624,2,NULL,NULL
34A34021-8814-8A01-9183-39D4B4DE03BE,1455926400,86391,37.39901257,-121.9850616,2,NULL,NULL
34A34021-8814-8A01-9183-39D4B4DE03BE,1455926401,86392,37.39883563,-121.9850621,2,NULL,NULL
34A34021-8814-8A01-9183-39D4B4DE03BE,1455926402,86393,37.3986618,-121.9850625,2,NULL,NULL
34A34021-8814-8A01-9183-39D4B4DE03BE,1455926403,86394,37.39849083,-121.9850626,2,NULL,NULL
34A34021-8814-8A01-9183-39D4B4DE03BE,1455926404,86395,37.39832305,-121.9850621,2,NULL,NULL
34A34021-8814-8A01-9183-39D4B4DE03BE,1455926405,86396,37.39815792,-121.9850618,2,NULL,NULL
34A34021-8814-8A01-9183-39D4B4DE03BE,1455926406,86397,37.39799514,-121.9850616,2,NULL,NULL
34A34021-8814-8A01-9183-39D4B4DE03BE,1455926407,86398,37.39783563,-121.9850609,2,NULL,NULL
34A34021-8814-8A01-9183-39D4B4DE03BE,1455926408,86399,37.3976857,-121.9850558,2,NULL,NULL
34A34021-8814-8A01-9183-39D4B4DE03BE,1455926409,0,37.39755219,-121.9850479,2,NULL,NULL
34A34021-8814-8A01-9183-39D4B4DE03BE,1455926410,1,37.39743405,-121.9850413,2,NULL,NULL
34A34021-8814-8A01-9183-39D4B4DE03BE,1455926411,2,37.39732773,-121.9850368,2,NULL,NULL
34A34021-8814-8A01-9183-39D4B4DE03BE,1455926412,3,37.39723404,-121.9850356,2,NULL,NULL
34A34021-8814-8A01-9183-39D4B4DE03BE,1455926413,4,37.39715829,-121.985036,2,NULL,NULL
34A34021-8814-8A01-9183-39D4B4DE03BE,1455926414,5,37.39710235,-121.9850319,2,NULL,NULL
34A34021-8814-8A01-9183-39D4B4DE03BE,1455926415,6,37.39706144,-121.9850107,2,NULL,NULL
34A34021-8814-8A01-9183-39D4B4DE03BE,1455926416,7,37.39703801,-121.9849803,2,NULL,NULL
34A34021-8814-8A01-9183-39D4B4DE03BE,1455926417,8,37.39702553,-121.9849494,2,NULL,NULL
34A34021-8814-8A01-9183-39D4B4DE03BE,1455926418,9,37.39701993,-121.9849189,2,NULL,NULL
34A34021-8814-8A01-9183-39D4B4DE03BE,1455926419,10,37.39701795,-121.9848848,2,NULL,NULL
34A34021-8814-8A01-9183-39D4B4DE03BE,1455926420,11,37.39701697,-121.9848436,2,NULL,NULL
34A34021-8814-8A01-9183-39D4B4DE03BE,1455926421,12,37.39701787,-121.9848022,2,NULL,NULL
34A34021-8814-8A01-9183-39D4B4DE03BE,1455926422,13,37.39701899,-121.984761,2,NULL,NULL
34A34021-8814-8A01-9183-39D4B4DE03BE,1455926423,14,37.39702027,-121.9847211,2,NULL,NULL
34A34021-8814-8A01-9183-39D4B4DE03BE,1455926424,15,37.39702094,-121.9846858,2,NULL,NULL
34A34021-8814-8A01-9183-39D4B4DE03BE,1455926425,16,37.39702161,-121.9846502,2,NULL,NULL
34A34021-8814-8A01-9183-39D4B4DE03BE,1455926426,17,37.39702187,-121.9846141,2,NULL,NULL
34A34021-8814-8A01-9183-39D4B4DE03BE,1455926427,18,37.3970214,-121.9845815,2,NULL,NULL
34A34021-8814-8A01-9183-39D4B4DE03BE,1455926428,19,37.39702094,-121.9845591,2,NULL,NULL
34A34021-8814-8A01-9183-39D4B4DE03BE,1455926429,20,37.39702058,-121.9845447,2,NULL,NULL
34A34021-8814-8A01-9183-39D4B4DE03BE,1455926430,21,37.39701997,-121.9845327,2,NULL,NULL
34A34021-8814-8A01-9183-39D4B4DE03BE,1455926431,22,37.39701942,-121.9845193,2,NULL,NULL
34A34021-8814-8A01-9183-39D4B4DE03BE,1455926432,23,37.39701857,-121.9845063,2,NULL,NULL
34A34021-8814-8A01-9183-39D4B4DE03BE,1455926433,24,37.39701818,-121.9844954,2,NULL,NULL
34A34021-8814-8A01-9183-39D4B4DE03BE,1455926434,25,37.39701781,-121.9844838,2,NULL,NULL
34A34021-8814-8A01-9183-39D4B4DE03BE,1455926435,26,37.39701692,-121.9844684,2,NULL,NULL
34A34021-8814-8A01-9183-39D4B4DE03BE,1455926436,27,37.39701639,-121.9844487,2,NULL,NULL
34A34021-8814-8A01-9183-39D4B4DE03BE,1455926437,28,37.39701625,-121.9844292,2,NULL,NULL
34A34021-8814-8A01-9183-39D4B4DE03BE,1455926438,29,37.39702093,-121.9844042,2,NULL,NULL
34A34021-8814-8A01-9183-39D4B4DE03BE,1455926439,30,37.39703508,-121.9843838,2,NULL,NULL
34A34021-8814-8A01-9183-39D4B4DE03BE,1455926440,31,37.39705139,-121.9843731,2,NULL,NULL
34A34021-8814-8A01-9183-39D4B4DE03BE,1455926441,32,37.39706654,-121.9843673,2,NULL,NULL
34A34021-8814-8A01-9183-39D4B4DE03BE,1455926442,33,37.39707767,-121.9843663,2,NULL,NULL
34A34021-8814-8A01-9183-39D4B4DE03BE,1455926443,34,37.39707986,-121.9843668,2,NULL,NULL
