D2CCC285-2BD3-5D22-667E-39D823D4D255,1472842606.865,68203.4,37.39707585,-121.984323766667,1,0.617,0.559
D2CCC285-2BD3-5D22-667E-39D823D4D255,1472842607.06,68203.6,37.3970758333333,-121.98432375,1,0.617,0.559
D2CCC285-2BD3-5D22-667E-39D823D4D255,1472842607.263,68203.8,37.3970758,-121.98432375,1,0.616,0.558
D2CCC285-2BD3-5D22-667E-39D823D4D255,1472842607.461,68204,37.3970758,-121.98432375,1,0.616,0.558
D2CCC285-2BD3-5D22-667E-39D823D4D255,1472842607.663,68204.2,37.3970758,-121.98432375,1,0.616,0.558
D2CCC285-2BD3-5D22-667E-39D823D4D255,1472842607.857,68204.4,37.3970758,-121.98432375,1,0.616,0.558
D2CCC285-2BD3-5D22-667E-39D823D4D255,1472842608.064,68204.6,37.3970758,-121.98432375,1,0.616,0.558
D2CCC285-2BD3-5D22-667E-39D823D4D255,1472842608.256,68204.8,37.3970758,-121.98432375,1,0.615,0.557
D2CCC285-2BD3-5D22-667E-39D823D4D255,1472842608.464,68205,37.3970757833333,-121.984323733333,1,0.615,0.557
D2CCC285-2BD3-5D22-667E-39D823D4D255,1472842608.657,68205.2,37.3970757833333,-121.984323733333,1,0.615,0.557
D2CCC285-2BD3-5D22-667E-39D823D4D255,1472842608.861,68205.4,37.3970757666667,-121.984323733333,1,0.615,0.557
D2CCC285-2BD3-5D22-667E-39D823D4D255,1472842609.066,68205.6,37.3970757666667,-121.984323733333,1,0.615,0.557
D2CCC285-2BD3-5D22-667E-39D823D4D255,1472842609.261,68205.8,37.3970757666667,-121.984323733333,1,0.614,0.556
D2CCC285-2BD3-5D22-667E-39D823D4D255,1472842609.466,68206,37.39707575,-121.984323733333,1,0.614,0.556
D2CCC285-2BD3-5D22-667E-39D823D4D255,1472842609.666,68206.2,37.3970757333333,-121.984323733333,1,0.614,0.556
D2CCC285-2BD3-5D22-667E-39D823D4D255,1472842609.86,68206.4,37.3970757,-121.984323733333,1,0.614,0.556
D2CCC285-2BD3-5D22-667E-39D823D4D255,1472842610.057,68206.6,37.3970757,-121.984323733333,1,0.614,0.556
D2CCC285-2BD3-5D22-667E-39D823D4D255,1472842610.26,68206.8,37.3970757,-121.984323733333,1,0.613,0.555
D2CCC285-2BD3-5D22-667E-39D823D4D255,1472842610.465,68207,37.3970756833333,-121.98432375,1,0.613,0.555
D2CCC285-2BD3-5D22-667E-39D823D4D255,1472842610.657,68207.2,37.3970756666667,-121.984323766667,1,0.613,0.555
D2CCC285-2BD3-5D22-667E-39D823D4D255,1472842610.864,68207.4,37.3970756666667,-121.984323783333,1,0.613,0.555
D2CCC285-2BD3-5D22-667E-39D823D4D255,1472842611.058,68207.6,37.3970756666667,-121.984323783333,1,0.613,0.555
D2CCC285-2BD3-5D22-667E-39D823D4D255,1472842611.265,68207.8,37.3970756666667,-121.984323783333,1,0.612,0.554
D2CCC285-2BD3-5D22-667E-39D823D4D255,1472842611.456,68208,37.39707565,-121.984323783333,1,0.612,0.554
D2CCC285-2BD3-5D22-667E-39D823D4D255,1472842611.662,68208.2,37.3970756333333,-121.9843238,1,0.612,0.554
D2CCC285-2BD3-5D22-667E-39D823D4D255,1472842611.865,68208.4,37.3970756166667,-121.984323816667,1,0.612,0.554
D2CCC285-2BD3-5D22-667E-39D823D4D255,1472842612.056,68208.6,37.3970756166667,-121.984323816667,1,0.612,0.554
D2CCC285-2BD3-5D22-667E-39D823D4D255,1472842612.262,68208.8,37.3970756166667,-121.984323816667,1,0.611,0.553
D2CCC285-2BD3-5D22-667E-39D823D4D255,1472842612.463,68209,37.3970756166667,-121.984323816667,1,0.611,0.553
D2CCC285-2BD3-5D22-667E-39D823D4D255,1472842612.667,68209.2,37.3970756,-121.984323816667,1,0.611,0.553
D2CCC285-2BD3-5D22-667E-39D823D4D255,1472842612.859,68209.4,37.3970755666667,-121.9843238,1,0.611,0.553
D2CCC285-2BD3-5D22-667E-39D823D4D255,1472842613.061,68209.6,37.3970755666667,-121.9843238,1,0.611,0.553
D2CCC285-2BD3-5D22-667E-39D823D4D255,1472842613.265,68209.8,37.3970755666667,-121.984323816667,1,0.61,0.552
D2CCC285-2BD3-5D22-667E-39D823D4D255,1472842613.465,68210,37.39707555,-121.9843238,1,0.61,0.552
D2CCC285-2BD3-5D22-667E-39D823D4D255,1472842613.666,68210.2,37.39707555,-121.9843238,1,0.61,0.552
D2CCC285-2BD3-5D22-667E-39D823D4D255,1472842613.864,68210.4,37.39707555,-121.9843238,1,0.61,0.552
D2CCC285-2BD3-5D22-667E-39D823D4D255,1472842614.064,68210.6,37.39707555,-121.9843238,1,0.61,0.552
D2CCC285-2BD3-5D22-667E-39D823D4D255,1472842614.261,68210.8,37.39707555,-121.9843238,1,0.609,0.551
D2CCC285-2BD3-5D22-667E-39D823D4D255,1472842614.465,68211,37.39707555,-121.9843238,1,0.609,0.551
D2CCC285-2BD3-5D22-667E-39D823D4D255,1472842614.661,68211.2,37.39707555,-121.9843238,1,0.609,0.551
D2CCC285-2BD3-5D22-667E-39D823D4D255,1472842614.865,68211.4,37.39707555,-121.9843238,1,0.609,0.551
D2CCC285-2BD3-5D22-667E-39D823D4D255,1472842615.059,68211.6,37.3970755,-121.984323766667,1,0.609,0.551
D2CCC285-2BD3-5D22-667E-39D823D4D255,1472842615.261,68211.8,37.3970754166667,-121.98432375,1,0.608,0.55
D2CCC285-2BD3-5D22-667E-39D823D4D255,1472842615.46,68212,37.3970753833333,-121.984323733333,1,0.608,0.55
D2CCC285-2BD3-5D22-667E-39D823D4D255,1472842615.656,68212.2,37.3970753833333,-121.984323733333,1,0.608,0.55
D2CCC285-2BD3-5D22-667E-39D823D4D255,1472842615.862,68212.4,37.3970753833333,-121.984323733333,1,0.608,0.55
D2CCC285-2BD3-5D22-667E-39D823D4D255,1472842616.059,68212.6,37.3970753333333,-121.984323716667,1,0.608,0.55
D2CCC285-2BD3-5D22-667E-39D823D4D255,1472842616.261,68212.8,37.3970752833333,-121.984323683333,1,0.607,0.549
D2CCC285-2BD3-5D22-667E-39D823D4D255,1472842616.466,68213,37.3970752333333,-121.984323666667,1,0.607,0.549
D2CCC285-2BD3-5D22-667E-39D823D4D255,1472842616.663,68213.2,37.3970752333333,-121.984323666667,1,0.607,0.549
D2CCC285-2BD3-5D22-667E-39D823D4D255,1472842616.856,68213.4,37.3970752333333,-121.984323666667,1,0.607,0.549
D2CCC285-2BD3-5D22-667E-39D823D4D255,1472842617.058,68213.6,37.3970751833333,-121.984323666667,1,0.607,0.549
D2CCC285-2BD3-5D22-667E-39D823D4D255,1472842617.266,68213.8,37.3970751333333,-121.984323666667,1,0.606,0.548
D2CCC285-2BD3-5D22-667E-39D823D4D255,1472842617.457,68214,37.3970750833333,-121.984323666667,1,0.606,0.548
D2CCC285-2BD3-5D22-667E-39D823D4D255,1472842617.663,68214.2,37.3970750833333,-121.984323666667,1,0.606,0.548
D2CCC285-2BD3-5D22-667E-39D823D4D255,1472842617.856,68214.4,37.3970750833333,-121.984323666667,1,0.606,0.548
D2CCC285-2BD3-5D22-667E-39D823D4D255,1472842618.057,68214.6,37.3970750666667,-121.984323683333,1,0.606,0.548
D2CCC285-2BD3-5D22-667E-39D823D4D255,1472842618.265,68214.8,37.3970750333333,-121.9843237,1,0.604,0.547
D2CCC285-2BD3-5D22-667E-39D823D4D255,1472842618.465,68215,37.397075,-121.984323716667,1,0.604,0.547
D2CCC285-2BD3-5D22-667E-39D823D4D255,1472842618.657,68215.2,37.397075,-121.984323716667,1,0.604,0.547
D2CCC285-2BD3-5D22-667E-39D823D4D255,1472842618.864,68215.4,37.397075,-121.984323716667,1,0.604,0.547
D2CCC285-2BD3-5D22-667E-39D823D4D255,1472842619.057,68215.6,37.3970749833333,-121.984323733333,1,0.604,0.547
D2CCC285-2BD3-5D22-667E-39D823D4D255,1472842619.26,68215.8,37.39707495,-121.984323766667,1,0.603,0.546
D2CCC285-2BD3-5D22-667E-39D823D4D255,1472842619.461,68216,37.3970749166667,-121.984323783333,1,0.603,0.546
D2CCC285-2BD3-5D22-667E-39D823D4D255,1472842619.657,68216.2,37.3970749166667,-121.984323783333,1,0.603,0.546
D2CCC285-2BD3-5D22-667E-39D823D4D255,1472842619.861,68216.4,37.3970749166667,-121.984323783333,1,0.603,0.546
D2CCC285-2BD3-5D22-667E-39D823D4D255,1472842620.057,68216.6,37.3970749166667,-121.984323783333,1,0.603,0.546
D2CCC285-2BD3-5D22-667E-39D823D4D255,1472842620.262,68216.8,37.3970749,-121.984323816667,1,0.602,0.545
D2CCC285-2BD3-5D22-667E-39D823D4D255,1472842620.464,68217,37.3970749,-121.984323816667,1,0.602,0.545
D2CCC285-2BD3-5D22-667E-39D823D4D255,1472842620.657,68217.2,37.3970748833333,-121.984323816667,1,0.602,0.545
D2CCC285-2BD3-5D22-667E-39D823D4D255,1472842620.859,68217.4,37.3970748666667,-121.984323833333,1,0.602,0.545
D2CCC285-2BD3-5D22-667E-39D823D4D255,1472842621.063,68217.6,37.3970748666667,-121.984323833333,1,0.602,0.545
D2CCC285-2BD3-5D22-667E-39D823D4D255,1472842621.259,68217.8,37.3970748666667,-121.984323833333,1,0.601,0.544
D2CCC285-2BD3-5D22-667E-39D823D4D255,1472842621.464,68218,37.3970748666667,-121.984323833333,1,0.601,0.544
D2CCC285-2BD3-5D22-667E-39D823D4D255,1472842621.666,68218.2,37.3970748333333,-121.984323833333,1,0.601,0.544
D2CCC285-2BD3-5D22-667E-39D823D4D255,1472842621.859,68218.4,37.3970748,-121.984323833333,1,0.601,0.544
D2CCC285-2BD3-5D22-667E-39D823D4D255,1472842622.065,68218.6,37.3970747833333,-121.984323833333,1,0.601,0.544
D2CCC285-2BD3-5D22-667E-39D823D4D255,1472842622.257,68218.8,37.3970747833333,-121.984323833333,1,0.6,0.543
D2CCC285-2BD3-5D22-667E-39D823D4D255,1472842622.463,68219,37.3970747833333,-121.984323833333,1,0.6,0.543
D2CCC285-2BD3-5D22-667E-39D823D4D255,1472842622.664,68219.2,37.39707475,-121.984323833333,1,0.6,0.543
D2CCC285-2BD3-5D22-667E-39D823D4D255,1472842622.857,68219.4,37.3970747166667,-121.984323833333,1,0.6,0.543
D2CCC285-2BD3-5D22-667E-39D823D4D255,1472842623.064,68219.6,37.3970747166667,-121.984323833333,1,0.6,0.543
D2CCC285-2BD3-5D22-667E-39D823D4D255,1472842623.257,68219.8,37.3970747166667,-121.984323833333,1,0.599,0.542
D2CCC285-2BD3-5D22-667E-39D823D4D255,1472842623.462,68220,37.3970747166667,-121.984323833333,1,0.599,0.542
D2CCC285-2BD3-5D22-667E-39D823D4D255,1472842623.656,68220.2,37.3970746833333,-121.984323833333,1,0.599,0.542
D2CCC285-2BD3-5D22-667E-39D823D4D255,1472842623.86,68220.4,37.3970746666667,-121.984323833333,1,0.599,0.542
D2CCC285-2BD3-5D22-667E-39D823D4D255,1472842624.06,68220.6,37.3970746333333,-121.984323833333,1,0.599,0.542
D2CCC285-2BD3-5D22-667E-39D823D4D255,1472842624.259,68220.8,37.3970746333333,-121.984323833333,1,0.598,0.541
D2CCC285-2BD3-5D22-667E-39D823D4D255,1472842624.459,68221,37.3970746333333,-121.984323833333,1,0.598,0.541
D2CCC285-2BD3-5D22-667E-39D823D4D255,1472842624.656,68221.2,37.3970746166667,-121.984323833333,1,0.598,0.541
D2CCC285-2BD3-5D22-667E-39D823D4D255,1472842624.86,68221.4,37.3970746,-121.984323833333,1,0.598,0.541
D2CCC285-2BD3-5D22-667E-39D823D4D255,1472842625.064,68221.6,37.3970745833333,-121.984323833333,1,0.598,0.541
D2CCC285-2BD3-5D22-667E-39D823D4D255,1472842625.259,68221.8,37.3970745833333,-121.984323833333,1,0.597,0.54
D2CCC285-2BD3-5D22-667E-39D823D4D255,1472842625.463,68222,37.3970745833333,-121.984323833333,1,0.597,0.54
D2CCC285-2BD3-5D22-667E-39D823D4D255,1472842625.665,68222.2,37.3970745666667,-121.984323833333,1,0.597,0.54
D2CCC285-2BD3-5D22-667E-39D823D4D255,1472842625.866,68222.4,37.3970745333333,-121.984323816667,1,0.597,0.54
D2CCC285-2BD3-5D22-667E-39D823D4D255,1472842626.058,68222.6,37.3970745333333,-121.984323816667,1,0.597,0.54
D2CCC285-2BD3-5D22-667E-39D823D4D255,1472842626.257,68222.8,37.3970745333333,-121.984323816667,1,0.596,0.539
D2CCC285-2BD3-5D22-667E-39D823D4D255,1472842626.46,68223,37.3970745333333,-121.984323816667,1,0.596,0.539
D2CCC285-2BD3-5D22-667E-39D823D4D255,1472842626.665,68223.2,37.3970745333333,-121.984323816667,1,0.596,0.539
D2CCC285-2BD3-5D22-667E-39D823D4D255,1472842626.858,68223.4,37.3970745333333,-121.984323816667,1,0.596,0.539
D2CCC285-2BD3-5D22-667E-39D823D4D255,1472842627.056,68223.6,37.3970745166667,-121.984323816667,1,0.596,0.539
D2CCC285-2BD3-5D22-667E-39D823D4D255,1472842627.261,68223.8,37.3970745166667,-121.984323816667,1,0.595,0.538
D2CCC285-2BD3-5D22-667E-39D823D4D255,1472842627.455,68224,37.3970745,-121.984323816667,1,0.595,0.538
D2CCC285-2BD3-5D22-667E-39D823D4D255,1472842627.662,68224.2,37.3970744833333,-121.984323816667,1,0.595,0.538
D2CCC285-2BD3-5D22-667E-39D823D4D255,1472842627.864,68224.4,37.3970744833333,-121.984323816667,1,0.595,0.538
D2CCC285-2BD3-5D22-667E-39D823D4D255,1472842628.06,68224.6,37.3970744833333,-121.984323816667,1,0.595,0.538
D2CCC285-2BD3-5D22-667E-39D823D4D255,1472842628.264,68224.8,37.3970744166667,-121.984323816667,1,0.594,0.537
D2CCC285-2BD3-5D22-667E-39D823D4D255,1472842628.457,68225,37.3970743833333,-121.984323816667,1,0.594,0.537
D2CCC285-2BD3-5D22-667E-39D823D4D255,1472842628.656,68225.2,37.39707435,-121.984323833333,1,0.594,0.537
D2CCC285-2BD3-5D22-667E-39D823D4D255,1472842628.86,68225.4,37.39707435,-121.984323833333,1,0.594,0.537
D2CCC285-2BD3-5D22-667E-39D823D4D255,1472842629.065,68225.6,37.39707435,-121.984323833333,1,0.594,0.537
D2CCC285-2BD3-5D22-667E-39D823D4D255,1472842629.259,68225.8,37.3970743,-121.98432385,1,0.593,0.536
D2CCC285-2BD3-5D22-667E-39D823D4D255,1472842629.461,68226,37.3970742666667,-121.984323866667,1,0.593,0.536
D2CCC285-2BD3-5D22-667E-39D823D4D255,1472842629.666,68226.2,37.39707425,-121.984323866667,1,0.593,0.536
D2CCC285-2BD3-5D22-667E-39D823D4D255,1472842629.859,68226.4,37.39707425,-121.984323866667,1,0.593,0.536
D2CCC285-2BD3-5D22-667E-39D823D4D255,1472842630.061,68226.6,37.39707425,-121.984323866667,1,0.593,0.536
D2CCC285-2BD3-5D22-667E-39D823D4D255,1472842630.256,68226.8,37.3970742,-121.984323883333,1,0.592,0.535
D2CCC285-2BD3-5D22-667E-39D823D4D255,1472842630.465,68227,37.3970741833333,-121.9843239,1,0.592,0.535
D2CCC285-2BD3-5D22-667E-39D823D4D255,1472842630.661,68227.2,37.39707415,-121.984323916667,1,0.592,0.535
D2CCC285-2BD3-5D22-667E-39D823D4D255,1472842630.863,68227.4,37.39707415,-121.984323916667,1,0.592,0.535
D2CCC285-2BD3-5D22-667E-39D823D4D255,1472842631.065,68227.6,37.39707415,-121.984323916667,1,0.592,0.535
D2CCC285-2BD3-5D22-667E-39D823D4D255,1472842631.263,68227.8,37.3970741333333,-121.984323916667,1,0.591,0.534
D2CCC285-2BD3-5D22-667E-39D823D4D255,1472842631.466,68228,37.3970741,-121.984323933333,1,0.591,0.534
D2CCC285-2BD3-5D22-667E-39D823D4D255,1472842631.661,68228.2,37.3970740833333,-121.98432395,1,0.591,0.534
D2CCC285-2BD3-5D22-667E-39D823D4D255,1472842631.856,68228.4,37.3970740833333,-121.98432395,1,0.591,0.534
D2CCC285-2BD3-5D22-667E-39D823D4D255,1472842632.057,68228.6,37.3970740833333,-121.98432395,1,0.591,0.534
D2CCC285-2BD3-5D22-667E-39D823D4D255,1472842632.266,68228.8,37.3970740666667,-121.98432395,1,0.59,0.533
D2CCC285-2BD3-5D22-667E-39D823D4D255,1472842632.458,68229,37.3970740333333,-121.984323966667,1,0.59,0.533
D2CCC285-2BD3-5D22-667E-39D823D4D255,1472842632.657,68229.2,37.3970740333333,-121.984323966667,1,0.59,0.533
D2CCC285-2BD3-5D22-667E-39D823D4D255,1472842632.859,68229.4,37.3970740333333,-121.984323966667,1,0.59,0.533
D2CCC285-2BD3-5D22-667E-39D823D4D255,1472842633.063,68229.6,37.3970740333333,-121.984323966667,1,0.59,0.533
D2CCC285-2BD3-5D22-667E-39D823D4D255,1472842633.256,68229.8,37.3970740333333,-121.984323966667,1,0.588,0.532
D2CCC285-2BD3-5D22-667E-39D823D4D255,1472842633.463,68230,37.3970740333333,-121.984323966667,1,0.588,0.532
D2CCC285-2BD3-5D22-667E-39D823D4D255,1472842633.655,68230.2,37.3970740333333,-121.984323966667,1,0.588,0.532
D2CCC285-2BD3-5D22-667E-39D823D4D255,1472842633.857,68230.4,37.3970740333333,-121.984323966667,1,0.588,0.532
D2CCC285-2BD3-5D22-667E-39D823D4D255,1472842634.059,68230.6,37.3970740333333,-121.984323966667,1,0.588,0.532
D2CCC285-2BD3-5D22-667E-39D823D4D255,1472842634.264,68230.8,37.3970740333333,-121.984323966667,1,0.588,0.531
D2CCC285-2BD3-5D22-667E-39D823D4D255,1472842634.458,68231,37.3970740333333,-121.984323966667,1,0.588,0.531
D2CCC285-2BD3-5D22-667E-39D823D4D255,1472842634.659,68231.2,37.3970740166667,-121.984323966667,1,0.588,0.531
D2CCC285-2BD3-5D22-667E-39D823D4D255,1472842634.861,68231.4,37.3970739833333,-121.984323966667,1,0.588,0.531
D2CCC285-2BD3-5D22-667E-39D823D4D255,1472842635.065,68231.6,37.39707395,-121.984323966667,1,0.588,0.531
D2CCC285-2BD3-5D22-667E-39D823D4D255,1472842635.263,68231.8,37.39707395,-121.984323966667,1,0.587,0.53
D2CCC285-2BD3-5D22-667E-39D823D4D255,1472842635.462,68232,37.39707395,-121.984323966667,1,0.587,0.53
D2CCC285-2BD3-5D22-667E-39D823D4D255,1472842635.663,68232.2,37.39707395,-121.984323966667,1,0.587,0.53
D2CCC285-2BD3-5D22-667E-39D823D4D255,1472842635.856,68232.4,37.3970739333333,-121.984323966667,1,0.587,0.53
D2CCC285-2BD3-5D22-667E-39D823D4D255,1472842636.065,68232.6,37.3970739166667,-121.984323966667,1,0.587,0.53
D2CCC285-2BD3-5D22-667E-39D823D4D255,1472842636.258,68232.8,37.3970739,-121.984323983333,1,0.586,0.53
D2CCC285-2BD3-5D22-667E-39D823D4D255,1472842636.463,68233,37.3970739,-121.984323983333,1,0.586,0.53
D2CCC285-2BD3-5D22-667E-39D823D4D255,1472842636.66,68233.2,37.3970739,-121.984323983333,1,0.586,0.53
D2CCC285-2BD3-5D22-667E-39D823D4D255,1472842636.857,68233.4,37.3970739,-121.984324,1,0.586,0.53
D2CCC285-2BD3-5D22-667E-39D823D4D255,1472842637.058,68233.6,37.3970738833333,-121.984324,1,0.586,0.53
D2CCC285-2BD3-5D22-667E-39D823D4D255,1472842637.263,68233.8,37.3970738833333,-121.984324016667,1,0.585,0.529
D2CCC285-2BD3-5D22-667E-39D823D4D255,1472842637.456,68234,37.3970738833333,-121.984324016667,1,0.585,0.529
D2CCC285-2BD3-5D22-667E-39D823D4D255,1472842637.661,68234.2,37.3970738833333,-121.984324016667,1,0.585,0.529
D2CCC285-2BD3-5D22-667E-39D823D4D255,1472842637.859,68234.4,37.3970738833333,-121.984324033333,1,0.585,0.529
D2CCC285-2BD3-5D22-667E-39D823D4D255,1472842638.065,68234.6,37.3970739,-121.98432405,1,0.585,0.529
D2CCC285-2BD3-5D22-667E-39D823D4D255,1472842638.262,68234.8,37.3970739,-121.98432405,1,0.584,0.528
D2CCC285-2BD3-5D22-667E-39D823D4D255,1472842638.457,68235,37.3970739,-121.98432405,1,0.584,0.528
D2CCC285-2BD3-5D22-667E-39D823D4D255,1472842638.662,68235.2,37.3970739,-121.98432405,1,0.584,0.528
D2CCC285-2BD3-5D22-667E-39D823D4D255,1472842638.866,68235.4,37.3970739,-121.98432405,1,0.584,0.528
D2CCC285-2BD3-5D22-667E-39D823D4D255,1472842639.059,68235.6,37.3970739166667,-121.984324066667,1,0.584,0.528
D2CCC285-2BD3-5D22-667E-39D823D4D255,1472842639.263,68235.8,37.3970739166667,-121.984324066667,1,0.583,0.527
D2CCC285-2BD3-5D22-667E-39D823D4D255,1472842639.464,68236,37.3970739166667,-121.984324066667,1,0.583,0.527
D2CCC285-2BD3-5D22-667E-39D823D4D255,1472842639.659,68236.2,37.3970739166667,-121.984324066667,1,0.583,0.527
D2CCC285-2BD3-5D22-667E-39D823D4D255,1472842639.855,68236.4,37.3970739166667,-121.984324066667,1,0.583,0.527
D2CCC285-2BD3-5D22-667E-39D823D4D255,1472842640.063,68236.6,37.3970739166667,-121.984324066667,1,0.583,0.527
D2CCC285-2BD3-5D22-667E-39D823D4D255,1472842640.261,68236.8,37.3970739166667,-121.984324066667,1,0.582,0.526
D2CCC285-2BD3-5D22-667E-39D823D4D255,1472842640.465,68237,37.39707395,-121.984324083333,1,0.582,0.526
D2CCC285-2BD3-5D22-667E-39D823D4D255,1472842640.658,68237.2,37.3970739666667,-121.9843241,1,0.582,0.526
D2CCC285-2BD3-5D22-667E-39D823D4D255,1472842640.86,68237.4,37.3970739666667,-121.9843241,1,0.582,0.526
D2CCC285-2BD3-5D22-667E-39D823D4D255,1472842641.055,68237.6,37.3970739666667,-121.9843241,1,0.582,0.526
D2CCC285-2BD3-5D22-667E-39D823D4D255,1472842641.26,68237.8,37.3970739666667,-121.984324116667,1,0.581,0.525
D2CCC285-2BD3-5D22-667E-39D823D4D255,1472842641.458,68238,37.397074,-121.984324133333,1,0.581,0.525
D2CCC285-2BD3-5D22-667E-39D823D4D255,1472842641.661,68238.2,37.3970740166667,-121.98432415,1,0.581,0.525
D2CCC285-2BD3-5D22-667E-39D823D4D255,1472842641.862,68238.4,37.3970740166667,-121.98432415,1,0.581,0.525
D2CCC285-2BD3-5D22-667E-39D823D4D255,1472842642.064,68238.6,37.3970740166667,-121.98432415,1,0.581,0.525
D2CCC285-2BD3-5D22-667E-39D823D4D255,1472842642.261,68238.8,37.3970740333333,-121.984324166667,1,0.58,0.524
D2CCC285-2BD3-5D22-667E-39D823D4D255,1472842642.459,68239,37.39707405,-121.984324166667,1,0.58,0.524
D2CCC285-2BD3-5D22-667E-39D823D4D255,1472842642.661,68239.2,37.3970740666667,-121.984324183333,1,0.58,0.524
D2CCC285-2BD3-5D22-667E-39D823D4D255,1472842642.864,68239.4,37.3970740666667,-121.984324183333,1,0.58,0.524
D2CCC285-2BD3-5D22-667E-39D823D4D255,1472842643.059,68239.6,37.3970740666667,-121.984324183333,1,0.58,0.524
D2CCC285-2BD3-5D22-667E-39D823D4D255,1472842643.257,68239.8,37.3970740833333,-121.984324183333,1,0.579,0.523
D2CCC285-2BD3-5D22-667E-39D823D4D255,1472842643.458,68240,37.3970741,-121.984324183333,1,0.579,0.523
D2CCC285-2BD3-5D22-667E-39D823D4D255,1472842643.663,68240.2,37.3970741,-121.984324183333,1,0.579,0.523
D2CCC285-2BD3-5D22-667E-39D823D4D255,1472842643.857,68240.4,37.3970741,-121.984324183333,1,0.579,0.523
D2CCC285-2BD3-5D22-667E-39D823D4D255,1472842644.064,68240.6,37.3970741,-121.984324183333,1,0.579,0.523
D2CCC285-2BD3-5D22-667E-39D823D4D255,1472842644.259,68240.8,37.3970741,-121.984324183333,1,0.578,0.523
D2CCC285-2BD3-5D22-667E-39D823D4D255,1472842644.462,68241,37.3970741,-121.984324183333,1,0.578,0.523
D2CCC285-2BD3-5D22-667E-39D823D4D255,1472842644.665,68241.2,37.3970741,-121.984324166667,1,0.578,0.523
D2CCC285-2BD3-5D22-667E-39D823D4D255,1472842644.866,68241.4,37.3970741,-121.984324166667,1,0.578,0.523
D2CCC285-2BD3-5D22-667E-39D823D4D255,1472842645.064,68241.6,37.3970741,-121.984324166667,1,0.578,0.523
D2CCC285-2BD3-5D22-667E-39D823D4D255,1472842645.259,68241.8,37.3970741,-121.984324166667,1,0.577,0.522
D2CCC285-2BD3-5D22-667E-39D823D4D255,1472842645.464,68242,37.3970741,-121.984324166667,1,0.577,0.522
D2CCC285-2BD3-5D22-667E-39D823D4D255,1472842645.659,68242.2,37.3970740833333,-121.98432415,1,0.577,0.522
D2CCC285-2BD3-5D22-667E-39D823D4D255,1472842645.859,68242.4,37.3970740833333,-121.98432415,1,0.577,0.522
D2CCC285-2BD3-5D22-667E-39D823D4D255,1472842646.057,68242.6,37.3970740833333,-121.98432415,1,0.577,0.522
D2CCC285-2BD3-5D22-667E-39D823D4D255,1472842646.262,68242.8,37.3970740833333,-121.98432415,1,0.577,0.521
D2CCC285-2BD3-5D22-667E-39D823D4D255,1472842646.455,68243,37.3970740833333,-121.98432415,1,0.577,0.521
D2CCC285-2BD3-5D22-667E-39D823D4D255,1472842646.661,68243.2,37.3970740833333,-121.98432415,1,0.577,0.521
D2CCC285-2BD3-5D22-667E-39D823D4D255,1472842646.863,68243.4,37.3970740666667,-121.98432415,1,0.577,0.521
D2CCC285-2BD3-5D22-667E-39D823D4D255,1472842647.064,68243.6,37.39707405,-121.984324133333,1,0.577,0.521
D2CCC285-2BD3-5D22-667E-39D823D4D255,1472842647.26,68243.8,37.3970740166667,-121.984324133333,1,0.576,0.52
D2CCC285-2BD3-5D22-667E-39D823D4D255,1472842647.464,68244,37.3970740166667,-121.984324133333,1,0.576,0.52
D2CCC285-2BD3-5D22-667E-39D823D4D255,1472842647.656,68244.2,37.3970740166667,-121.984324133333,1,0.576,0.52
D2CCC285-2BD3-5D22-667E-39D823D4D255,1472842647.862,68244.4,37.397074,-121.984324116667,1,0.576,0.52
D2CCC285-2BD3-5D22-667E-39D823D4D255,1472842648.064,68244.6,37.3970739833333,-121.984324116667,1,0.576,0.52
D2CCC285-2BD3-5D22-667E-39D823D4D255,1472842648.262,68244.8,37.39707395,-121.9843241,1,0.575,0.519
D2CCC285-2BD3-5D22-667E-39D823D4D255,1472842648.462,68245,37.39707395,-121.9843241,1,0.575,0.519
D2CCC285-2BD3-5D22-667E-39D823D4D255,1472842648.666,68245.2,37.39707395,-121.9843241,1,0.575,0.519
D2CCC285-2BD3-5D22-667E-39D823D4D255,1472842648.861,68245.4,37.3970739333333,-121.9843241,1,0.575,0.519
D2CCC285-2BD3-5D22-667E-39D823D4D255,1472842649.06,68245.6,37.3970739166667,-121.984324083333,1,0.575,0.519
D2CCC285-2BD3-5D22-667E-39D823D4D255,1472842649.257,68245.8,37.3970739,-121.984324083333,1,0.574,0.519
D2CCC285-2BD3-5D22-667E-39D823D4D255,1472842649.46,68246,37.3970739,-121.984324083333,1,0.574,0.519
D2CCC285-2BD3-5D22-667E-39D823D4D255,1472842649.664,68246.2,37.3970739,-121.984324083333,1,0.574,0.519
D2CCC285-2BD3-5D22-667E-39D823D4D255,1472842649.862,68246.4,37.3970738833333,-121.984324066667,1,0.574,0.519
D2CCC285-2BD3-5D22-667E-39D823D4D255,1472842650.064,68246.6,37.39707385,-121.984324066667,1,0.574,0.519
D2CCC285-2BD3-5D22-667E-39D823D4D255,1472842650.262,68246.8,37.39707385,-121.98432405,1,0.573,0.518
D2CCC285-2BD3-5D22-667E-39D823D4D255,1472842650.464,68247,37.39707385,-121.98432405,1,0.573,0.518
D2CCC285-2BD3-5D22-667E-39D823D4D255,1472842650.655,68247.2,37.39707385,-121.98432405,1,0.573,0.518
D2CCC285-2BD3-5D22-667E-39D823D4D255,1472842650.855,68247.4,37.39707385,-121.98432405,1,0.573,0.518
D2CCC285-2BD3-5D22-667E-39D823D4D255,1472842651.059,68247.6,37.3970738333333,-121.984324016667,1,0.573,0.518
D2CCC285-2BD3-5D22-667E-39D823D4D255,1472842651.256,68247.8,37.3970738166667,-121.984323983333,1,0.572,0.517
D2CCC285-2BD3-5D22-667E-39D823D4D255,1472842651.463,68248,37.3970738333333,-121.984323983333,1,0.572,0.517
D2CCC285-2BD3-5D22-667E-39D823D4D255,1472842651.659,68248.2,37.3970738333333,-121.984323983333,1,0.572,0.517
D2CCC285-2BD3-5D22-667E-39D823D4D255,1472842651.861,68248.4,37.3970738333333,-121.984323983333,1,0.572,0.517
D2CCC285-2BD3-5D22-667E-39D823D4D255,1472842652.055,68248.6,37.3970738333333,-121.984323966667,1,0.572,0.517
D2CCC285-2BD3-5D22-667E-39D823D4D255,1472842652.257,68248.8,37.3970738333333,-121.984323933333,1,0.571,0.516
D2CCC285-2BD3-5D22-667E-39D823D4D255,1472842652.459,68249,37.3970738333333,-121.984323933333,1,0.571,0.516
D2CCC285-2BD3-5D22-667E-39D823D4D255,1472842652.662,68249.2,37.3970738333333,-121.984323916667,1,0.571,0.516
D2CCC285-2BD3-5D22-667E-39D823D4D255,1472842652.863,68249.4,37.3970738333333,-121.984323883333,1,0.571,0.516
D2CCC285-2BD3-5D22-667E-39D823D4D255,1472842653.059,68249.6,37.3970738333333,-121.984323883333,1,0.571,0.516
D2CCC285-2BD3-5D22-667E-39D823D4D255,1472842653.263,68249.8,37.3970738333333,-121.984323883333,1,0.57,0.515
D2CCC285-2BD3-5D22-667E-39D823D4D255,1472842653.457,68250,37.39707385,-121.984323866667,1,0.57,0.515
D2CCC285-2BD3-5D22-667E-39D823D4D255,1472842653.66,68250.2,37.39707385,-121.984323833333,1,0.57,0.515
D2CCC285-2BD3-5D22-667E-39D823D4D255,1472842653.862,68250.4,37.39707385,-121.984323816667,1,0.57,0.515
D2CCC285-2BD3-5D22-667E-39D823D4D255,1472842654.059,68250.6,37.39707385,-121.984323816667,1,0.57,0.515
D2CCC285-2BD3-5D22-667E-39D823D4D255,1472842654.264,68250.8,37.39707385,-121.984323816667,1,0.569,0.515
D2CCC285-2BD3-5D22-667E-39D823D4D255,1472842654.457,68251,37.39707385,-121.984323783333,1,0.569,0.515
D2CCC285-2BD3-5D22-667E-39D823D4D255,1472842654.655,68251.2,37.3970738666667,-121.984323766667,1,0.569,0.515
D2CCC285-2BD3-5D22-667E-39D823D4D255,1472842654.865,68251.4,37.3970738666667,-121.984323766667,1,0.569,0.515
D2CCC285-2BD3-5D22-667E-39D823D4D255,1472842655.063,68251.6,37.3970738666667,-121.984323766667,1,0.569,0.515
D2CCC285-2BD3-5D22-667E-39D823D4D255,1472842655.257,68251.8,37.3970738666667,-121.984323766667,1,0.569,0.514
D2CCC285-2BD3-5D22-667E-39D823D4D255,1472842655.464,68252,37.3970738666667,-121.98432375,1,0.569,0.514
D2CCC285-2BD3-5D22-667E-39D823D4D255,1472842655.661,68252.2,37.39707385,-121.98432375,1,0.569,0.514
D2CCC285-2BD3-5D22-667E-39D823D4D255,1472842655.863,68252.4,37.39707385,-121.98432375,1,0.569,0.514
D2CCC285-2BD3-5D22-667E-39D823D4D255,1472842656.059,68252.6,37.39707385,-121.98432375,1,0.569,0.514
D2CCC285-2BD3-5D22-667E-39D823D4D255,1472842656.263,68252.8,37.39707385,-121.98432375,1,0.568,0.513
D2CCC285-2BD3-5D22-667E-39D823D4D255,1472842656.462,68253,37.39707385,-121.98432375,1,0.568,0.513
D2CCC285-2BD3-5D22-667E-39D823D4D255,1472842656.658,68253.2,37.39707385,-121.984323766667,1,0.568,0.513
D2CCC285-2BD3-5D22-667E-39D823D4D255,1472842656.862,68253.4,37.3970738666667,-121.984323766667,1,0.568,0.513
D2CCC285-2BD3-5D22-667E-39D823D4D255,1472842657.059,68253.6,37.3970738666667,-121.984323766667,1,0.568,0.513
D2CCC285-2BD3-5D22-667E-39D823D4D255,1472842657.256,68253.8,37.3970738666667,-121.984323766667,1,0.567,0.512
D2CCC285-2BD3-5D22-667E-39D823D4D255,1472842657.459,68254,37.3970738666667,-121.98432375,1,0.567,0.512
D2CCC285-2BD3-5D22-667E-39D823D4D255,1472842657.664,68254.2,37.3970738666667,-121.98432375,1,0.567,0.512
D2CCC285-2BD3-5D22-667E-39D823D4D255,1472842657.862,68254.4,37.3970738666667,-121.98432375,1,0.567,0.512
D2CCC285-2BD3-5D22-667E-39D823D4D255,1472842658.063,68254.6,37.3970738666667,-121.98432375,1,0.567,0.512
D2CCC285-2BD3-5D22-667E-39D823D4D255,1472842658.261,68254.8,37.3970738666667,-121.984323733333,1,0.566,0.512
D2CCC285-2BD3-5D22-667E-39D823D4D255,1472842658.457,68255,37.3970738666667,-121.984323733333,1,0.566,0.512
D2CCC285-2BD3-5D22-667E-39D823D4D255,1472842658.655,68255.2,37.3970738666667,-121.984323733333,1,0.566,0.512
D2CCC285-2BD3-5D22-667E-39D823D4D255,1472842658.863,68255.4,37.3970738666667,-121.984323716667,1,0.566,0.512
D2CCC285-2BD3-5D22-667E-39D823D4D255,1472842659.057,68255.6,37.3970738666667,-121.984323716667,1,0.566,0.512
D2CCC285-2BD3-5D22-667E-39D823D4D255,1472842659.265,68255.8,37.3970738666667,-121.984323716667,1,0.565,0.511
D2CCC285-2BD3-5D22-667E-39D823D4D255,1472842659.457,68256,37.3970738666667,-121.984323683333,1,0.565,0.511
D2CCC285-2BD3-5D22-667E-39D823D4D255,1472842659.661,68256.2,37.3970738666667,-121.984323683333,1,0.565,0.511
D2CCC285-2BD3-5D22-667E-39D823D4D255,1472842659.857,68256.4,37.3970738666667,-121.984323683333,1,0.565,0.511
D2CCC285-2BD3-5D22-667E-39D823D4D255,1472842660.058,68256.6,37.3970738666667,-121.98432365,1,0.565,0.511
D2CCC285-2BD3-5D22-667E-39D823D4D255,1472842660.264,68256.8,37.3970738666667,-121.984323616667,1,0.564,0.51
D2CCC285-2BD3-5D22-667E-39D823D4D255,1472842660.463,68257,37.3970738666667,-121.9843236,1,0.564,0.51
D2CCC285-2BD3-5D22-667E-39D823D4D255,1472842660.662,68257.2,37.3970738666667,-121.9843236,1,0.564,0.51
D2CCC285-2BD3-5D22-667E-39D823D4D255,1472842660.864,68257.4,37.3970738666667,-121.9843236,1,0.564,0.51
D2CCC285-2BD3-5D22-667E-39D823D4D255,1472842661.063,68257.6,37.3970738666667,-121.984323566667,1,0.564,0.51
D2CCC285-2BD3-5D22-667E-39D823D4D255,1472842661.261,68257.8,37.39707385,-121.984323533333,1,0.564,0.509
D2CCC285-2BD3-5D22-667E-39D823D4D255,1472842661.459,68258,37.39707385,-121.9843235,1,0.564,0.509
D2CCC285-2BD3-5D22-667E-39D823D4D255,1472842661.659,68258.2,37.39707385,-121.9843235,1,0.564,0.509
D2CCC285-2BD3-5D22-667E-39D823D4D255,1472842661.859,68258.4,37.39707385,-121.9843235,1,0.564,0.509
D2CCC285-2BD3-5D22-667E-39D823D4D255,1472842662.056,68258.6,37.3970738333333,-121.984323483333,1,0.564,0.509
D2CCC285-2BD3-5D22-667E-39D823D4D255,1472842662.264,68258.8,37.3970738333333,-121.98432345,1,0.563,0.508
D2CCC285-2BD3-5D22-667E-39D823D4D255,1472842662.459,68259,37.3970738333333,-121.984323433333,1,0.563,0.508
D2CCC285-2BD3-5D22-667E-39D823D4D255,1472842662.655,68259.2,37.3970738333333,-121.984323433333,1,0.563,0.508
D2CCC285-2BD3-5D22-667E-39D823D4D255,1472842662.862,68259.4,37.3970738333333,-121.984323433333,1,0.563,0.508
D2CCC285-2BD3-5D22-667E-39D823D4D255,1472842663.06,68259.6,37.3970738333333,-121.984323416667,1,0.563,0.508
D2CCC285-2BD3-5D22-667E-39D823D4D255,1472842663.264,68259.8,37.3970738333333,-121.9843234,1,0.562,0.508
D2CCC285-2BD3-5D22-667E-39D823D4D255,1472842663.456,68260,37.3970738333333,-121.984323383333,1,0.562,0.508
D2CCC285-2BD3-5D22-667E-39D823D4D255,1472842663.663,68260.2,37.3970738333333,-121.984323383333,1,0.562,0.508
D2CCC285-2BD3-5D22-667E-39D823D4D255,1472842663.855,68260.4,37.3970738333333,-121.984323383333,1,0.562,0.508
D2CCC285-2BD3-5D22-667E-39D823D4D255,1472842664.06,68260.6,37.39707385,-121.984323383333,1,0.562,0.508
D2CCC285-2BD3-5D22-667E-39D823D4D255,1472842664.265,68260.8,37.39707385,-121.984323366667,1,0.561,0.507
D2CCC285-2BD3-5D22-667E-39D823D4D255,1472842664.463,68261,37.39707385,-121.984323333333,1,0.561,0.507
D2CCC285-2BD3-5D22-667E-39D823D4D255,1472842664.661,68261.2,37.39707385,-121.984323333333,1,0.561,0.507
D2CCC285-2BD3-5D22-667E-39D823D4D255,1472842664.864,68261.4,37.39707385,-121.984323333333,1,0.561,0.507
