AnalyzerId,EpochTime,SurveyModeTypeId,Amplitude,CH4,Position,Lisa,LisaOpeningAngle,LisaBearing,CarBearing,Major,Minor,CarSpeedNorth,CarSpeedEast,WindDirectionStdDev,WindSpeedNorth,WindSpeedEast,Sigma,Distance,GpsLatitude,GpsLongitude,PassedAutoThreshold,SurveyId,EthaneRatio,EthaneRatioSdevRaw,EthaneRatioSdev,EthaneConcentrationSdev,EthyleneRatio,EthyleneRatioSdevRaw,EthyleneRatioSdev,EthyleneConcentrationSdev,PipEnergy,MethanePeaktoPeak,Disposition,ClassificationConfidence
34A34021-8814-8A01-9183-39D4B4DE03BE,1450140392.51273,4901E67A-4C00-4436-ADC0-9CFB277BB311,19.1180185134348,22.8613631006182,0xE6100000010C8A2926A9AB7E5EC0CB863595C5B54240,0xE6100000010445000000F362E36DAC7E5EC09239B5DBC6B54240956DDA84B17E5EC071E54F4ECFB54240A2D454E4B07E5EC0F727712BD0B542400052F536B07E5EC0C74090EED0B54240DDE11642AC7E5EC0795E4F12C7B542409C1E792CAC7E5EC0103B5B26C7B54240F4DA2113AC7E5EC085AED638C7B542406B44C6F8AB7E5EC039374B47C7B542408A1BA7DDAB7E5EC037529551C7B542404E0107C2AB7E5EC066B89B57C7B542407ED329A6AB7E5EC0999C4F59C7B54240E905548AAB7E5EC0FFCFAC56C7B5424040FAC96EAB7E5EC057CCB94FC7B542401458CF53AB7E5EC010A48744C7B54240AA66A639AB7E5EC05AD83135C7B54240236A8F20AB7E5EC08E15DE21C7B542409505C808AB7E5EC0A3D6BB0AC7B54240A9A38AF2AA7E5EC093F003F0C6B542400FE70DDEAA7E5EC0A906F8D1C6B54240502484CBAA7E5EC053E9E1B0C6B54240134C88C9AA7E5EC0FE42EDACC6B5424061DE5FB9AA7E5EC02329D488C6B542409C8684ABAA7E5EC0088A6462C6B54240594F18A0AA7E5EC049D2FC39C6B542405D483797AA7E5EC0E0440010C6B54240AD41F790AA7E5EC05507D6E4C5B54240F895678DAA7E5EC04F24E8B8C5B54240DB04918CAA7E5EC01D87A28CC5B542406E9D758EAA7E5EC088F27160C5B542402BB91093AA7E5EC0B5F5C234C5B542405D07579AAA7E5EC062E1000AC5B54240EFA836A4AA7E5EC04DC094E0C4B54240585C97B0AA7E5EC02955E4B8C4B5424024B95ABFAA7E5EC097205193C4B54240B97A5CD0AA7E5EC0A8713770C4B5424066D972E3AA7E5EC01283ED4FC4B5424004F16EF8AA7E5EC05AA7C232C4B5424036341D0FAB7E5EC0FF85FE18C4B54240FEEA4527AB7E5EC0656BE002C4B54240A6BBAD40AB7E5EC05FAD9EF0C3B54240953C165BAB7E5EC0AF2566E2C3B54240918D3E76AB7E5EC0D8C359D8C3B5424032F7E391AB7E5EC04D3792D2C3B54240B88EC2ADAB7E5EC0CBB21DD1C3B54240F0DC95C9AB7E5EC077C9FFD3C3B542405D8619E5AB7E5EC0186631DBC3B542402FF30900AC7E5EC079DCA0E6C3B5424044F5241AAC7E5EC0DB1432F6C3B54240CB6A2A33AC7E5EC0F0D0BE09C4B54240C3DBDC4AAC7E5EC0D3091721C4B5424008110261AC7E5EC00466013CC4B5424051A36375AC7E5EC04CC63B5AC4B54240D280CF87AC7E5EC029E87B7BC4B542404B681898AC7E5EC03C1C709FC4B54240255816A6AC7E5EC0FE0EC0C5C4B54240C7F0A6B1AC7E5EC0B1A10DEEC4B54240FCC8ADBAAC7E5EC09ED1F517C5B54240CAB314C1AC7E5EC050AB1143C5B54240E7F6CBC4AC7E5EC07E47F76EC5B542405B71CAC5AC7E5EC039CF3A9BC5B54240F2B10DC4AC7E5EC0CC846FC7C5B5424040FD99BFAC7E5EC0F7CE28F3C5B5424010437AB8AC7E5EC0A343FB1DC6B54240A903C0AEAC7E5EC0CDAF7D47C6B54240AA2483A2AC7E5EC0F8194A6FC6B5424079B6E193AC7E5EC0ADBCFE94C6B5424048AAFF82AC7E5EC0ADF63EB8C6B54240E0790670AC7E5EC0852EB4D8C6B54240F362E36DAC7E5EC09239B5DBC6B5424001000000020000000001000000FFFFFFFF0000000003,0.100978103652343,-0.662453497938979,0.90373318183574,6,6,2.72829687648019,3.49120808077223,2.82718980980726,3.75573833202244,-2.92964023511013,1.95290817935262,95,37.4200922485144,-121.979227343985,1,4D7BF7AC-6CC2-9B18-1894-39D4B546927B,0,NULL,NULL,NULL,0,NULL,NULL,NULL,1142.09317403542,20.8161224992458,3,NULL
34A34021-8814-8A01-9183-39D4B4DE03BE,1450140525.66139,4901E67A-4C00-4436-ADC0-9CFB277BB311,1.02075264751924,4.17702782370176,0xE6100000010C2A696A7EA17E5EC00770C4A489B54240,0xE610000001044500000083715583A27E5EC0B8E629F188B54240C36E8944A97E5EC0572AB24A84B5424056A5618FA97E5EC0447E918685B54240CC0369C6A97E5EC0D2AC8ECC86B542406B5818E9A97E5EC00CDF881988B54240A96B1AF7A97E5EC0AB124E6A89B5424098D14CF0A97E5EC0A9F3A2BB8AB542408C3EC0D4A97E5EC0AFCC4A0A8CB542402D5EB8A4A97E5EC0F67A0F538DB54240402DAB60A97E5EC0FA51C9928EB54240EDD73F09A97E5EC0B4DB66C68FB542401B1F4D9FA87E5EC03D62F4EA90B54240E648D723A87E5EC06230A3FD91B542404BA10D98A77E5EC05277D0FB92B54240169147FDA67E5EC06DC80BE393B5424034520155A67E5EC063131DB194B54240B149D8A0A57E5EC0C9190A6495B542400F1087E2A47E5EC0D24A1BFA95B54240F531E11BA47E5EC040FBDF7196B5424088B3CE4EA37E5EC020EF31CA96B542405CE24FBBA17E5EC0408EFB5D8BB54240692B6FA8A17E5EC0027AF8638BB54240F6E8AF8CA17E5EC0B2485A688BB542400FA2CD70A17E5EC083BB66688BB5424003D70C55A17E5EC0E1B31D648BB54240ECB5B139A17E5EC0D5B8895B8BB542401773FF1EA17E5EC026DDBF4E8BB54240FEA33705A17E5EC0978BDF3D8BB542401F9E99ECA07E5EC0B93912298BB5424065DB61D5A07E5EC00E028B108BB54240A165C9BFA07E5EC0802686F48AB54240594A05ACA07E5EC0547C48D58AB542408018469AA07E5EC018C31EB38AB542402369B78AA07E5EC012E85C8E8AB542405D747F7DA07E5EC010385D678AB5424059B3BE72A07E5EC09B817F3E8AB54240A8908F6AA07E5EC08D2928148AB5424048270665A07E5EC07534BFE889B5424045113062A07E5EC01347AFBC89B5424059461462A07E5EC04FA0649089B54240BF0AB364A07E5EC0580F4C6489B5424094EE056AA07E5EC04EE8D13889B54240A9DDFF71A07E5EC026FA600E89B54240A33F8D7CA07E5EC0448861E588B5424019289489A07E5EC0574A38BE88B542404D96F498A07E5EC0EC74459988B54240C8C388AAA07E5EC01ACDE37688B54240228125BEA07E5EC07EC9675788B542401DA09AD3A07E5EC0C1C21E3B88B54240454D29D6A07E5EC093911B3888B54240CA736EEDA07E5EC05677B41F88B5424044D21706A17E5EC02930090B88B54240F2D2E81FA17E5EC0E4824CFA87B54240C909A23AA17E5EC07B8DA7ED87B5424050D00156A17E5EC0046039E587B54240DDE6C471A17E5EC061B016E187B54240CA19A78DA17E5EC067A749E187B5424006E963A9A17E5EC0DFC7D1E587B542405930B7C4A17E5EC0C6EFA3EE87B54240D0CE5DDFA17E5EC09773AAFB87B542409A4B16F9A17E5EC09753C50C88B54240E976A111A27E5EC0658ACA2188B542402F05C328A27E5EC03E74863A88B542403223423EA27E5EC0CF4DBC5688B54240AE01EA51A27E5EC086C9267688B5424012578A63A27E5EC0CBB9789888B5424016D6F772A27E5EC09CCE5DBD88B542402F980C80A27E5EC0AE647BE488B5424083715583A27E5EC0B8E629F188B5424001000000020000000001000000FFFFFFFF0000000003,0.897412797415261,-1.08235411844357,2.50908743382687,6,6,-3.30626778052374,2.47405084884162,25.6915560333712,1.34659443107125,-2.53410381351021,2.14819899728788,714,37.4182630515615,-121.97860680415,1,4D7BF7AC-6CC2-9B18-1894-39D4B546927B,0,NULL,NULL,NULL,0,NULL,NULL,NULL,21.8469943245996,2.8047237915156,3,NULL
34A34021-8814-8A01-9183-39D4B4DE03BE,1450140532.65219,4901E67A-4C00-4436-ADC0-9CFB277BB311,2.30304986736425,6.00406193092898,0xE6100000010CCCE760269F7E5EC0B627EDB284B54240,0xE6100000010445000000F807BAEE9F7E5EC0CBDF4FF385B542408903D81EA57E5EC07DCE633F8EB5424069C4EF80A47E5EC0E35036218FB54240AF7EE0D5A37E5EC062C268E98FB54240226F4E1FA37E5EC08F500F9690B542402C1AFA5EA27E5EC032D5812591B54240F9FDBB96A17E5EC054E85F9691B54240013438789F7E5EC08062616386B542408D6D556B9F7E5EC0C508926986B54240CA61FB4F9F7E5EC0E5992E7286B542406F233B349F7E5EC09A57807686B5424034DF58189F7E5EC074A57C7686B54240681599FC9E7E5EC0898C237286B54240A7F13FE19E7E5EC057BB7F6986B542405FA390C69E7E5EC0926BA65C86B54240C6B8CCAC9E7E5EC0EF2DB74B86B54240C97D33949E7E5EC0AC9CDB3686B542409060017D9E7E5EC047F5461E86B54240085D6F679E7E5EC0AD9A350286B54240E470B2539E7E5EC0DA80ECE285B542407219FB419E7E5EC07283B8C085B5424073DC74329E7E5EC0F1A8ED9B85B542403EDD45259E7E5EC04554E67485B54240027F8E1A9E7E5EC0B766024C85B542403D1569129E7E5EC06A54A62185B5424009A3E90C9E7E5EC08D2D3AF684B54240FEA91D0A9E7E5EC0B39E28CA84B54240F6080C0A9E7E5EC0C8EADD9D84B5424037EBB40C9E7E5EC01EE1C67184B5424004C811129E7E5EC00FD24F4684B54240AF72151A9E7E5EC0F884E31B84B54240F23AAC249E7E5EC0DF31EAF283B542404D1DBC319E7E5EC06981C8CB83B54240F70225419E7E5EC09795DEA683B54240A910C1529E7E5EC0981D878483B54240A30365669E7E5EC00277166583B54240F39BE07B9E7E5EC098DED94883B5424090F96F7E9E7E5EC0A928D84583B54240FBB4BA959E7E5EC025897E2D83B54240BFCC68AE9E7E5EC0B28AE11883B54240809F3DC89E7E5EC00ED1330883B54240D2B7F9E29E7E5EC074559EFB82B5424025685BFE9E7E5EC0F30140F382B542401F6C1F1A9F7E5EC07E652DEF82B54240D08D01369F7E5EC06A8170EF82B54240544DBD519F7E5EC0DCB008F482B5424010890E6D9F7E5EC056AAEAFC82B542401125B2879F7E5EC07E9B000A83B54240EEAF66A19F7E5EC0AD5E2A1B83B542408C03EDB99F7E5EC0F5C93D3083B5424041E008D19F7E5EC0A716074983B54240CF8081E69F7E5EC09360496583B54240E52522FA9F7E5EC0963BBF8483B54240AF97BA0BA07E5EC0265E1BA783B542404C9C1F1BA07E5EC0395F09CC83B54240FA612B28A07E5EC093852EF383B542400CDCBD32A07E5EC0B4A62A1C84B542409611BD3AA07E5EC01413994684B54240445D1540A07E5EC0788D117284B54240A19DB942A07E5EC0054B299E84B542405055A342A07E5EC0A5F973CA84B5424006BBD23FA07E5EC015CA84F684B5424000B94E3AA07E5EC03D7BEF2185B5424006DC2432A07E5EC02064494C85B5424025326927A07E5EC0DC792A7585B542406719361AA07E5EC0504F2E9C85B542400BFFAB0AA07E5EC0C30BF5C085B54240E70FF1F89F7E5EC06A5624E385B54240F807BAEE9F7E5EC0CBDF4FF385B5424001000000020000000001000000FFFFFFFF0000000003,0.262355367599659,-0.519629981909987,2.51051125939044,6,6,-4.82098908947871,3.55111686832312,7.41993563554183,2.85610046803723,-1.63389114916316,8.1577821172376,735,37.4181121465347,-121.978463740766,1,4D7BF7AC-6CC2-9B18-1894-39D4B546927B,0,NULL,NULL,NULL,0,NULL,NULL,NULL,40.3832997448201,2.97505682777998,3,NULL
34A34021-8814-8A01-9183-39D4B4DE03BE,1450140534.44648,4901E67A-4C00-4436-ADC0-9CFB277BB311,1.15474056209226,5.64787165560512,0xE6100000010CD957E4F89D7E5EC0B893CA0C82B54240,0xE610000001044500000047FCD4FC9E7E5EC0BE86C5C382B5424071A7E3B7A57E5EC039E59D8087B542403D986558A57E5EC0BC771DAE88B54240D788CAE6A47E5EC08C5253CB89B54240688F2964A47E5EC018CA82D58AB542406594C3D1A37E5EC090EF1DCA8BB54240413E0031A37E5EC077D7CBA68CB54240D47D6A83A27E5EC0F05D6E698DB542402AC4ACCAA17E5EC0A85A27108EB54240D6EA8C08A17E5EC097375D998EB54240F9D8E73EA07E5EC042DFBE038FB5424090EFAC6F9F7E5EC0DDF8464E8FB542407E48D99C9E7E5EC0696A3E788FB542403C66610E9E7E5EC0D6AC23CF83B542406825E2FC9D7E5EC060CCE4D083B54240B43F04E19D7E5EC0F47758CF83B5424071FE60C59D7E5EC0924C79C983B542401E473CAA9D7E5EC004B755BF83B5424065C8D88F9D7E5EC0C29F06B183B54240395677769D7E5EC0C62DAF9E83B54240A24A565E9D7E5EC02E707C8883B5424082ECB0479D7E5EC08CEFA46E83B5424005DEBE329D7E5EC0EE27685183B54240E893B31F9D7E5EC0E4EC0D3183B5424010D7BD0E9D7E5EC00DB9E50D83B54240A75107009D7E5EC0DDEA45E882B54240B628B4F39C7E5EC063F08AC082B542405AA3E2E99C7E5EC04064169782B5424068E0AAE29C7E5EC0DD1D4E6C82B542402C9B1EDE9C7E5EC03A379B4082B54240CEFF48DC9C7E5EC0B70A691482B54240EF8F2EDD9C7E5EC0632B24E881B542409417CDE09C7E5EC0385A39BC81B5424087B21BE79C7E5EC0F07A149181B5424038E20AF09C7E5EC0018B1F6781B54240C9B384FB9C7E5EC0319DC13E81B5424000F66C099D7E5EC068DC5D1881B542407E7EA1199D7E5EC0039852F480B54240BF7DFA2B9D7E5EC03D5CF8D280B54240D4E04A409D7E5EC08D18A1B480B5424031C060569D7E5EC07056979980B542408E8000599D7E5EC0F622BA9680B542401C8BCF709D7E5EC07B3AAC7F80B54240A5E0EC899D7E5EC013EC6D6C80B5424088CE1AA49D7E5EC0FA7D2E5D80B54240710419BF9D7E5EC08A65135280B542406932A5DA9D7E5EC045EB374B80B54240ACAB7BF69D7E5EC0C2E7AC4880B54240F50C58129E7E5EC0539A784A80B5424086E4F52D9E7E5EC0A699965080B54240345A11499E7E5EC09FDEF75A80B542402AD667639E7E5EC041E9826980B542407AA4B87C9E7E5EC055FF137C80B542400A94C5949E7E5EC02D847D9280B54240638F53AB9E7E5EC0B36888AC80B54240D92D2BC09E7E5EC0AAB2F4C980B54240A23B19D39E7E5EC0D6197AEA80B54240A937EFE39E7E5EC09BB9C80D81B54240BFC583F29E7E5EC02FD5893381B542404914B3FE9E7E5EC0C3AC605B81B542402F345F089F7E5EC04C61EB8481B542406C62700F9F7E5EC0FEE4C3AF81B542406E42D5139F7E5EC0F9F580DB81B54240BD0883159F7E5EC0EC20B70782B54240809575149F7E5EC0F6C8F93382B54240A27EAF109F7E5EC09032DC5F82B5424071093A0A9F7E5EC0A18EF28A82B54240E21325019F7E5EC05503D3B482B5424047FCD4FC9E7E5EC0BE86C5C382B5424001000000020000000001000000FFFFFFFF0000000003,0.556692976630887,-0.59697272777493,2.5451460116418,6,6,-5.07826271601115,3.53103631759225,15.8899950871333,2.47443350261848,-1.6818769394848,2.72619064034279,746,37.4180313108911,-121.978391858895,1,4D7BF7AC-6CC2-9B18-1894-39D4B546927B,0,NULL,NULL,NULL,0,NULL,NULL,NULL,28.2670721665195,2.84364343508201,3,NULL
34A34021-8814-8A01-9183-39D4B4DE03BE,1450140539.70495,4901E67A-4C00-4436-ADC0-9CFB277BB311,6.61392403246129,11.5286253757883,0xE6100000010C5B5D90259A7E5EC0DF5C4FB679B54240,0xE61000000104450000005BD8E4419B7E5EC058316AB079B54240B4DD5B9EA27E5EC00A1C678979B54240C704B896A27E5EC0126AB0DA7AB542404EF9567AA27E5EC0A4712B297CB54240E4707E49A27E5EC00B7EA2717DB54240F068A604A27E5EC07DA1EEB07EB54240E6FF77ACA17E5EC06B73FFE37FB54240EED5CB41A17E5EC0A297E20781B54240BCF8A7C5A07E5EC07FFBCA1982B54240D75F3D39A07E5EC09EB7171783B542406CFFE49D9F7E5EC001855AFD83B54240E5781CF59E7E5EC0DCB55DCA84B542405B7182409E7E5EC04CA3297C85B54240EB96D2819D7E5EC0C282091186B54240F98859969A7E5EC0E360EC547BB542405581D9849A7E5EC0C5215C607BB542406110266A9A7E5EC07E881F6D7BB54240C028CA4E9A7E5EC0C9E5AC757BB54240B20009339A7E5EC02037EF797BB542402AC726179A7E5EC0F905DC797BB542405EFC67FB997E5EC07A8173757BB542407AC910E0997E5EC0017EC06C7BB54240255964C5997E5EC0995AD85F7BB542408A32A4AB997E5EC067CCDA4E7BB5424056980F93997E5EC0CC90F1397BB5424054EDE27B997E5EC0E00650217BB542400F205766997E5EC033B132057BB54240F31EA152997E5EC02FA1DEE57AB542405456F140997E5EC068CDA0C37AB5424063397331997E5EC08554CD9E7AB542407ED74C24997E5EC09FAEBE777AB54240A87E9E19997E5EC0F9CED44E7AB542403B6C8211997E5EC0533874247AB542405B8C0C0C997E5EC0F20505F979B542401D494A09997E5EC0E5EBF1CC79B5424080694209997E5EC0E630A7A079B54240D300F50B997E5EC051A4917479B54240836E5B11997E5EC0E0921D4979B542405A6E6819997E5EC093BCB51E79B542402C390824997E5EC0784EC2F578B5424055B52031997E5EC0BAE2A7CE78B54240EBB69140997E5EC07E89C6A978B54240B94E3552997E5EC0E6DC788778B542407A27E065997E5EC07722136878B542404DF0617B997E5EC01C7CE24B78B5424089F6F17D997E5EC09332E24878B54240AC064295997E5EC04486953078B54240F89FF4AD997E5EC04840061C78B54240FB15CDC7997E5EC0AAE2660B78B542405CEA8BE2997E5EC05C43E0FE77B54240D568EFFD997E5EC0EC2791F677B542409A48B4199A7E5EC0E8F98DF277B542409F5196359A7E5EC0C094E0F277B542403F0451519A7E5EC0832D88F777B542406F41A06C9A7E5EC0DA54790078B542402BF240879A7E5EC01F139E0D78B542402BACF1A09A7E5EC0521ED61E78B54240BD5273B99A7E5EC06A29F73378B54240ABB189D09A7E5EC0454CCD4C78B542403A11FCE59A7E5EC026831B6978B5424077C195F99A7E5EC09E449C8878B54240A29B260B9B7E5EC0612C02AB78B542408178831A9B7E5EC05BB9F8CF78B542405E9A86279B7E5EC05A1D25F778B54240C10910329B7E5EC0131C272079B54240F6E3053A9B7E5EC091F7994A79B54240A79A543F9B7E5EC0B467157679B54240E823EF419B7E5EC0619A2EA279B542405BD8E4419B7E5EC058316AB079B5424001000000020000000001000000FFFFFFFF0000000003,0.616490287540607,-0.96733532148703,2.51187791248485,6,6,-5.96173781704357,4.2883579252805,17.5634939801723,1.47741528750522,-2.14357432364646,6.12906244721082,781,37.4177768588988,-121.978158372528,1,4D7BF7AC-6CC2-9B18-1894-39D4B546927B,0,NULL,NULL,NULL,0,NULL,NULL,NULL,201.535822154234,7.37182023754319,3,NULL
34A34021-8814-8A01-9183-39D4B4DE03BE,1450140823.57376,4901E67A-4C00-4436-ADC0-9CFB277BB311,2.59885749727708,9.64894206680731,0xE6100000010CEE3F110F917E5EC034B8316660B54240,0xE61000000104450000007EDEF628927E5EC0419DB22A60B54240F2FD2075997E5EC02040ABA05EB542403700BF86997E5EC09FE902F15FB54240CCBC8F83997E5EC0B3627A4261B5424051049B6B997E5EC01CA1D49162B54240A4AE1B3F997E5EC0DACBD9DB63B542405C0A7FFE987E5EC027235F1D65B5424065D063AA987E5EC030C84E5366B542400D9E9843987E5EC09851AF7A67B5424099F919CB977E5EC0001AAB9068B54240DBE50F42977E5EC0C836979269B54240180BCBA9967E5EC0D005FA7D6AB54240F37BC103967E5EC0234291506BB542407D1E8B51957E5EC0A59057086CB542401AC2DD94947E5EC01E7789A36CB54240EDEB88CF937E5EC067B1A9206DB5424011647103937E5EC01ADA847E6DB54240A78E8C32927E5EC0CE5D34BC6DB54240F29BDB5E917E5EC08FB120D96DB54240989B668A907E5EC02BC702D56DB54240E77E37B78F7E5EC0C9BBE4AF6DB54240811655E78E7E5EC010BF216A6DB54240CB17BE1C8E7E5EC0183365046DB54240213664598D7E5EC06707A97F6CB54240295C279F8C7E5EC0DD5233DD6BB54240B610D1EF8B7E5EC09432931E6BB54240D112104D8B7E5EC059F59C456AB542406D3774B88A7E5EC0189D655469B5424037936A338A7E5EC06EC13D4D68B54240A7F939BF897E5EC0C4DFAB3267B542401EDAFF5C897E5EC00B27660766B54240C682AD0D897E5EC054CE4BCE64B54240BDCF05D2887E5EC08C065E8A63B542400B9C86FA8F7E5EC0E53E9ACF60B54240162E22F68F7E5EC0803FFFAE60B54240B0ABFEF28F7E5EC07B93FC8260B5424077FF94F28F7E5EC0CF14B35660B54240FB2CE6F48F7E5EC0D28F8F2A60B54240F782ECF98F7E5EC08F73FEFE5FB5424050A99B01907E5EC061C76AD45FB542405CBFE00B907E5EC004243DAB5FB54240558AA218907E5EC0A3B2DA835FB5424042B3C127907E5EC05434A45E5FB5424007141939907E5EC06214F53B5FB5424098127E4C907E5EC0BD87221C5FB54240AB09C161907E5EC0A2BB7AFF5EB54240C0BDAD78907E5EC0961544E65EB542407BDD0B91907E5EC06B86BCD05EB54240F18B9FAA907E5EC01EF218BF5EB54240C1F329C5907E5EC0E6AD84B15EB54240E5383EC8907E5EC0F4963BB05EB5424090A38EE3907E5EC07F1654A75EB54240A5E949FF907E5EC07E4AB6A25EB54240B4EA2B1B917E5EC0348A6DA25EB542402727F036917E5EC059887AA65EB5424084685252917E5EC06751D3AE5EB542400A690F6D917E5EC0076463BB5EB54240F378E586917E5EC075E30BCC5EB54240C61F959F917E5EC04DE3A3E05EB5424056B8E1B6917E5EC016CCF8F85EB54240A90592CC917E5EC08CD7CE145FB54240ACBF70E0917E5EC07AA3E1335FB5424008164DF2917E5EC0B0D9E4555FB542400D28FB01927E5EC093EB847A5FB542408C70540F927E5EC064DF67A15FB542406024381A927E5EC0402D2ECA5FB542401E838B22927E5EC0D8A973F45FB54240AA183A28927E5EC0837CD01F60B542407EDEF628927E5EC0419DB22A60B5424001000000020000000001000000FFFFFFFF0000000003,1.5441044951603,-0.158697338507869,2.89017644637214,6,6,-2.41217834456041,0.682910913071636,44.1673905588636,0.656767789119848,-0.105111188262561,1.86202488924445,1923,37.4170043656244,-121.977603686864,1,4D7BF7AC-6CC2-9B18-1894-39D4B546927B,0,NULL,NULL,NULL,0,NULL,NULL,NULL,156.917096186075,4.98163400960079,3,NULL
34A34021-8814-8A01-9183-39D4B4DE03BE,1450140823.89936,4901E67A-4C00-4436-ADC0-9CFB277BB311,2.59123160073863,9.68866904852667,0xE6100000010C51564602917E5EC0BD8F611D60B54240,0xE6100000010445000000CEA6E31B927E5EC0BFBF2FDF5FB5424025299466997E5EC0D0180F435EB542404E867C79997E5EC0A37C39935FB5424024D29877997E5EC0C63FB7E460B54240C9AEED60997E5EC086484B3462B5424069CAB235997E5EC0F52FBD7E63B54240905652F6987E5EC02D2BE1C064B542405B0368A3987E5EC0A9D59FF765B542401281BF3D987E5EC077C9FD1F67B54240CF8B52C6977E5EC0B0F2223768B542400786463E977E5EC0298C613A69B54240D7A7E9A6967E5EC032B43C276AB54240F3C9AF01967E5EC04B896EFB6AB542402AD42E50957E5EC0A5BFEDB46BB5424034D81A94947E5EC0DBA1F2516CB5424061E241CF937E5EC09070FBD06CB54240798A8703937E5EC01116D0306DB54240A94FE032927E5EC0212585706DB54240DACA4C5F917E5EC05A1B7E8F6DB5424066C3D48A907E5EC0ADE16E8D6DB54240073282B78F7E5EC054875C6A6DB54240843E5CE78E7E5EC068359D266DB542402B44621C8E7E5EC02F5BD7C26CB5424089E986588D7E5EC0331500406CB542405A57AB9D8C7E5EC01BD3589F6BB54240649A9AED8B7E5EC0E8416CE26AB54240BC3B054A8B7E5EC05F820A0B6AB542401D1A7DB48A7E5EC0BCB4441B69B54240A68E712E8A7E5EC0C5E4671568B542406BE62BB9897E5EC0A062F7FB66B542407C39CC55897E5EC05D96A6D165B542402BA74605897E5EC05E5D529964B5424060FE60C8887E5EC0D901FA5563B54240BBD7B09F887E5EC0E2DDB70A62B542401A37E7E88F7E5EC061B0075E60B542408BAAA9E68F7E5EC07B128A4360B54240CA00ACE58F7E5EC01B7F461760B54240388969E78F7E5EC0F2DD11EB5FB5424040FDDDEB8F7E5EC010C858BF5FB542402E6BFEF28F7E5EC008A786945FB54240F150B9FC8F7E5EC009AD046B5FB5424040C7F608907E5EC067D238435FB542403DBC9817907E5EC034DB841D5FB54240593D7B28907E5EC0F56645FA5EB54240ABCF743B907E5EC02D0DD1D95EB54240CCD55650907E5EC0998877BC5EB542406802EE66907E5EC053F380A25EB542403BD6027F907E5EC0B5152D8C5EB542406C285A98907E5EC0A3C9B2795EB54240E0B7B5B2907E5EC0CE733F6B5EB54240BF85C5B5907E5EC08777DC695EB54240E3ACF6D0907E5EC0C31D0F605EB5424038FEA0EC907E5EC0E2B6875A5EB54240F3828008917E5EC00FD853595EB542409CC15024917E5EC09D75765C5EB542403B66CD3F917E5EC0CDDBE7635EB5424038EAB25A917E5EC0B7C1956F5EB54240453ABF74917E5EC03776637F5EB54240A658B28D917E5EC06C262A935EB542406FFA4EA5917E5EC0103DB9AA5EB54240081E5BBB917E5EC0D9D9D6C55EB54240C199A0CF917E5EC0A65F40E45EB54240D3A0EDE1917E5EC02518AB055FB54240B83D15F2917E5EC058EBC4295FB54240A8C0EFFF917E5EC0482935505FB542400A215B0B927E5EC0E2639D785FB5424022513B14927E5EC0F5569AA25FB54240E8827A1A927E5EC008DCC4CD5FB54240CEA6E31B927E5EC0BFBF2FDF5FB5424001000000020000000001000000FFFFFFFF0000000003,1.58468768220007,-0.124210251880878,2.86943720781591,6,6,-2.5345052577374,0.917844221627268,45.318307655043,0.646828372449236,-0.0807584617431123,2.47835512758436,1924,37.4169956873837,-121.97760064237,1,4D7BF7AC-6CC2-9B18-1894-39D4B546927B,0,NULL,NULL,NULL,0,NULL,NULL,NULL,154.199328839494,5.00299883989781,3,NULL
34A34021-8814-8A01-9183-39D4B4DE03BE,1450140824.22496,4901E67A-4C00-4436-ADC0-9CFB277BB311,2.58143782674387,9.72839603024604,0xE6100000010C7A2986F5907E5EC0466791D45FB54240,0xE6100000010445000000E748F30E927E5EC0BC3E40945FB54240254E5C58997E5EC029FCFDE95DB5424050FA466C997E5EC0B7BA023A5FB54240C6A9666B997E5EC0602C838B60B542406381BD55997E5EC0DE3042DB61B5424093B5802B997E5EC0AFF7062663B54240A40718ED987E5EC05AEAA46864B54240FEC61C9B987E5EC0BF7803A065B5424095585836987E5EC01FB425C966B542402D48C2BF977E5EC066A631E167B542404FE87D38977E5EC0765377E568B542409986D7A1967E5EC0555377D369B542406A3B41FD957E5EC018F5E8A86AB54240B55C4F4C957E5EC04ADBBF636BB54240A59CB490947E5EC0390431026CB54240B6DD3DCC937E5EC09531B7826CB5424061C6CD00937E5EC0CBA416E46CB54240651F5830927E5EC0B42660256DB54240E307DD5C917E5EC04B53F3456DB542402B0B6488907E5EC0BE2380456DB542405824F7B48F7E5EC007B307246DB54240DEBB9DE48E7E5EC0343BDCE16CB542407BAB57198E7E5EC06A4BA07F6CB54240AA5418558D7E5EC0773845FE6BB54240C6D5C1998C7E5EC0F8CB085F6BB542409B6920E98B7E5EC0933772A36AB54240B1FCE5448B7E5EC0E4534ECD69B542404403A6AE8A7E5EC04A34ABDE68B54240209AD1278A7E5EC06D1AD3D967B54240D1FBB3B1897E5EC0FDD546C166B54240F4526F4D897E5EC0569EB79765B542406CF1F9FB887E5EC04875006064B5424045F31BBE887E5EC038231F1D63B5424034536D94887E5EC0CEDD2CD261B542404575547F887E5EC03EAB568260B54240F1798BD98F7E5EC0937B57EB5FB542407CDEE7D88F7E5EC02ED917CE5FB542406473ABDA8F7E5EC0E5D2E3A15FB54240EAE225DF8F7E5EC0D1472C765FB54240A22C4CE68F7E5EC0B99D5C4B5FB5424022C00CF08F7E5EC0BB00DE215FB5424021A84FFC8F7E5EC0F16016FA5EB5424066C5F60A907E5EC0017867D45EB54240BA18DE1B907E5EC009D92DB15EB54240581BDC2E907E5EC0340DC0905EB54240F524C243907E5EC026BF6D735EB542405BDE5C5A907E5EC042F77E595EB5424091BF7472907E5EC0B56A33435EB542403E98CE8B907E5EC0F6DEC1305EB5424014212CA6907E5EC038A357225EB542406E1F3CA9907E5EC099B5F5205EB54240189D6EC4907E5EC08EBF31175EB542403EAF19E0907E5EC023E6B3115EB542403C5DF9FB907E5EC009A789105EB54240322DC917917E5EC0F1DEB5135EB5424039CC4433917E5EC081C2301B5EB542403FB6284E917E5EC084F1E7265EB54240E2DB3268917E5EC006A4BE365EB54240BB442381917E5EC00EF18D4A5EB542407DACBC98917E5EC02E2E25625EB542408A19C5AE917E5EC018674A7D5EB54240486B06C3917E5EC0F6EBBA9B5EB542402DDF4ED5917E5EC045F52BBD5EB54240F28A71E5917E5EC0875B4BE15EB54240F0CA46F3917E5EC01161C0075FB5424081A3ACFE917E5EC0148C2C305FB5424076148707927E5EC0AE8E2C5A5FB54240EA5DC00D927E5EC0E63A59855FB54240E748F30E927E5EC0BC3E40945FB5424001000000020000000001000000FFFFFFFF0000000003,1.62533285597251,-0.0883340007441305,2.87028627632387,6,6,-2.6568321709144,1.1527775301829,46.4692247512225,0.636888955778624,-0.056405735223664,3.14517815192919,1925,37.4169870091431,-121.977597597875,1,4D7BF7AC-6CC2-9B18-1894-39D4B546927B,0,NULL,NULL,NULL,0,NULL,NULL,NULL,149.975501628024,5.02119129556727,3,NULL
34A34021-8814-8A01-9183-39D4B4DE03BE,1450140824.5504,4901E67A-4C00-4436-ADC0-9CFB277BB311,2.57852955103485,9.76806895191202,0xE6100000010C4B2345E8907E5EC09A9E2C8C5FB54240,0xE61000000104450000008FC29C01927E5EC0ECD85B4B5FB54240D538C04A997E5EC09778C39D5DB542401CBDE75E997E5EC08E0FBFED5EB54240778A445E997E5EC0BED93F3F60B54240A62FD848997E5EC00BB6088F61B54240AF4BD71E997E5EC0C4BBE0D962B54240B50CA9E0987E5EC02D259B1C64B542409732E68E987E5EC0331C1F5465B54240B497572A987E5EC037566F7D66B542409843F4B3977E5EC0256CB19567B54240210CDF2C977E5EC0DFDC349A68B5424017CB6396967E5EC0AFA8798869B54240E42EF4F1957E5EC0A875365E6AB54240702E2441957E5EC0AC2D5E196BB54240B328A685947E5EC07B0825B86BB5424092B946C1937E5EC03FF504396CB54240444EE8F5927E5EC0EC58C19A6CB5424019847E25927E5EC004186ADC6CB54240115D0952917E5EC08CE45DFD6CB54240E355907D907E5EC050CA4BFD6CB54240C2691DAA8F7E5EC0C8F533DC6CB54240EF0FB8D98E7E5EC0AFB3679A6CB542407E3F600E8E7E5EC03CA988386CB542408585094A8D7E5EC00C4787B76BB54240DB39968E8C7E5EC0637AA0186BB5424004DED2DD8B7E5EC08AA25A5D6AB54240EDB171398B7E5EC0C9D1818769B54240028906A38A7E5EC00D63239968B5424027EA021C8A7E5EC041EF889467B54240E783B2A5897E5EC0A0AE327C66B542409DFD3741897E5EC0D453D15265B54240812D8AEF887E5EC005703F1B64B5424047BA71B1887E5EC007707AD862B542403B2E8787887E5EC0EF439B8D61B54240A0803172887E5EC00AC3CE3D60B5424096E054CC8F7E5EC06AEA72A35FB54240BAD49DCB8F7E5EC02C49FD8A5FB54240A4FA0DCD8F7E5EC085A3C15E5FB54240D5D935D18F7E5EC0CF8AF5325FB54240B93C0BD88F7E5EC04E9704085FB542409E597DE18F7E5EC0E64658DE5EB5424007FC74ED8F7E5EC0F8F956B65EB542409DBDD4FB8F7E5EC0D8F762905EB54240794E790C907E5EC0687DD96C5EB54240D9CB391F907E5EC001D8114C5EB542409224E833907E5EC0028F5C2E5EB54240408A514A907E5EC0F39D02145EB5424018EE3E62907E5EC048C144FD5DB542402088757B907E5EC04AD75AEA5DB54240A067B795907E5EC0DF5673DB5DB5424068BCC498907E5EC0FFDA02DA5DB54240CB52E4B3907E5EC08A95BDCF5DB54240EA8B84CF907E5EC0761BBCC95DB54240C68961EB907E5EC0CD2D0DC85DB5424019D93607917E5EC033EFB4CA5DB542407A19C022917E5EC0BCD9ACD15DB542405DA5B93D917E5EC0F2CEE3DC5DB542403A38E157917E5EC0E4413EEC5DB542405F91F670917E5EC0D37A96FF5DB54240C611BC88917E5EC0DCF3BC165EB542407453F79E917E5EC0B4CD78315EB54240F5B871B3917E5EC0685B884F5EB5424087F3F8C5917E5EC0A7C3A1705EB54240A97E5FD6917E5EC039B673945EB54240FA0F7DE4917E5EC0B933A6BA5EB5424025FA2EF0917E5EC0CA65DBE25EB54240248258F9917E5EC09885B00C5FB54240C025E3FF917E5EC084CEBE375FB542408FC29C01927E5EC0ECD85B4B5FB5424001000000020000000001000000FFFFFFFF0000000003,1.6642931039482,-0.0504973806065993,2.85857850223894,6,6,-2.76466359263663,1.39245932415274,47.570832425972,0.627220650615278,-0.0316999493032849,3.80566556383432,1926,37.4169783787377,-121.977594436187,1,4D7BF7AC-6CC2-9B18-1894-39D4B546927B,0,NULL,NULL,NULL,0,NULL,NULL,NULL,144.228669827326,5.03741681215333,3,NULL
34A34021-8814-8A01-9183-39D4B4DE03BE,1450140824.87041,4901E67A-4C00-4436-ADC0-9CFB277BB311,2.58043788903338,9.80595500912712,0xE6100000010CD4FEBDCA907E5EC01DDC08515FB54240,0xE610000001044500000019C388E6917E5EC0DB059A325FB54240E22FC43E997E5EC062ECFF685EB5424025FDAC42997E5EC0BD7972BA5FB542408FEDC731997E5EC0AC13E20A61B542402B803E0C997E5EC0F137145762B54240F7E96CD2987E5EC094CED89B63B542408433E184987E5EC0C3FE11D664B5424013DC5924987E5EC0EBD6BB0266B542409E05C4B1977E5EC025B5F31E67B542406C2E392E977E5EC0D25DFF2768B54240837DFC9A967E5EC003AF531B69B54240CCA877F9957E5EC021E09AF669B54240847C374B957E5EC08D3EBAB76AB54240680CE891947E5EC01459D75C6BB54240059850CF937E5EC08A8D5CE46BB54240532C4F05937E5EC05AEDFC4C6CB542403A0DD435927E5EC07C6FB7956CB5424056F2DC62917E5EC0E767D9BD6CB54240B522708E907E5EC0973E00C56CB54240877B97BA8F7E5EC0B8611AAB6CB54240FA6D5BE98E7E5EC0DC7067706CB542409F00BE1C8E7E5EC0A5A077156CB5424082E0B5568D7E5EC07E582A9B6BB54240428E29998C7E5EC0BC0DAC026BB54240C3B2EAE58B7E5EC07861734D6AB5424038A7B13E8B7E5EC028883D7D69B54240483B19A58A7E5EC0D2030A9468B54240D8C39A1A8A7E5EC072BB159467B54240087C8AA0897E5EC06E7BD57F66B5424068411438897E5EC0CCECEF5965B5424052B338E2887E5EC0E511372564B5424085BCCA9F887E5EC0A058A1E462B54240118D6D71887E5EC02D53429B61B5424080099357887E5EC03029434C60B542401DB37A52887E5EC0EED3DAFA5EB54240B69266AE8F7E5EC03EA0BA455FB542408F75ADAF8F7E5EC00B799A215FB54240B102F5B38F7E5EC09A13D6F55EB542402973E9BA8F7E5EC05EB6F1CA5EB5424000B179C48F7E5EC050C056A15EB54240B03D8ED08F7E5EC02F676B795EB54240E16B09DF8F7E5EC05EBC91535EB5424046A8C7EF8F7E5EC00CBC26305EB542400FD19F02907E5EC0B268810F5EB54240EB9A6317907E5EC05EF5F1F15DB54240F257DF19907E5EC0E1CBC7EE5DB54240FD998A30907E5EC0EC88FDD45DB54240A6AFB048907E5EC058E6D8BE5DB54240B2451662907E5EC0FE4990AC5DB54240FDF77C7C907E5EC0859E509E5DB54240BEEAA397907E5EC0F7E43C945DB54240E76948B3907E5EC0D5DE6D8E5DB54240FE8C26CF907E5EC032D1F18C5DB54240E9DDF9EA907E5EC0BD61CC8F5DB5424028017E06917E5EC0B48DF6965DB54240BD5D6F21917E5EC02DBB5EA25DB5424039C38B3B917E5EC04BE4E8B15DB54240620C9354917E5EC01ADC6EC55DB54240BDBC476C917E5EC054ACC0DC5DB542409E976F82917E5EC0370BA5F75DB542403B2FD496917E5EC043E8D9155EB542405D6A43A9917E5EC0810E15375EB5424081FF8FB9917E5EC0D3DA045B5EB5424003E491C7917E5EC07F0451815EB5424093AE26D3917E5EC016769BA95EB54240B0EB31DC917E5EC0923481D35EB5424095639DE2917E5EC07E529BFE5EB54240C65059E6917E5EC0D2EC7F2A5FB5424019C388E6917E5EC0DB059A325FB5424001000000020000000001000000FFFFFFFF0000000003,1.6456542293995,0.0074627867789889,2.47106822325728,6,6,-2.39337084111806,1.78909434425714,47.0425998259472,0.626513481897703,0.00467562333000748,4.60485533223953,1927,37.4169713294467,-121.977587400872,1,4D7BF7AC-6CC2-9B18-1894-39D4B546927B,0,NULL,NULL,NULL,0,NULL,NULL,NULL,136.954946115166,5.05256758055246,3,NULL
34A34021-8814-8A01-9183-39D4B4DE03BE,1450140825.51043,4901E67A-4C00-4436-ADC0-9CFB277BB311,2.59937463347122,9.88172712355732,0xE6100000010CAD72BA8F907E5EC02357C1DA5EB54240,0xE6100000010445000000FD8D13AB917E5EC067481F015FB54240830FD700997E5EC0D5C655FF5FB54240CE3373E4987E5EC0D22FD04D61B5424029F797B3987E5EC04F2B469662B542409B5DBD6E987E5EC01ACE90D563B54240ED8B8C16987E5EC05CB39F0865B542403128DEAB977E5EC09883802C66B542409045B82F977E5EC0E431663E67B542408CE04BA3967E5EC084DDAF3B68B54240BBF1F107967E5EC00047EF2169B54240561E285F957E5EC0E3C8EEEE69B54240AD0E8DAA947E5EC056C5B6A06AB542406473DCEB937E5EC0777B92356BB542407AC3EA24937E5EC0523814AC6BB542405ABDA057927E5EC05AD918036CB542401EB6F685917E5EC0A797CA396CB5424085C2EFB1907E5EC03115A34F6CB5424080C594DD8F7E5EC0E9A66C446CB542407070EF0A8F7E5EC097D842186CB542407F41053C8E7E5EC02B2992CB6BB54240348CD2728D7E5EC02F00175F6BB542409B9845B18C7E5EC0E9DEDBD36AB54240EBE439F98B7E5EC097D1362B6AB542405C95734C8B7E5EC01E27C66669B54240551D9BAC8A7E5EC020776C8868B54240AA2C391B8A7E5EC065004C9267B54240F3EAB299897E5EC0D76AC18666B54240118A4629897E5EC002FA5D6865B54240943808CB887E5EC05A3EE13964B542403C7BDF7F887E5EC0BA5432FE62B542404EF48448887E5EC0CCC458B861B54240029E8025887E5EC0C80F756B60B54240957C2817887E5EC0D001B91A5FB5424003CB9F1D887E5EC0EBD85FC95DB54240F17140748F7E5EC0E906EBB65EB54240283FA9748F7E5EC0500256AB5EB5424013CCF0788F7E5EC0D69C917F5EB542404B3CE57F8F7E5EC0883FAD545EB54240DB7975898F7E5EC06349122B5EB542403E068A958F7E5EC022F026035EB542401C3405A48F7E5EC030454DDD5DB542402C70C3B48F7E5EC0B444E2B95DB5424099989BC78F7E5EC02EF13C995DB5424017625FDC8F7E5EC0A67DAD7B5DB54240131FDBDE8F7E5EC0235483785DB54240BC6086F58F7E5EC0F610B95E5DB542400676AC0D907E5EC0266E94485DB54240AF0B1227907E5EC090D14B365DB5424097BD7841907E5EC0D5250C285DB54240F9AF9F5C907E5EC0066CF81D5DB54240C72E4478907E5EC09E6529185DB5424084512294907E5EC0B957AD165DB542401BA2F5AF907E5EC000E887195DB5424008C579CB907E5EC0B413B2205DB5424052216BE6907E5EC0EA401A2C5DB542408C868700917E5EC0C969A43B5DB5424079CF8E19917E5EC05A612A4F5DB542409F7F4331917E5EC05B317C665DB54240545A6B47917E5EC0099060815DB54240CFF1CF5B917E5EC0E26C959F5DB54240D72C3F6E917E5EC0F392D0C05DB54240E8C18B7E917E5EC01D5FC0E45DB5424066A68D8C917E5EC0A7880C0B5EB54240F7702298917E5EC022FA56335EB5424021AE2DA1917E5EC087B83C5D5EB542401A2699A7917E5EC063D656885EB542406B1355AB917E5EC0AE703BB45EB54240A74958AC917E5EC0F1B27EE05EB54240FD8D13AB917E5EC067481F015FB5424001000000020000000001000000FFFFFFFF0000000003,1.60900745146646,0.123235509097202,2.47106813159744,6,6,-1.65078533808092,2.58236438446595,45.9861346258977,0.625099144462554,0.0774267685965922,5.84383175056555,1929,37.4169572308646,-121.97757333024,1,4D7BF7AC-6CC2-9B18-1894-39D4B546927B,0,NULL,NULL,NULL,0,NULL,NULL,NULL,163.486955282988,5.18567919013634,3,NULL
34A34021-8814-8A01-9183-39D4B4DE03BE,1450140825.81513,4901E67A-4C00-4436-ADC0-9CFB277BB311,2.61033278727378,9.92078047228466,0xE6100000010CA14D8A66907E5EC017DEFEBF5EB54240,0xE6100000010445000000F0793A7F917E5EC02BF164085FB54240340269C3987E5EC029A872E860B54240B6711B97987E5EC00DB7883262B542400E4CAF56987E5EC0B199267463B54240FED2C202987E5EC0F93436AA64B54240FE30249C977E5EC001D1BDD165B54240D47ECF23977E5EC06F68E7E766B542404658EC9A967E5EC01DA007EA67B54240F905CB02967E5EC0E555A4D568B542404143E15C957E5EC095B67AA869B5424011A8C6AA947E5EC0F4CB84606AB542409ABF30EE937E5EC04775FEFB6AB5424061D5EE28937E5EC01DBE69796BB542400483E55C927E5EC0AC8892D76BB54240BB090A8C917E5EC0D28291156CB54240CC825DB8907E5EC0635ECE326CB54240FEF2E7E38F7E5EC05747012F6CB54240FE4CB3108F7E5EC04694330A6CB54240106FC6408E7E5EC074AFBFC46BB54240412820768D7E5EC0A838505F6BB542408151B2B28C7E5EC00D62DEDA6AB5424078065DF88B7E5EC0E58BAF386AB54240080AEA488B7E5EC03025527A69B54240B56108A68A7E5EC0CDD899A168B54240B73248118A7E5EC083109BB067B54240F6EA168C897E5EC0F4D8A5A966B542404DBFBB17897E5EC02333408F65B54240B38754B5887E5EC05BE11F6464B542401A01D365887E5EC0C5BE232B63B542408E7BFA29887E5EC018B24CE761B542407BFA5D02887E5EC0A14CB69B60B5424096CB5EEF877E5EC0C0278F4B5FB54240E3972BF1877E5EC0BF1311FA5DB542402FF1BF07887E5EC0032B79AA5CB542405DD4964D8F7E5EC09590027A5EB54240246E8C4E8F7E5EC0DC9D896E5EB542408E32E8548F7E5EC0FEA069435EB54240052CE45D8F7E5EC0129A7B195EB54240BE7E145F8F7E5EC0BF91CA145EB54240B01FE36A8F7E5EC02F92AAEC5DB5424032F61B798F7E5EC0A5A391C65DB54240F6119C898F7E5EC0B95DDDA25DB54240CAE93A9C8F7E5EC0E776E5815DB542402ABFCAB08F7E5EC017EDFA635DB54240AC0E19C78F7E5EC0A93E67495DB542400B0CEFDE8F7E5EC0E6B56B325DB54240CC2812F88F7E5EC099C8401F5DB5424019A44412907E5EC05F8D15105DB542407422462D907E5EC0F9470F055DB54240CF4BD448907E5EC0BC0D49FE5CB542408B6EAB64907E5EC00D83D3FB5CB54240C6258780907E5EC07CB2B4FD5CB542405B01239C907E5EC0EFFDE7035DB54240062E3BB7907E5EC0F8295E0E5DB54240041C8DD1907E5EC04083FD1C5DB542409122D8EA907E5EC0AD1DA22F5DB54240CC1EDE02917E5EC09C2C1E465DB54240520C6419917E5EC070733A605DB542403D96322E917E5EC033CDB67D5DB54240129F1641917E5EC038CA4A9E5DB5424059BEE151917E5EC00A62A6C15DB5424096B26A60917E5EC008B872E75DB54240AAC68D6C917E5EC0C7F0520F5EB5424085292D76917E5EC03416E5385EB542407337317D917E5EC03C08C3635EB542401EB48881917E5EC0A877838F5EB54240F4F42883917E5EC0DEE8BABB5EB5424050FB0D82917E5EC0DFBBFCE75EB54240F0793A7F917E5EC02BF164085FB5424001000000020000000001000000FFFFFFFF0000000003,1.58060546231678,0.170868100980628,1.9590427226343,6,6,-1.05348155637831,2.8214433983583,45.1789518103948,0.634806203797215,0.109536214257156,6.42821492562211,1930,37.4169540352856,-121.977563508511,1,4D7BF7AC-6CC2-9B18-1894-39D4B546927B,0,NULL,NULL,NULL,0,NULL,NULL,NULL,169.127463104596,5.22949439924017,3,NULL
34A34021-8814-8A01-9183-39D4B4DE03BE,1450140873.3491,4901E67A-4C00-4436-ADC0-9CFB277BB311,6.09670950000698,12.2344926874309,0xE6100000010C191B5F20AD7E5EC04974852DACB54240,0xE61000000104450000009379ACD9AD7E5EC0344E1584ADB54240EB42E5A5B27E5EC0FE43BA62B6B54240E3EC24FEB17E5EC06A8DDF31B7B54240D91C704AB17E5EC02B27F4E5B7B5424097F11FACAD7E5EC0497DD8B6ADB54240E844F4A3AD7E5EC00C2771BEADB542405756A08AAD7E5EC0F3E1F7D0ADB54240B55F4770AD7E5EC0282678DFADB54240191B2A55AD7E5EC0E353CEE9ADB54240DC248B39AD7E5EC06006E1EFADB54240F657AE1DAD7E5EC04052A1F1ADB542404A27D801AD7E5EC034EA0AEFADB5424079F54CE6AC7E5EC08C2924E8ADB54240EA6C50CBAC7E5EC09704FEDCADB542408DD924B1AC7E5EC000DFB3CDADB54240F8850A98AC7E5EC085486BBAADB54240781D3F80AC7E5EC0A8A053A3ADB542409114FD69AC7E5EC05EA2A588ADB5424063197B55AC7E5EC0A0D8A26AADB54240588DEB42AC7E5EC070FD9449ADB5424058097C32AC7E5EC0B444CD25ADB54240D0ED5424AC7E5EC0BF94A3FFACB5424073FF9818AC7E5EC05FAE75D7ACB54240DD11650FAC7E5EC08346A6ADACB54240BAC0CF08AC7E5EC0CD139C82ACB542404238E904AC7E5EC02AD2C056ACB54240790DBB03AC7E5EC0253F802AACB542407A09C503AC7E5EC044AD7125ACB5424085D4A105AC7E5EC0AE4240F9ABB54240A737350AAC7E5EC09F3A8FCDABB5424020F57311AC7E5EC0DCEAC9A2ABB5424074404C1BAC7E5EC017665979ABB542401CEAA527AC7E5EC0C779A351ABB54240F59A6236AC7E5EC018B4092CABB54240C21E5E47AC7E5EC03774E808ABB5424028BD6E5AAC7E5EC0720796E8AAB5424028A0656FAC7E5EC032D561CBAAB5424025470F86AC7E5EC0DC9B93B1AAB542407905349EAC7E5EC0A8C06A9BAAB54240328B98B7AC7E5EC0CEB31D89AAB54240C776FED1AC7E5EC0DB6AD97AAAB542405EEE24EDAC7E5EC031F2C070AAB54240123FC908AD7E5EC0F816ED6AAAB54240DB80A724AD7E5EC0272A6C69AAB54240583D7B40AD7E5EC05EDD416CAAB54240FC17005CAD7E5EC0D4396773AAB542400876F276AD7E5EC06EB1CA7EAAB5424099241091AD7E5EC0E149508EAAB5424045FB18AAAD7E5EC070E1D1A1AAB54240C479CFC1AD7E5EC0978C1FB9AAB54240FC5EF9D7AD7E5EC0C10B00D4AAB542401D3860ECAD7E5EC0F45731F2AAB542406AE6D1FEAD7E5EC0F9446913ABB54240541A210FAE7E5EC09E375637ABB54240CDC2251DAE7E5EC02BEE9F5DABB54240B86FBD28AE7E5EC03659E885ABB5424081A6CB31AE7E5EC0B082CCAFABB542400B283A38AE7E5EC00881E5DAABB542406E27F93BAE7E5EC0FB73C906ACB54240AF70FF3CAE7E5EC0AA880C33ACB542406C7F4A3BAE7E5EC08502425FACB542400985DE36AE7E5EC05F46FD8AACB542405B5EC62FAE7E5EC04BE5D2B5ACB5424007791326AE7E5EC082A459DFACB54240A0A8DD19AE7E5EC0E17F2B07ADB5424031EC420BAE7E5EC098A4E62CADB542407D2467FAAD7E5EC06C612E50ADB54240EBBB73E7AD7E5EC0700AAC70ADB542409379ACD9AD7E5EC0344E1584ADB5424001000000020000000001000000FFFFFFFF0000000003,0.137335045970879,-0.572471561628028,1.58863831599033,6,6,0.293756635298724,4.5476650030551,3.81081813369304,2.57615211852554,-1.66022975425861,8.1577821172376,2263,37.4193169487539,-121.979316800062,1,4D7BF7AC-6CC2-9B18-1894-39D4B546927B,0,NULL,NULL,NULL,0,NULL,NULL,NULL,920.45289349658,10.613110701658,3,NULL
34A34021-8814-8A01-9183-39D4B4DE03BE,1450140873.56479,4901E67A-4C00-4436-ADC0-9CFB277BB311,6.09461602717559,12.213459298211,0xE6100000010C878F04F1AC7E5EC0CC61182CACB54240,0xE61000000104450000003C5CC3A9AD7E5EC0D42B7483ADB542404D795D72B27E5EC0000E0367B6B542407AED48CAB17E5EC00AD57B35B7B5424067EF4A16B17E5EC0E2A9D7E8B7B54240E1EC217CAD7E5EC0CDD108B6ADB5424051A34D74AD7E5EC0A7794BBDADB542409B61F65AAD7E5EC058B8C6CFADB5424008D19A40AD7E5EC02A0A3BDEADB5424012B27B25AD7E5EC0B0EC84E8ADB542409DA5DB09AD7E5EC059198BEEADB542404F89FEEDAC7E5EC08AC33EF0ADB54240CAD028D2AC7E5EC0FABC9BEDADB542408ADD9EB6AC7E5EC0FA7FA8E6ADB54240ED56A49BAC7E5EC0871F76DBADB54240EB837B81AC7E5EC0571D20CCADB542405FA86468AC7E5EC04D26CCB8ADB542400C679D50AC7E5EC0E1B5A9A1ADB54240442A603AAC7E5EC082A1F186ADB542405E94E325AC7E5EC0F08CE568ADB5424080F95913AC7E5EC00049CF47ADB54240FDE3F002AC7E5EC0451E0024ADB5424071A4D0F4AB7E5EC05A05D0FDACB54240B8EE1BE9AB7E5EC0CBCE9CD5ACB54240B284EFDFAB7E5EC0983CC9ABACB5424092EF61D9AB7E5EC0990FBC80ACB54240934883D5AB7E5EC0150BDF54ACB542405A115DD4AB7E5EC0E0F09D28ACB54240F3F567D4AB7E5EC0BB638F23ACB54240B5B14CD6AB7E5EC017D35EF7ABB542405CEEE7DAAB7E5EC0DBDFAFCBABB54240E75A2EE2AB7E5EC0ADDAEDA0ABB54240F7170EECAB7E5EC028CE8177ABB54240B9E36EF8AB7E5EC0C87CD14FABB5424084553207AC7E5EC0F5663E2AABB5424084283418AC7E5EC06EDB2407ABB54240E3944A2BAC7E5EC09614DBE6AAB5424055B64640AC7E5EC09164B0C9AAB5424065FFF456AC7E5EC06F72ECAFAAB5424009B81D6FAC7E5EC0228ACE99AAB5424085868588AC7E5EC002018D87AAB542404201EEA2AC7E5EC04EB05479AAB542401F4816BEAC7E5EC00487486FAAB54240C0A3BBD9AC7E5EC00A348169AAB5424091299AF5AC7E5EC08FE90C68AAB5424084626D11AD7E5EC02B3AEF6AAAB5424055F3F02CAD7E5EC016102172AAB542406F44E147AD7E5EC08EBE907DAAB54240F427FC61AD7E5EC04B2D228DAAB542405D7C017BAD7E5EC0781DAFA0AAB54240FFC9B392AD7E5EC0B28707B8AAB5424005DAD8A8AD7E5EC00012F2D2AAB5424086453ABDAD7E5EC0B79C2CF1AAB5424016FBA5CFAD7E5EC0EEE46C12ABB54240D7B9EEDFAD7E5EC0EA3A6136ABB542409480ECEDAD7E5EC0CF4AB15CABB5424019F07CF9AD7E5EC096F5FE84ABB54240979F8302AE7E5EC04E38E7AEABB542407A62EA08AE7E5EC0551F03DAABB54240D67EA10CAE7E5EC040C3E805ACB5424017D49F0DAE7E5EC00A4D2C32ACB5424064F1E20BAE7E5EC001FF605EACB54240A11B6F07AE7E5EC0E73F1A8AACB54240F1424F00AE7E5EC0BDA5ECB4ACB54240E1E794F6AD7E5EC0A5FD6EDEACB542405BF057EAAD7E5EC0554E3B06ADB54240F66CB6DBAD7E5EC094D2EF2BADB54240254FD4CAAD7E5EC06DE92F4FADB54240D410DBB7AD7E5EC0C4F9A46FADB542403C5CC3A9AD7E5EC0D42B7483ADB5424001000000020000000001000000FFFFFFFF0000000003,0.134133932272358,-0.573146197142155,1.58975318371373,6,6,0.246206881042594,4.52825762354628,3.72060498671545,2.60903607096068,-1.6839144563853,7.41616556112509,2264,37.4193167842518,-121.979305506312,1,4D7BF7AC-6CC2-9B18-1894-39D4B546927B,0,NULL,NULL,NULL,0,NULL,NULL,NULL,836.489267461325,10.5740822055563,3,NULL
34A34021-8814-8A01-9183-39D4B4DE03BE,1450140873.79594,4901E67A-4C00-4436-ADC0-9CFB277BB311,6.0954485395853,12.1893196601651,0xE6100000010C872020C2AC7E5EC0C65C2936ACB54240,0xE6100000010445000000106EA77EAD7E5EC08F7EBF88ADB5424084DE0D5FB27E5EC05AFFFC4AB6B542404A872FB9B17E5EC0A5B3EC1DB7B54240539F1E07B17E5EC037F911D6B7B54240FA99904AB07E5EC0886CA871B8B542402774CB38AD7E5EC0771EFED0ADB54240F408B920AD7E5EC07EAF9BE0ADB5424018280006AD7E5EC096FF42EDADB542401C91A0EAAC7E5EC00696B3F5ADB542404B83DDCEAC7E5EC0FCB6D8F9ADB542404332FBB2AC7E5EC09E33A8F9ADB54240771E3E97AC7E5EC01E8322F5ADB54240D46CEA7BAC7E5EC087C152ECADB542406D3F4361AC7E5EC07B944EDFADB542407C108A47AC7E5EC001F635CEADB542409111FE2EAC7E5EC0FAE532B9ADB542405090DB17AC7E5EC0EF0279A0ADB5424051625B02AC7E5EC0420B4584ADB542407159B2EEAB7E5EC0F647DC64ADB5424024C210DDAB7E5EC07CE28B42ADB54240C0ECA1CDAB7E5EC01627A81DADB5424019C38BC0AB7E5EC0D0B58BF6ACB542405C6BEEB5AB7E5EC0D2A396CDACB5424016F9E3ADAB7E5EC05B8F2DA3ACB54240272D80A8AB7E5EC08DA8B877ACB5424020800EA8AB7E5EC011A5B672ACB54240F11BAEA5AB7E5EC0F8299546ACB54240948908A6AB7E5EC020564B1AACB54240D6EA1CA9AB7E5EC0ADF645EEABB54240E7AEE3AEAB7E5EC09B30F1C2ABB54240EDA44EB7AB7E5EC00977B798ABB54240E01E49C2AB7E5EC0BC850070ABB542405A24B8CFAB7E5EC048623049ABB54240D4B47ADFAB7E5EC05466A624ABB54240C3186AF1AB7E5EC06155BC02ABB54240AD405A05AC7E5EC04280C5E3AAB5424067311A1BAC7E5EC073F80DC8AAB54240707C7432AC7E5EC034D5D9AFAAB542402DC32F4BAC7E5EC0488C649BAAB54240DD430F65AC7E5EC0DE5FE08AAAB54240DE6ED37FAC7E5EC01DE3757EAAB54240C7823A9BAC7E5EC074964376AAB54240002E01B7AC7E5EC0AF9C5D72AAB542401834E3D2AC7E5EC07A89CD72AAB542406D159CEEAC7E5EC0E2499277AAB542406DB7E709AD7E5EC0EC26A080AAB54240E90B8324AD7E5EC06DE2E08DAAB54240D2B52C3EAD7E5EC0A2ED339FAAB54240C5A9A556AD7E5EC02DB96EB4AAB54240EEC8B16DAD7E5EC0A81D5DCDAAB54240BF741883AD7E5EC0C1DBC1E9AAB54240051AA596AD7E5EC0B1325709ABB5424009B227A8AD7E5EC0978BCF2BABB54240973875B7AD7E5EC01638D650ABB54240AB1568C4AD7E5EC05D421078ABB54240C079E0CEAD7E5EC0974C1DA1ABB5424005ACC4D6AD7E5EC0B27D98CBABB54240834901DCAD7E5EC0117919F7ABB54240C27489DEAD7E5EC0F95E3523ACB5424065F556DEAD7E5EC01CD37F4FACB5424070476ADBAD7E5EC0C6068C7BACB54240199ACAD5AD7E5EC035C4EDA6ACB5424022BE85CDAD7E5EC068783AD1ACB54240E903B0C2AD7E5EC0F1380AFAACB54240820964B5AD7E5EC03FC3F820ADB542404C79C2A5AD7E5EC0EF72A645ADB54240BFB9F193AD7E5EC0BA2CB967ADB54240078F1D80AD7E5EC0DC3BDD86ADB54240106EA77EAD7E5EC08F7EBF88ADB5424001000000020000000001000000FFFFFFFF0000000003,0.147118302592076,-0.576994499841045,1.43646384797718,6,6,0.365019639348961,4.38171219819122,4.11103296195347,2.61045118556613,-1.69909380796432,6.7419686919319,2265,37.4193179797052,-121.97929433338,1,4D7BF7AC-6CC2-9B18-1894-39D4B546927B,0,NULL,NULL,NULL,0,NULL,NULL,NULL,753.103379554177,10.5291685429923,3,NULL
34A34021-8814-8A01-9183-39D4B4DE03BE,1450140874.03002,4901E67A-4C00-4436-ADC0-9CFB277BB311,6.09780158615447,12.1645943738455,0xE6100000010CDDE75B93AC7E5EC0B4365342ACB54240,0xE6100000010445000000757D3054AD7E5EC0EF4B958EADB542403F088051B27E5EC02A428827B6B54240191068AEB17E5EC01CE8DBFFB6B54240161EC5FEB07E5EC088E7CCBDB7B542408CAD4644B07E5EC0DF9F885FB8B54240B1894D0FAD7E5EC0D79814D9ADB542402F2F6DF9AC7E5EC05C476BE8ADB54240CA02F0DEAC7E5EC0273241F6ADB542402833B9C3AC7E5EC00E37E8FFADB54240609B0BA8AC7E5EC09A9F4805AEB54240593A2B8CAC7E5EC06E365506AEB54240C28B5C70AC7E5EC0B6670B03AEB54240CDDFE354AC7E5EC0784773FBADB542405CB3043AAC7E5EC0C67D9FEFADB54240400A0120AC7E5EC0DE18ADDFADB54240FFCC1807AC7E5EC0D345C3CBADB54240DB2B89EFAB7E5EC044F012B4ADB542407D088CD9AB7E5EC0364AD698ADB54240C26757C5AB7E5EC0173D507AADB542400AED1CB3AB7E5EC062C5CB58ADB54240486009A3AB7E5EC0603A9B34ADB54240F03F4495AB7E5EC0E883170EADB542400C60EF89AB7E5EC0ED3F9FE5ACB5424004972681AB7E5EC015DA95BBACB542404F79FF7AAB7E5EC075976290ACB54240A345777AAB7E5EC0FE20668BACB54240A8385077AB7E5EC05117645FACB54240B101E376AB7E5EC04EAE1A33ACB5424004AD3079AB7E5EC016B2F606ACB54240FB91337EAB7E5EC0D79264DBABB54240EA60DF85AB7E5EC0675ACFB0ABB542405F412190AB7E5EC053A59F87ABB542407700E09CAB7E5EC0DCA13A60ABB54240B64EFCABAB7E5EC06517013BABB54240000D51BDAB7E5EC0B6784E18ABB54240C3A7B3D0AB7E5EC0560378F8AAB54240967FF4E5AB7E5EC01DEECBDBAAB54240305EDFFCAB7E5EC017A990C2AAB54240B2F63B15AC7E5EC0713004ADAAB54240F66FCE2EAC7E5EC036745B9BAAB542408FF75749AC7E5EC04BD6C18DAAB54240265C9764AC7E5EC0C9BF5884AAB54240A2AD4980AC7E5EC0FE4E377FAAB542408CE12A9CAC7E5EC0931E6A7EAAB54240497AF6B7AC7E5EC09E26F381AAB542404C2F68D3AC7E5EC0C1B7C989AAB54240E0943CEEAC7E5EC09390DA95AAB54240BFC13108AD7E5EC0D70C08A6AAB5424008F10721AD7E5EC05E6E2ABAAAB54240E01E8238AD7E5EC0A43E10D2AAB54240539E664EAD7E5EC04EC87EEDAAB5424018A77F62AD7E5EC070A7320CABB5424093D99B74AD7E5EC00B6FE02DABB5424039B88E84AD7E5EC06B623552ABB54240D0143192AD7E5EC05440D878ABB54240B770619DAD7E5EC0591E6AA1ABB54240244F04A6AD7E5EC0F95187CBABB54240B97804ACAD7E5EC08365C8F6ABB542409A2F53AFAD7E5EC03C16C322ACB54240A753E8AFAD7E5EC064590B4FACB542407476C2ADAD7E5EC0B365347BACB54240C9DEE6A8AD7E5EC082BED1A6ACB54240B57B61A1AD7E5EC0643E78D1ACB542402FC74497AD7E5EC0551EBFFAACB54240C498A98AAD7E5EC01DF74022ADB5424080E8AE7BAD7E5EC076BA9C47ADB54240E282796AAD7E5EC078A1766AADB5424074AE3357AD7E5EC00D0E798AADB54240757D3054AD7E5EC0EF4B958EADB5424001000000020000000001000000FFFFFFFF0000000003,0.163310459649061,-0.581433563114998,1.40849535821302,6,6,0.515198177972607,4.21119632447879,4.59208041401144,2.60593320479449,-1.71266957137502,6.12906244721082,2266,37.419319431563,-121.979283183226,1,4D7BF7AC-6CC2-9B18-1894-39D4B546927B,0,NULL,NULL,NULL,0,NULL,NULL,NULL,670.469272530206,10.476101070907,3,NULL
34A34021-8814-8A01-9183-39D4B4DE03BE,1450140874.26409,4901E67A-4C00-4436-ADC0-9CFB277BB311,6.10196351980393,12.1398690875259,0xE6100000010C34AF9764AC7E5EC0A2107D4EACB54240,0xE61000000104450000005A47C629AD7E5EC0543F6D94ADB54240687C8043B27E5EC0C98EB802B6B542404ECE44A3B17E5EC0762460E0B6B54240BC9E26F6B07E5EC0835710A4B7B54240FF38CF3DB07E5EC01E69E84BB8B54240E669DBE5AC7E5EC07BFE32E1ADB5424080422BE4AC7E5EC02B4BB6E2ADB5424060CCA8CAAC7E5EC0921E99F4ADB54240F69F2BB0AC7E5EC05E096F02AEB542404CD0F494AC7E5EC0470E160CAEB5424079384779AC7E5EC0D7767611AEB542406BD7665DAC7E5EC0AE0D8312AEB54240C9289841AC7E5EC0F83E390FAEB54240CB7C1F26AC7E5EC0BC1EA107AEB542405150400BAC7E5EC00D55CDFBADB542402CA73CF1AB7E5EC029F0DAEBADB54240E26954D8AB7E5EC01F1DF1D7ADB54240B5C8C4C0AB7E5EC092C740C0ADB542404DA5C7AAAB7E5EC0862104A5ADB542408B049396AB7E5EC06A147E86ADB54240CC895884AB7E5EC0B69CF964ADB5424003FD4474AB7E5EC0B611C940ADB54240A8DC7F66AB7E5EC03F5B451AADB54240BDFC2A5BAB7E5EC04617CDF1ACB54240B0336252AB7E5EC071B1C3C7ACB54240F9153B4CAB7E5EC0CF6E909CACB542404CE2B24BAB7E5EC058F89397ACB542404CD58B48AB7E5EC0ABEE916BACB54240549E1E48AB7E5EC0A885483FACB54240A8496C4AAB7E5EC070892413ACB542409E2E6F4FAB7E5EC0316A92E7ABB542408DFD1A57AB7E5EC0C031FDBCABB5424005DE5C61AB7E5EC0AC7CCD93ABB542401F9D1B6EAB7E5EC03379686CABB5424060EB377DAB7E5EC0B9EE2E47ABB54240AEA98C8EAB7E5EC009507C24ABB542407844EFA1AB7E5EC0A8DAA504ABB54240501C30B7AB7E5EC06EC5F9E7AAB54240F1FA1ACEAB7E5EC06580BECEAAB542407C9377E6AB7E5EC0BC0732B9AAB54240C50C0A00AC7E5EC0804B89A7AAB542406694931AAC7E5EC092ADEF99AAB5424008F9D235AC7E5EC00D978690AAB542408C4A8551AC7E5EC03F26658BAAB542407E7E666DAC7E5EC0D2F5978AAAB5424045173289AC7E5EC0D8FD208EAAB5424052CCA3A4AC7E5EC0FB8EF795AAB54240EE3178BFAC7E5EC0CA6708A2AAB54240D75E6DD9AC7E5EC00BE435B2AAB54240288E43F2AC7E5EC0904558C6AAB5424007BCBD09AD7E5EC0D3153EDEAAB54240853BA21FAD7E5EC07B9FACF9AAB542405144BB33AD7E5EC09A7E6018ABB54240D176D745AD7E5EC036460E3AABB542407E55CA55AD7E5EC09339635EABB542401EB26C63AD7E5EC07C170685ABB54240090E9D6EAD7E5EC07EF597ADABB542407BEC3F77AD7E5EC01D29B5D7ABB542401316407DAD7E5EC0A73CF602ACB54240F7CC8E80AD7E5EC05EEDF02EACB5424005F12381AD7E5EC08730395BACB54240D313FE7EAD7E5EC0D63C6287ACB54240297C227AAD7E5EC0A795FFB2ACB5424014199D72AD7E5EC08A15A6DDACB542408C648068AD7E5EC07AF5EC06ADB542401F36E55BAD7E5EC043CE6E2EADB54240D785EA4CAD7E5EC09F91CA53ADB542403420B53BAD7E5EC0A278A476ADB542405A47C629AD7E5EC0543F6D94ADB5424001000000020000000001000000FFFFFFFF0000000003,0.17962916911252,-0.585862160157842,1.40849535457235,6,6,0.665376716596253,4.04068045076636,5.0731278660694,2.60141522402285,-1.72624533478571,5.31257431869595,2267,37.4193208834207,-121.979272033072,1,4D7BF7AC-6CC2-9B18-1894-39D4B546927B,0,NULL,NULL,NULL,0,NULL,NULL,NULL,588.676086656448,10.4167401884291,3,NULL
34A34021-8814-8A01-9183-39D4B4DE03BE,1450140874.49816,4901E67A-4C00-4436-ADC0-9CFB277BB311,6.10484083805019,12.1151438012064,0xE6100000010C8A76D335AC7E5EC01F64BC5AACB54240,0xE6100000010445000000C0291CFFAC7E5EC047C3CE99ADB542404963FC34B27E5EC0C484A2DCB5B542401EBCB197B17E5EC03D018BBFB6B54240981E2EEDB07E5EC072AFEA88B7B5424062701437B07E5EC0F0D8D236B8B54240240E2477AF7E5EC0694198C7B8B54240598217A3AC7E5EC073B8BDFBADB54240E0312F9CAC7E5EC0A1439900AEB54240267AB481AC7E5EC0E9057B0EAEB542406D617F66AC7E5EC075352E18AEB5424098BED24AAC7E5EC0F1FD9A1DAEB54240338EF22EAC7E5EC0950BB41EAEB54240754B2313AC7E5EC0EDAB761BAEB54240FB47A9F7AB7E5EC078D4EA13AEB54240FB03C8DCAB7E5EC0170F2308AEB542405F88C1C2AB7E5EC0834C3CF8ADB54240A3C4D5A9AB7E5EC03C9D5DE4ADB54240AFF14192AB7E5EC081D1B7CCADB5424079FB3F7CAB7E5EC0740185B1ADB54240BBF20568AB7E5EC05BFE0793ADB542401C88C555AB7E5EC078AE8B71ADB542402292AB45AB7E5EC01055624DADB54240069FDF37AB7E5EC04BC8E426ADB542409093832CAB7E5EC0F99671FEACB54240C857B323AB7E5EC049206CD4ACB542407392841DAB7E5EC0A39F3BA9ACB54240977CFB1CAB7E5EC044663FA4ACB5424039A3CC19AB7E5EC031C73E78ACB5424021935719AB7E5EC0C590F54BACB54240DA6B9D1BAB7E5EC0A38ED01FACB54240F7979820AB7E5EC081333CF4ABB54240C3DA3C28AB7E5EC0B18EA3C9ABB54240596E7732AB7E5EC026456FA0ABB54240C3312F3FAB7E5EC064900479ABB54240AEE6444EAB7E5EC0C845C453ABB54240347E935FAB7E5EC0B1E80931ABB54240DF73F072AB7E5EC0ADC92A11ABB5424024362C88AB7E5EC0DC3475F4AAB542403B9B129FAB7E5EC09DB12FDBAAB542403D616BB7AB7E5EC0485598C5AAB542406BB8FAD0AB7E5EC0AA2AE4B3AAB5424009D681EBAB7E5EC0B9AF3EA6AAB54240B28EBF06AC7E5EC0B86AC99CAAB5424064F67022AC7E5EC0E0979B97AAB54240EA04523EAC7E5EC045F0C196AAB54240013D1E5AAC7E5EC09C8A3E9AAAB5424097549175AC7E5EC013D608A2AAB542408EDC6790AC7E5EC062AF0DAEAAB5424066E65FAAAC7E5EC0C98F2FBEAAB5424031A639C3AC7E5EC09ED546D2AAB54240500FB8DAAC7E5EC0A22522EAAAB54240756AA1F0AC7E5EC04FE48605ABB542405AE3BF04AD7E5EC0C0C53124ABB542400E0DE216AD7E5EC01173D745ABB542405F5BDB26AD7E5EC07343256AABB5424042908434AD7E5EC03407C290ABB54240441CBC3FAD7E5EC0E3E24EB9ABB54240F4706648AD7E5EC04F3868E3ABB542409E446E4EAD7E5EC0479BA60EACB5424091C6C451AD7E5EC0AACF9F3AACB542408BC36152AD7E5EC063CEE766ACB54240D6B94350AD7E5EC0CDCE1193ACB5424003DD6F4BAD7E5EC0ED51B1BEACB542401F09F243AD7E5EC0022D5BE9ACB5424093A5DC39AD7E5EC0C990A612ADB54240F077482DAD7E5EC0F50A2E3AADB542401267541EAD7E5EC0697F905FADB542402D2F250DAD7E5EC0CB167282ADB54240C0291CFFAC7E5EC047C3CE99ADB5424001000000020000000001000000FFFFFFFF0000000003,0.196042746057307,-0.590280154849202,1.40739578643802,6,6,0.8155552552199,3.87016457705393,5.55417531812737,2.59689724325121,-1.7398210981964,4.60485533223953,2268,37.4193223352785,-121.979260882918,1,4D7BF7AC-6CC2-9B18-1894-39D4B546927B,0,NULL,NULL,NULL,0,NULL,NULL,NULL,573.035749081809,10.3750858387549,3,NULL
34A34021-8814-8A01-9183-39D4B4DE03BE,1450140874.73223,4901E67A-4C00-4436-ADC0-9CFB277BB311,6.10894461556807,12.0904185148868,0xE6100000010CE13D0F07AC7E5EC00D3EE666ACB54240,0xE6100000010445000000B6C071D4AC7E5EC096B4289FADB54240FB95E525B27E5EC0E38C56B5B5B5424047C19F8BB17E5EC000A06A9DB6B5424019B9CBE3B07E5EC0F8A6676CB7B54240E0C90530B07E5EC041205120B8B54240A7980772AF7E5EC0DE0E6DB7B8B542405FDAC179AC7E5EC02A681904AEB54240C106206DAC7E5EC000CDF40CAEB5424045DAA252AC7E5EC0D1B7CA1AAEB542408A0A6C37AC7E5EC0BEBC7124AEB54240A672BE1BAC7E5EC05325D229AEB542408611DEFFAB7E5EC02EBCDE2AAEB54240D3620FE4AB7E5EC07CED9427AEB54240C1B696C8AB7E5EC045CDFC1FAEB54240368AB7ADAB7E5EC09A032914AEB54240FFE0B393AB7E5EC0B99E3604AEB54240A3A3CB7AAB7E5EC0B4CB4CF0ADB5424066023C63AB7E5EC02B769CD8ADB54240EEDE3E4DAB7E5EC023D05FBDADB542401D3E0A39AB7E5EC009C3D99EADB5424052C3CF26AB7E5EC0584B557DADB542407A36BC16AB7E5EC05AC02459ADB542401316F708AB7E5EC0E609A132ADB542401F36A2FDAA7E5EC0EFC5280AADB542400A6DD9F4AA7E5EC019601FE0ACB542404B4FB2EEAA7E5EC0791DECB4ACB542409C1B2AEEAA7E5EC003A7EFAFACB542409A0E03EBAA7E5EC0579DED83ACB542409FD795EAAA7E5EC05334A457ACB54240F182E3ECAA7E5EC01B38802BACB54240E967E6F1AA7E5EC0D918EEFFABB54240DA3692F9AA7E5EC069E058D5ABB542405517D403AB7E5EC0532B29ACABB5424075D69210AB7E5EC0D727C484ABB54240BF24AF1FAB7E5EC05B9D8A5FABB5424016E30331AB7E5EC0AAFED73CABB54240EB7D6644AB7E5EC04489011DABB54240CE55A759AB7E5EC008745500ABB542407B349270AB7E5EC0FB2E1AE7AAB5424015CDEE88AB7E5EC04EB68DD1AAB542406E4681A2AB7E5EC00EFAE4BFAAB5424021CE0ABDAB7E5EC01C5C4BB2AAB54240D2324AD8AB7E5EC09345E2A8AAB542406684FCF3AB7E5EC0C1D4C0A3AAB542406CB8DD0FAC7E5EC04FA4F3A2AAB542404451A92BAC7E5EC051AC7CA6AAB5424064061B47AC7E5EC06F3D53AEAAB54240136CEF61AC7E5EC0391664BAAAB542400E99E47BAC7E5EC0789291CAAAB5424071C8BA94AC7E5EC0F9F3B3DEAAB5424060F634ACAC7E5EC037C499F6AAB54240ED7519C2AC7E5EC0DC4D0812ABB54240C77E32D6AC7E5EC0F82CBC30ABB5424059B14EE8AC7E5EC091F46952ABB54240129041F8AC7E5EC0EBE7BE76ABB54240BAECE305AD7E5EC0D2C5619DABB54240B1481411AD7E5EC0D3A3F3C5ABB542402A27B719AD7E5EC071D710F0ABB54240CA50B71FAD7E5EC0FAEA511BACB54240B2070623AD7E5EC0B09B4C47ACB54240C42B9B23AD7E5EC0DADE9473ACB54240934E7521AD7E5EC028EBBD9FACB54240E7B6991CAD7E5EC0F9435BCBACB54240D0531415AD7E5EC0DFC301F6ACB54240459FF70AAD7E5EC0D1A3481FADB54240D0705CFEAC7E5EC09B7CCA46ADB5424082C061EFAC7E5EC0F93F266CADB54240D75A2CDEAC7E5EC00027008FADB54240B6C071D4AC7E5EC096B4289FADB5424001000000020000000001000000FFFFFFFF0000000003,0.21252913109912,-0.594687413375131,1.40849534872557,6,6,0.965733793843546,3.6996487033415,6.03522277018534,2.59237926247957,-1.7533968616071,3.99141571652589,2269,37.4193237871363,-121.979249732764,1,4D7BF7AC-6CC2-9B18-1894-39D4B546927B,0,NULL,NULL,NULL,0,NULL,NULL,NULL,617.530978719131,10.3542586639178,3,NULL
34A34021-8814-8A01-9183-39D4B4DE03BE,1450140875.002,4901E67A-4C00-4436-ADC0-9CFB277BB311,6.1059732310358,12.0617065735357,0xE6100000010C96248DD9AB7E5EC0C007F179ACB54240,0xE6100000010445000000EDAE67AAAC7E5EC086947BACADB542403B2DAF12B27E5EC01BF2F99BB5B5424015F9057BB17E5EC031B95B88B6B54240447F87D5B07E5EC04315095CB7B542402850CA23B07E5EC0F4FFF914B8B542406F118367AF7E5EC0762168B1B8B54240CCF9D650AC7E5EC0009AFA13AEB54240EBB6DE3EAC7E5EC0FE4D7C20AEB542402E7D5B24AC7E5EC0DADA342EAEB54240BB762009AC7E5EC020B5BD37AEB54240FD8870EDAB7E5EC07670FF3CAEB542409EB88FD1AB7E5EC0D822ED3DAEB542405C82C2B5AB7E5EC05984843AAEB54240CD324D9AAB7E5EC0B2F4CD32AEB54240923E737FAB7E5EC0B566DC26AEB54240A89C7665AB7E5EC0C731CD16AEB542405324974CAB7E5EC0BFC9C702AEB5424046F01135AB7E5EC0FE5DFDEAADB5424090C8201FAB7E5EC0A260A8CFADB54240A094F90AAB7E5EC0E3F60BB1ADB54240D7D6CDF8AA7E5EC02B54738FADB54240F232CAE8AA7E5EC05101316BADB54240560016DBAA7E5EC0DA119E44ADB542406FE9D2CFAA7E5EC01E49191CADB54240F6981CC7AA7E5EC0833106F2ACB54240D09048C6AA7E5EC0CE1924EDACB542401A7382C0AA7E5EC0BF1BCFC1ACB54240FBBA6EBDAA7E5EC0709EC995ACB5424096F714BDAA7E5EC02EC77F69ACB54240640576BFAA7E5EC024635E3DACB542401F0C8CC4AA7E5EC025DCD111ACB542401B8D4ACCAA7E5EC0452E45E7ABB54240FD819ED6AA7E5EC015E120BEABB54240748B6EE3AA7E5EC0D106CA96ABB542408A2F9BF2AA7E5EC01244A171ABB542400227FF03AB7E5EC06BE2014FABB54240E4B86F17AB7E5EC01BF0402FABB542407923BD2CAB7E5EC0236FAC12ABB542409411B343AB7E5EC0A3958AF9AAB542402B1B195CAB7E5EC0522119E4AAB54240E34FB375AB7E5EC0E0BF8CD2AAB5424052CA4290AB7E5EC0848D10C5AAB54240874A86ABAB7E5EC017ABC5BBAAB542404DD63AC7AB7E5EC0B1ECC2B6AAB54240B65D1CE3AB7E5EC091A114B6AAB542405962E6FEAB7E5EC0E575BCB9AAB542408D9F541AAC7E5EC0AE6EB1C1AAB542401DB22335AC7E5EC0CAFFDFCDAAB54240DDBD114FAC7E5EC0F93B2ADEAAB542406A0FDF67AC7E5EC06E1E68F2AAB54240B2B84E7FAC7E5EC011ED670AABB542409F262795AC7E5EC0B1B2EE25ABB5424081AE32A9AC7E5EC0D3CFB844ABB54240F41140BBAC7E5EC0D9A07A66ABB54240C8F722CBAC7E5EC0D037E18AABB542400159B4D8AC7E5EC02C2893B1ABB54240B6E0D2E3AC7E5EC0756231DAABB54240EC3D63ECAC7E5EC0CF1D5804ACB54240B66650F2AC7E5EC020CD9F2FACB54240ECCB8BF5AC7E5EC06D1D9E5BACB54240E07C0DF6AC7E5EC016FBE687ACB54240EF3AD4F3AC7E5EC04F9B0DB4ACB54240877CE5EEAC7E5EC06C87A5DFACB54240C35F4DE7AC7E5EC04EA7430AADB542409A8C1EDDAC7E5EC086487F33ADB542401B0772D0AC7E5EC07B1FF35AADB54240EEF166C1AC7E5EC054403E80ADB54240D84122B0AC7E5EC0020D05A3ADB54240EDAE67AAAC7E5EC086947BACADB5424001000000020000000001000000FFFFFFFF0000000003,0.225021611954623,-0.599906241349796,1.31322053276019,6,6,1.05349208666898,3.4105168324994,6.40233606657172,2.5761973897869,-1.76211689034185,3.29869067481478,2270,37.4193260627361,-121.979238877422,1,4D7BF7AC-6CC2-9B18-1894-39D4B546927B,0,NULL,NULL,NULL,0,NULL,NULL,NULL,654.991094439389,10.3338270732305,3,NULL
34A34021-8814-8A01-9183-39D4B4DE03BE,1450140875.32283,4901E67A-4C00-4436-ADC0-9CFB277BB311,6.09426265698893,12.027291891722,0xE6100000010C3D47C3ADAB7E5EC0DD52F796ACB54240,0xE61000000104450000004DAA2381AC7E5EC04B0AFDC4ADB542404BA23FFAB17E5EC055A54797B5B542403FA49164B17E5EC041B2D386B6B542403408DAC0B07E5EC01E45F65DB7B542400C01AB10B07E5EC0E3D89E1AB8B542403E62B555AF7E5EC0D6F3FDBAB8B54240B5967528AC7E5EC04497562EAEB542403836991DAC7E5EC070C1BA36AEB54240B7387303AC7E5EC0C4F11C46AEB5424009C47AE8AB7E5EC030E25B51AEB54240151AF2CCAB7E5EC025F25B58AEB542400DDF1CB1AB7E5EC022EF0B5BAEB5424038733F95AB7E5EC0FF3E6559AEB54240FB4A9E79AB7E5EC025F06B53AEB54240B7467D5EAB7E5EC092AF2E49AEB54240F70B1F44AB7E5EC0CBA4C63AAEB54240C261C42AAB7E5EC01B345728AEB542407791AB12AB7E5EC08EA70D12AEB54240C1CD0FFCAA7E5EC0BFBF20F8ADB5424031A128E7AA7E5EC0522DD0DAADB54240C96529D4AA7E5EC077F463BAADB54240D1C640C3AA7E5EC0FEBB2B97ADB54240384E98B4AA7E5EC0B5097E71ADB5424081FE53A8AA7E5EC0CB6DB749ADB5424097E715A7AA7E5EC08D6C0F45ADB54240EDD69E9DAA7E5EC0B8E6651BADB54240D55FC496AA7E5EC05DF876F0ACB5424066589792AA7E5EC0711AACC4ACB54240D5022291AA7E5EC039E27098ACB542403EF46792AA7E5EC0F7F8316CACB54240DD0B6696AA7E5EC002115C40ACB54240BB7A129DAA7E5EC0B8DA5A15ACB54240C6DB5CA6AA7E5EC0EFFB97EBABB542401A5C2EB2AA7E5EC06F0C7AC3ABB5424014F369C0AA7E5EC0E999639DABB54240A0A9ECD0AA7E5EC0D735B279ABB542402AF08DE3AA7E5EC09F8FBD58ABB54240330220F8AA7E5EC02E9DD63AABB54240CF56700EAB7E5EC013D44620ABB54240C61C4826AB7E5EC000754F09ABB542403EC16C3FAB7E5EC08CEB28F6AAB54240977FA059AB7E5EC0874302E7AAB5424040F9A274AB7E5EC076B500DCAAB54240BED33190AB7E5EC0174B3FD5AAB54240C25B09ACAB7E5EC0FF9CCED2AAB542406C2BE5C7AB7E5EC0CAA9B4D4AAB5424060D280E3AB7E5EC06BC7ECDAAAB54240DA7D98FEAB7E5EC09DAE67E5AAB54240559FE918AC7E5EC069A00BF4AAB5424002903332AC7E5EC06CA5B406ABB54240AA2F384AAC7E5EC02BE6341DABB54240427DBC60AC7E5EC0B41B5537ABB54240E2278975AC7E5EC06E17D554ABB54240AD166B88AC7E5EC0BE606C75ABB5424050E63399AC7E5EC014E7CA98ABB54240005BBAA7AC7E5EC09CC699BEABB54240BBC5DAB3AC7E5EC0AF1D7CE6ABB54240035C77BDAC7E5EC008F10F10ACB54240FD8078C4AC7E5EC0711CEF3AACB542407DFFCCC8AC7E5EC0B24DB066ACB542404A346ACAAC7E5EC05107E892ACB542403C284CC9AC7E5EC0A4A829BFACB54240079A75C5AC7E5EC0A47808EBACB542406CF7EFBEAC7E5EC00DB11816ADB542401B46CBB5AC7E5EC02387F03FADB5424054FC1DAAAC7E5EC0942F2968ADB54240B8C9049CAC7E5EC0FDDA5F8EADB54240D350A28BAC7E5EC0AEA836B2ADB542404DAA2381AC7E5EC04B0AFDC4ADB5424001000000020000000001000000FFFFFFFF0000000003,0.231778351103349,-0.606374394005067,1.17547214623029,6,6,1.05196087273264,2.95170982272874,6.60647139910766,2.54333081578884,-1.76389099714637,2.59932078671834,2271,37.419329516664,-121.979228443797,1,4D7BF7AC-6CC2-9B18-1894-39D4B546927B,0,NULL,NULL,NULL,0,NULL,NULL,NULL,685.449045795144,10.3134467787257,3,NULL
34A34021-8814-8A01-9183-39D4B4DE03BE,1450140875.64367,4901E67A-4C00-4436-ADC0-9CFB277BB311,6.06306421240326,11.9928772099084,0xE6100000010CAB260482AB7E5EC06C24E8B3ACB54240,0xE61000000104450000007A31E857AC7E5EC042B470DDADB542408CEAC5E1B17E5EC0CDB2BD91B5B54240B277204EB17E5EC09B797384B6B54240C6063DACB07E5EC06FCA0C5FB7B54240764CA9FDAF7E5EC0CE9D701FB8B54240C5291244AF7E5EC0444FC6C3B8B54240B16A1F00AC7E5EC07603AB48AEB542401F1CA8F1AB7E5EC0BB3FD353AEB54240896A80D7AB7E5EC02E202E63AEB5424027B786BCAB7E5EC0F285656EAEB54240F546FDA0AB7E5EC0FCE25D75AEB5424006C02785AB7E5EC0B7170678AEB5424061834A69AB7E5EC01A9D5776AEB54240F804AA4DAB7E5EC0B1945670AEB5424084238A32AB7E5EC072BE1166AEB54240CA812D18AB7E5EC08754A257AEB54240E6E2D4FEAA7E5EC055CD2B45AEB542402E8BBEE6AA7E5EC05384DB2EAEB542403DA725D0AA7E5EC0AA4AE814AEB5424093BA41BBAA7E5EC082E091F7ADB54240351746A8AA7E5EC0635820D7ADB542409A5F6197AA7E5EC02F66E3B3ADB542401914BD88AA7E5EC0499B318EADB54240F12C7D7CAA7E5EC0F6916766ADB54240249A3F7BAA7E5EC0DA37BF61ADB542408427CD71AA7E5EC02D0D1338ADB542407E72F76AAA7E5EC0EF34220DADB542407945CF66AA7E5EC0CC2C56E1ACB54240B9D65E65AA7E5EC0E08C1AB5ACB5424056AFA966AA7E5EC070FFDB88ACB542407CA2AC6AAA7E5EC0F135075DACB5424047D55D71AA7E5EC0FDDD0732ACB54240EFD6AC7AAA7E5EC0D8984708ACB5424033C98286AA7E5EC0E7F72CE0ABB542408498C294AA7E5EC0B6801ABAABB54240714349A5AA7E5EC0FBBA6D96ABB54240AB30EEB7AA7E5EC0C44A7E75ABB54240BE9283CCAA7E5EC02E199D57ABB542409BD8D6E2AA7E5EC0A78D133DABB54240CF29B1FAAA7E5EC08ED92226ABB542403EEDD713AB7E5EC014580313ABB5424018590D2EAB7E5EC0C903E403ABB54240A40A1149AB7E5EC02E03EAF8AAB5424070A4A064AB7E5EC0734D30F2AAB5424054717880AB7E5EC03E68C7EFAAB54240CB0A549CAB7E5EC0103FB5F1AAB54240F800EFB7AB7E5EC0B814F5F7AAB54240CC8205D3AB7E5EC0F68E7702ABB542409A0455EDAB7E5EC03CDC2211ABB5424098E39C06AC7E5EC011F3D223ABB542409D049F1EAC7E5EC09EEA593AABB54240C26C2035AC7E5EC0746B8054ABB5424040D2E949AC7E5EC07F370672ABB542403924C85CAC7E5EC0E0C7A292ABB5424041088D6DAC7E5EC00DFF05B6ABB542402D4C0F7CAC7E5EC0ADEDD8DBABB54240464B2B88AC7E5EC021A8BE03ACB54240EA45C391AC7E5EC0CF2A552DACB5424092AABF98AC7E5EC0EB4A3658ACB54240BC4F0F9DAC7E5EC06DB1F883ACB54240189EA79EAC7E5EC0E7DD30B0ACB542408AAA849DAC7E5EC0902E72DCACB54240D23FA999AC7E5EC028EB4F08ADB542409FD71E93AC7E5EC011505E33ADB542405C83F589AC7E5EC00D97335DADB54240AEC4437EAC7E5EC011FB6885ADB5424028562670AC7E5EC0C0B49BABADB54240BCE4BF5FAC7E5EC01DED6DCFADB542407A31E857AC7E5EC042B470DDADB5424001000000020000000001000000FFFFFFFF0000000003,0.238595043035133,-0.612952116041032,1.17615974031165,6,6,1.0504296587963,2.49290281295808,6.8106067316436,2.51046424179079,-1.76566510395088,1.95290817935262,2272,37.4193329705919,-121.979218010172,1,4D7BF7AC-6CC2-9B18-1894-39D4B546927B,0,NULL,NULL,NULL,0,NULL,NULL,NULL,708.941338578019,10.2930664842209,3,NULL
