AnalyzerId,EpochTime,Amplitude,CH4,Position,Lisa,LisaOpeningAngle,LisaBearing,CarBearing,Major,Minor,CarSpeedNorth,CarSpeedEast,WindDirectionStdDev,WindSpeedNorth,WindSpeedEast,Sigma,Distance,GpsLatitude,GpsLongitude,PassedAutoThreshold,SurveyId,EthaneRatio,EthaneRatioSdevRaw,EthaneRatioSdev,EthaneConcentrationSdev,EthyleneRatio,EthyleneRatioSdevRaw,EthyleneRatioSdev,EthyleneConcentrationSdev,PipEnergy,MethanePeaktoPeak,Disposition,ClassificationConfidence,SurvivedCollection
3BB5D6C4-17D0-4088-A616-11CE03DD3274,1480722378.3,2.44527312079,4.96011812179,0xE6100000010C6CF2B911FF7E5EC05DB78CC1D6B24240,0xE610000001043F00000083E528D8FF7E5EC006C9947DD5B24240973B59D0FF7E5EC0988A2B71D5B242400DC42CB9FF7E5EC0CC7D5A53D5B242401DA42AA0FF7E5EC06F8B8C39D5B2424061009985FF7E5EC0CA130A24D5B24240075EC269FF7E5EC05D6B0F13D5B24240C5D1F44CFF7E5EC09931CC06D5B24240D024812FFF7E5EC05DCB62FFD4B242406CF2B911FF7E5EC07B02E8FCD4B2424002C0F2F3FE7E5EC05DCB62FFD4B2424014137FD6FE7E5EC09931CC06D5B24240D286B1B9FE7E5EC05D6B0F13D5B2424071E4DA9DFE7E5EC0CA130A24D5B24240BB404983FE7E5EC06F8B8C39D5B24240CC20476AFE7E5EC0CC7D5A53D5B2424041A91A53FE7E5EC0988A2B71D5B2424075D9043EFE7E5EC0B910AC92D5B242401AD5402BFE7E5EC0D9187EB7D5B242407B3E031BFE7E5EC0EC5C3ADFD5B24240B6A2790DFE7E5EC0E3697109D6B242401DFAC902FE7E5EC03DD8AC35D6B24240A73D12FBFD7E5EC022987063D6B24240D01268F6FD7E5EC05C4D3C92D6B24240038FD8F4FD7E5EC05DB78CC1D6B2424079B73FF6FD7E5EC0C79915ECD6B24240C7837FA1F67E5EC04102AF05D8B24240125A92C3F67E5EC0D436DE71D9B24240EDDAE4FDF67E5EC021C233D6DAB2424037BECC4FF77E5EC085439F2EDCB24240A6E05AB8F77E5EC075233377DDB2424006FE5D36F87E5EC07B0B30ACDEB24240632C66C8F87E5EC037D70FCADFB24240650EC96CF97E5EC03DDE8FCDE0B24240EFAFA621FA7E5EC01379BAB3E1B242409BFFEEE4FA7E5EC045A5EF79E2B2424081D467B4FB7E5EC06FAFEC1DE3B24240B96EB38DFC7E5EC0DCCCD29DE3B242402660576EFD7E5EC070912CF8E3B24240ABC8C353FE7E5EC0EB31F22BE4B242401DD15A3BFF7E5EC019868C38E4B24240074F7822007F5EC02FC2D61DE4B24240D47A7906017F5EC02CE21EDCE3B24240E7A1C4E4017F5EC033C62474E3B2424037BED0BA027F5EC0500218E7E2B242404BDD2C86037F5EC01F689436E2B24240E4408744047F5EC071549D64E1B242407424B4F3047F5EC093CE9773E0B24240B713B491057F5EC07F8A4366DFB2424032C0B91C067F5EC046E2B23FDEB24240D8432F93067F5EC02ADE4103DDB242402BC2BAF3067F5EC09D658CB4DBB24240325A423D077F5EC0C6B56357DAB242403A5DEF6E077F5EC0453CC3EFD8B24240D9C13088077F5EC0D2F6C481D7B2424034CBBC88077F5EC09C799511D6B242407FE09170077F5EC066BF67A3D4B242407191F63F077F5EC0EEE6683BD3B2424058C878F7067F5EC07501B4DDD1B24240D32BEC97067F5EC0F815468ED0B24240BAB46722067F5EC0247CF250CFB24240B87F4298057F5EC0FBB05729CEB2424077E30FFB047F5EC0C7C5D41ACDB2424083E528D8FF7E5EC006C9947DD5B2424001000000020000000001000000FFFFFFFF0000000003,1.92320628295,-0.446565366039,-1.57936568857,6,6,-0.0220445655577,-2.57242330457,55.0713637705,0.933706792867,-0.447083076226,2.72619064034,49,37.3971788346,-121.984318191,1,9B87182A-7A47-4F8D-ACCF-D18A785AA024,0.00115583996831,0.001,0.00123581803784,0.004,-0.00192343246049,0.005,0.00617909018922,0.00888888888889,21.9078717367,3.02191263012,2,0.95,1
3BB5D6C4-17D0-4088-A616-11CE03DD3274,1480722418.76,0.899904341443,2.61063699094,0xE6100000010C4415F37F007F5EC03DF842EED6B24240,0xE610000001043F0000009F410A13017F5EC09AC37671D8B24240B1E76527017F5EC0CE31755CD8B24240505F923E017F5EC00225A43ED8B24240392FA853017F5EC0E19E231DD8B24240A9336C66017F5EC0C19651F8D7B242405ECAA976017F5EC0AE5295D0D7B2424030663384017F5EC0B7455EA6D7B24240D70EE38E017F5EC05DD7227AD7B242405BCB9A96017F5EC078175F4CD7B2424032F6449B017F5EC03E62931DD7B24240FF79D49C017F5EC03DF842EED6B2424032F6449B017F5EC03E8EF2BED6B242405BCB9A96017F5EC002D92690D6B24240D70EE38E017F5EC01C196362D6B2424030663384017F5EC0C3AA2736D6B242405ECAA976017F5EC0CB9DF00BD6B24240A9336C66017F5EC0B85934E4D5B24240392FA853017F5EC0995162BFD5B24240505F923E017F5EC078CBE19DD5B24240B1E76527017F5EC0ACBE1080D5B24240A5C7630E017F5EC04FCC4266D5B24240C623D2F3007F5EC0AC54C050D5B242404881FBD7007F5EC03DACC53FD5B24240E3F42DBB007F5EC078728233D5B24240D247BA9D007F5EC03F0C192CD5B242404415F37F007F5EC05B439E29D5B24240BEE22B62007F5EC03F0C192CD5B24240A635B844007F5EC078728233D5B2424040A9EA27007F5EC03DACC53FD5B24240C306140C007F5EC0AC54C050D5B24240EA6282F1FF7E5EC04FCC4266D5B24240D84280D8FF7E5EC0ACBE1080D5B2424038CB53C1FF7E5EC078CBE19DD5B2424050FB3DACFF7E5EC0995162BFD5B24240DFF67999FF7E5EC0B85934E4D5B242402B603C89FF7E5EC0CB9DF00BD6B2424059C4B27BFF7E5EC0C3AA2736D6B24240B11B0371FF7E5EC01C196362D6B24240345F4B69FF7E5EC002D92690D6B24240D4D4C168FF7E5EC03AA28A95D6B2424018F93E30F87E5EC0A204224AD4B24240A83D610EF87E5EC077648CC1D5B2424058A1AB06F87E5EC050519A3CD7B24240FE053619F87E5EC0988EB5B6D8B2424031FCC645F87E5EC08CCF4A2BDAB242403775D48BF87E5EC0A1E3D795DBB24240B16E85EAF87E5EC005AEF9F1DCB24240C192B460F97E5EC0CBBC793BDEB24240E5C4F3ECF97E5EC0B5555B6EDFB242400990908DFA7E5EC043D0E786E0B242405A689940FB7E5EC09C16BA81E1B242409FB0E303FC7E5EC0D629C95BE2B24240467012D5FC7E5EC0F1887112E3B2424096A59DB1FD7E5EC06B5D7DA3E3B24240EC1CDA96FE7E5EC014542B0DE4B2424036B50182FF7E5EC0090D344EE4B24240E3F73B70007F5EC0C711CE65E4B2424064E9A65E017F5EC05245B053E4B2424056F75F4A027F5EC0A6C61218E4B2424092E88C30037F5EC0E942AEB3E3B2424011B3640E047F5EC048B9B927E3B24240ED1C38E1047F5EC098B7E675E2B242409F410A13017F5EC09AC37671D8B2424001000000020000000001000000FFFFFFFF0000000003,1.15562139101,0.612568160069,1.55185517717,6,6,0.0558500977386,2.94825919316,33.0798209512,1.21106885587,0.851076723594,4.39055728818,160,37.3971841647,-121.984405506,1,9B87182A-7A47-4F8D-ACCF-D18A785AA024,0.00265128432034,0.00217611927948,0.00250244492231,0.004,-0.00188885934323,0.005,0.0057497880422,0.00888888888889,3.37877137933,1.03485184431,2,0.95,1
3BB5D6C4-17D0-4088-A616-11CE03DD3274,1480722471.47,1.54057034875,3.53916378555,0xE6100000010CBEF191EEFF7E5EC00F11D3E7D6B24240,0xE610000001043F000000F1467AA0007F5EC0CC409048D8B24240AE3B31AD007F5EC0D43D3438D8B242408F0B47C2007F5EC0B3B7B316D8B24240F90F0BD5007F5EC095AFE1F1D7B24240ADA648E5007F5EC0816B25CAD7B242407F42D2F2007F5EC08B5EEE9FD7B2424027EB81FD007F5EC030F0B273D7B24240A4A73905017F5EC04C30EF45D7B242407AD2E309017F5EC0107B2317D7B242404856730B017F5EC00F11D3E7D6B242407AD2E309017F5EC010A782B8D6B24240A4A73905017F5EC0D5F1B689D6B2424027EB81FD007F5EC0F031F35BD6B242407F42D2F2007F5EC096C3B72FD6B24240ADA648E5007F5EC09FB68005D6B24240F90F0BD5007F5EC08B72C4DDD5B242408F0B47C2007F5EC06B6AF2B8D5B24240AE3B31AD007F5EC04CE47197D5B242400EC40496007F5EC07FD7A079D5B2424003A4027D007F5EC022E5D25FD5B2424031007162007F5EC07E6D504AD5B24240BB5D9A46007F5EC010C55539D5B2424055D1CC29007F5EC04C8B122DD5B242404524590C007F5EC01125A925D5B24240BEF191EEFF7E5EC02E5C2E23D5B242403EBFCAD0FF7E5EC01125A925D5B242402D1257B3FF7E5EC04C8B122DD5B24240C8858996FF7E5EC010C55539D5B2424052E3B27AFF7E5EC07E6D504AD5B24240803F2160FF7E5EC022E5D25FD5B24240751F1F47FF7E5EC07FD7A079D5B24240D5A7F22FFF7E5EC04CE47197D5B24240F4D7DC1AFF7E5EC06B6AF2B8D5B2424083D31808FF7E5EC08B72C4DDD5B24240CF3CDBF7FE7E5EC09FB68005D6B2424003A151EAFE7E5EC096C3B72FD6B242405CF8A1DFFE7E5EC0F031F35BD6B24240DF3BEAD7FE7E5EC0D5F1B689D6B24240081140D3FE7E5EC010A782B8D6B242403B8DB0D1FE7E5EC00F11D3E7D6B24240081140D3FE7E5EC0107B2317D7B24240DF3BEAD7FE7E5EC04C30EF45D7B242405CF8A1DFFE7E5EC030F0B273D7B242401264E2E8FE7E5EC07B4CFE99D7B24240C3702024F87E5EC0E402BE35DCB24240BC03378CF87E5EC0B7EA6384DDB2424000B3760AF97E5EC0454B32BFDEB24240899C649DF97E5EC03F6278E2DFB24240E9CD4743FA7E5EC0B90CCCEAE0B24240996F2EFAFA7E5EC07D0614D5E1B242400C9BF3BFFB7E5EC0BE36919EE2B2424002CA4592FC7E5EC020EEE644E3B24240B2CBAD6EFD7E5EC06BFD21C6E3B24240002B9652FE7E5EC0A98FBE20E4B24240BBEF523BFF7E5EC00BB6AC53E4B2424022A32926007F5EC00498535EE4B242400F805910017F5EC0F93D9340E4B2424016B623F7017F5EC038F1C4FAE3B24240A4A6D3D7027F5EC0FA2FBA8DE3B24240B003C7AF037F5EC0B538BAFAE2B2424054B7757C047F5EC006347E43E2B24240CF7C793B057F5EC0B8082C6AE1B24240F1467AA0007F5EC0CC409048D8B2424001000000020000000001000000FFFFFFFF0000000003,0.920768001564,0.245190730752,-1.5836444418,6,6,-0.0372969675234,-2.90275384589,26.3400619207,1.31679330196,0.32949504353,3.99141571653,316,37.3971833974,-121.984370844,1,9B87182A-7A47-4F8D-ACCF-D18A785AA024,0.00144014435932,0.00128847700979,0.00148549726041,0.004,-0.00549874558576,0.005,0.00576454701607,0.00888888888889,9.63758061632,1.77613804139,2,0.95,1
3BB5D6C4-17D0-4088-A616-11CE03DD3274,1480722512.29,0.101089249521,2.01710819214,0xE6100000010C408EEEE7FD7E5EC07C733C44D7B24240,0xE61000000104400000008E7040F5FE7E5EC0A75DCED6D7B242403F8ADEF6FE7E5EC09D521CD0D7B24240D84696FEFE7E5EC0B99258A2D7B24240BC714003FF7E5EC07DDD8C73D7B242408AF5CF04FF7E5EC07C733C44D7B24240BC714003FF7E5EC07D09EC14D7B24240D84696FEFE7E5EC0425420E6D6B242403F8ADEF6FE7E5EC05D945CB8D6B2424082E12EECFE7E5EC00326218CD6B242409345A5DEFE7E5EC00C19EA61D6B24240B5AE67CEFE7E5EC0F8D42D3AD6B242401AAAA3BBFE7E5EC0D9CC5B15D6B2424008DA8DA6FE7E5EC0B746DBF3D5B242403062618FFE7E5EC0EC390AD6D5B24240E5415F76FE7E5EC08F473CBCD5B24240CD9DCD5BFE7E5EC0EBCFB9A6D5B2424010FBF63FFE7E5EC07D27BF95D5B242406C6E2923FE7E5EC0B9ED7B89D5B2424014C1B505FE7E5EC07E871282D5B24240408EEEE7FD7E5EC09BBE977FD5B24240735B27CAFD7E5EC07E871282D5B242401CAEB3ACFD7E5EC0B9ED7B89D5B242407021E68FFD7E5EC07D27BF95D5B24240BA7E0F74FD7E5EC0EBCFB9A6D5B24240A2DA7D59FD7E5EC08F473CBCD5B2424058BA7B40FD7E5EC0EC390AD6D5B2424080424F29FD7E5EC0B746DBF3D5B242406D723914FD7E5EC0D9CC5B15D6B24240D26D7501FD7E5EC0F8D42D3AD6B24240F4D637F1FC7E5EC00C19EA61D6B24240FE3AAEE3FC7E5EC00326218CD6B242404292FED8FC7E5EC05D945CB8D6B24240B0D546D1FC7E5EC0425420E6D6B24240CBAA9CCCFC7E5EC07D09EC14D7B24240FE260DCBFC7E5EC07C733C44D7B24240CBAA9CCCFC7E5EC07DDD8C73D7B24240B0D546D1FC7E5EC0B99258A2D7B242404292FED8FC7E5EC09D521CD0D7B24240FE3AAEE3FC7E5EC0F6C057FCD7B24240F4D637F1FC7E5EC0EECD8E26D8B2424090944FF2FC7E5EC0193D3B29D8B24240C59F7998F67E5EC098440415DEB24240B3258B1AF77E5EC002DB134DDFB242404CE022B1F77E5EC0A86FE56CE0B242404E6F7A5AF87E5EC0B6961471E1B242402FE09214F97E5EC0AE459056E2B24240C2B33ADDF97E5EC00C14A41AE3B242406E7C14B2FA7E5EC0786400BBE3B24240CC009E90FB7E5EC0D05DC135E4B2424097CD3776FC7E5EC00A9F7489E4B24240601F2D60FD7E5EC0BD9C1DB5E4B24240FB0CBC4BFE7E5EC0219B38B8E4B242405AD91D36FF7E5EC0833BBC92E4B2424005548F1C007F5EC090981945E4B24240CD2E59FC007F5EC009F13AD0E3B24240D92FD8D2017F5EC008E58035E3B24240E426859D027F5EC0004EBE76E2B24240ED8DFC59037F5EC029BE3296E1B2424077BE0506047F5EC0D8B78396E0B2424031A5999F047F5EC04CB1B47ADFB2424020E0E824057F5EC0F8FC1D46DEB24240D9346194057F5EC0C7B162FCDCB242401C4EB2EC057F5EC0CAB165A1DBB242408E7040F5FE7E5EC0A75DCED6D7B2424001000000020000000001000000FFFFFFFF0000000003,1.14048229145,-0.100320346634,1.52981726711,6,6,0.143837922171,3.50806971588,32.6136392714,1.17898597051,-0.118674669372,4.39055728818,435,37.3971944137,-121.984247191,1,9B87182A-7A47-4F8D-ACCF-D18A785AA024,0.00488387329312,0.0203606588938,0.0208324332659,0.004,-0.0502480170004,0.04525248521,0.0463010250882,0.00888888888889,0.0386247657716,0.103431576332,3,0.295502341431,1
3BB5D6C4-17D0-4088-A616-11CE03DD3274,1480722540.45,0.0725678363463,1.97900184472,0xE6100000010CFDB88944FD7E5EC008FA19B2D1B24240,0xE6100000010440000000B98A7746FE7E5EC092B37271D2B242408BE5C948FE7E5EC08247356AD2B24240B68C7953FE7E5EC028D9F93DD2B242402048315BFE7E5EC043193610D2B242405572DB5FFE7E5EC009646AE1D1B24240EAF56A61FE7E5EC008FA19B2D1B242405572DB5FFE7E5EC00890C982D1B242402048315BFE7E5EC0CDDAFD53D1B24240B68C7953FE7E5EC0E71A3A26D1B242408BE5C948FE7E5EC08EACFEF9D0B242409E4B403BFE7E5EC0989FC7CFD0B242402AB7022BFE7E5EC0835B0BA8D0B242405DB53E18FE7E5EC064533983D0B2424066E82803FE7E5EC043CDB861D0B242400574FCEBFD7E5EC077C0E743D0B242407057FAD2FD7E5EC01ACE192AD0B242404DB768B8FD7E5EC076569714D0B24240B718929CFD7E5EC008AE9C03D0B242405590C47FFD7E5EC0437459F7CFB242405DE75062FD7E5EC00A0EF0EFCFB24240FDB88944FD7E5EC0264575EDCFB242409C8AC226FD7E5EC00A0EF0EFCFB24240CAB6731EFD7E5EC0874807F2CFB2424057A22022FC7E5EC0A4757C59C4B24240AAE6DA3FFB7E5EC0D714A39DC4B24240DA3B6763FA7E5EC0A55D8207C5B242401F65418FF97E5EC0AEFCE895C5B242401233CDC5F87E5EC02C463C47C6B24240289F4F09F87E5EC051D67C19C7B242403740E85BF77E5EC007544C0AC8B24240DE2A8BBFF67E5EC0A245F416C9B24240574FFB35F67E5EC0A8E36D3CCAB24240DB64C5C0F57E5EC036D36A77CBB24240C2713B61F57E5EC0D1AE5EC4CCB2424082FC7018F57E5EC01E42891FCEB242401EF137E7F47E5EC00B5B0185CFB24240E7431ECEF47E5EC02611C0F0D0B24240E4576CCDF47E5EC0A762AC5ED2B242402C2E24E5F47E5EC0B605A7CAD3B242402C600115F57E5EC0B74B9630D5B24240C4E4795CF57E5EC08AF4718CD6B24240809EBFBAF57E5EC067CF4EDAD7B24240F0ADC22EF67E5EC005086A16D9B24240C28134B7F67E5EC049FF333DDAB24240819B8B52F77E5EC051905A4BDBB2424092FE07FFF77E5EC02FA4D23DDCB24240FD3BB8BAF87E5EC0C0F8E011DDB24240100D7F83F97E5EC03D0122C5DDB242405F6C1957FA7E5EC0EAC99055DEB242408A1B2533FB7E5EC0EDCA8CC1DEB2424030832715FC7E5EC07D99DE07DFB242400AD994FAFC7E5EC0126ABB27DFB242408A77D7E0FD7E5EC02B59C720DFB242401F5257C5FE7E5EC0547416F3DEB24240177081A5FF7E5EC04F802C9FDEB242403059CF7E007F5EC0167DFB25DEB24240E85DCE4E017F5EC0EFEBE088DDB24240C0A62613027F5EC07CDFA1C9DCB2424025F6A1C9027F5EC01FE165EADBB2424079093270037F5EC061BAB0EDDAB24240AC86F604047F5EC05A345BD6D9B2424099654286047F5EC0E3E18AA7D8B2424044C5A0F2047F5EC0750CA964D7B24240B98A7746FE7E5EC092B37271D2B2424001000000020000000001000000FFFFFFFF0000000003,2.07066275838,0.936687141107,-0.833207037044,6,6,1.4475154918,-1.5929894619,59.2147525288,0.234634612251,0.319045266996,4.18623212022,533,37.3970244052,-121.984208235,1,9B87182A-7A47-4F8D-ACCF-D18A785AA024,-0.00659079665581,0.0225712449115,0.0322721509985,0.004,-0.0531471566894,0.0501409983731,0.0716911219146,0.00888888888889,0.0314558458499,0.103756801248,3,0.36135919165,1
3BB5D6C4-17D0-4088-A616-11CE03DD3274,1480722543.08,0.046905722981,2.0002068219,0xE6100000010C6190CDB2FD7E5EC0820A2BF9D2B24240,0xE610000001043F000000CED9D6B1FE7E5EC07CF3CC30D2B242406B2B84A9FE7E5EC012B0D816D2B242406B964699FE7E5EC0FE6B1CEFD1B24240FC938286FE7E5EC0DE634ACAD1B242404EC66C71FE7E5EC0BDDDC9A8D1B242401951405AFE7E5EC0F2D0F88AD1B24240B1333E41FE7E5EC095DE2A71D1B24240A792AC26FE7E5EC0F166A85BD1B242401AF3D50AFE7E5EC083BEAD4AD1B24240BB6908EEFD7E5EC0BF846A3ED1B24240C5BF94D0FD7E5EC0841E0137D1B242406190CDB2FD7E5EC0A1558634D1B24240FC600695FD7E5EC0841E0137D1B2424006B79277FD7E5EC0BF846A3ED1B24240A72DC55AFD7E5EC083BEAD4AD1B242401B8EEE3EFD7E5EC0F166A85BD1B2424010ED5C24FD7E5EC095DE2A71D1B24240A8CF5A0BFD7E5EC0F2D0F88AD1B24240D0C5E2F6FC7E5EC065F54EA5D1B24240290FB11AF87E5EC04D5F1BDBC8B24240BB1D4E76F77E5EC0466551DAC9B242409B85D4E3F67E5EC05A69B9F3CAB24240C7F8E864F67E5EC0412F2B24CCB2424024FFF7FAF57E5EC0994F3C68CDB24240B4DF31A7F57E5EC042074ABCCEB242408336876AF57E5EC0ABA8831CD0B242409941A645F57E5EC0F690F584D1B242409FECF838F57E5EC07E8194F1D2B24240A3A0A344F57E5EC03D3D495ED4B2424064DB8468F57E5EC09348FCC6D5B24240C28F35A4F57E5EC0C9A9A127D7B24240914D0AF7F57E5EC08588447CD8B24240062E1560F67E5EC0D48A12C1D9B242400F7F28DEF67E5EC01ACF66F2DAB24240C125DA6FF77E5EC06D63D40CDCB2424073AE8713F87E5EC0471C300DDDB2424084FE5AC7F87E5EC057AE99F0DDB24240849A4F89F97E5EC031F183B4DEB24240BB713857FA7E5EC04733BC56DFB24240151EC62EFB7E5EC0128A70D5DFB2424094868D0DFC7E5EC0310C352FE0B24240AFD10EF1FC7E5EC0A2E60763E0B24240CE92BCD6FD7E5EC046415470E0B24240291F03BCFE7E5EC060EAF356E0B2424071F44F9EFF7E5EC043C42F17E0B24240FC1B197B007F5EC001F4BEB1DFB24240B875E44F017F5EC069D3C427DFB2424062D54E1A027F5EC033ACCD7ADEB24240E2DD12D8027F5EC0DC45CAACDDB242400E870F87037F5EC0C6520AC0DCB242401A3B4E25047F5EC0D8CC35B7DBB24240F87908B1047F5EC079544595DAB24240F0F2AC28057F5EC0FAA7795DD9B242400705E48A057F5EC0CF4B5213D8B24240129A93D6057F5EC0877E83BAD6B24240E650E20A067F5EC05595EB56D5B24240A4ED3927067F5EC0AFDF87ECD3B242404009492B067F5EC0F531697FD2B242403EFB0317067F5EC01338A813D1B2424047FBA4EA057F5EC08EB159ADCFB24240DF79ABA6057F5EC0E0B88250CEB242406CB2DA4B057F5EC0C4370D01CDB24240CED9D6B1FE7E5EC07CF3CC30D2B2424001000000020000000001000000FFFFFFFF0000000003,2.22538197405,0.195379854078,-0.146554910723,6,6,1.34690842303,-0.198821538417,63.6552247429,0.243115204132,0.0481135948461,1.86202488924,538,37.3970633946,-121.984234524,1,9B87182A-7A47-4F8D-ACCF-D18A785AA024,0.00342474393335,0.0250414852467,0.0553924818247,0.004,-0.0510340816673,0.0556290417168,0.123053031874,0.00888888888889,0.0255607348311,0.103756801248,3,0.61094679249,1
3BB5D6C4-17D0-4088-A616-11CE03DD3274,1480723005.19,1.88511393025,3.85663022172,0xE6100000010C7D653B58007F5EC051A452FAD6B24240,0xE610000001044000000011D6733A017F5EC03360B90CD8B242402884B43E017F5EC0D6426104D8B24240E31AF24E017F5EC0C2FEA4DCD7B24240BDB67B5C017F5EC0CAF16DB2D7B24240645F2B67017F5EC071833286D7B24240E81BE36E017F5EC08BC36E58D7B24240C6468D73017F5EC0510EA329D7B2424093CA1C75017F5EC051A452FAD6B24240C6468D73017F5EC0513A02CBD6B24240E81BE36E017F5EC01685369CD6B24240645F2B67017F5EC032C5726ED6B24240BDB67B5C017F5EC0D7563742D6B24240E31AF24E017F5EC0E0490018D6B242402884B43E017F5EC0CC0544F0D5B24240B07FF02B017F5EC0ADFD71CBD5B24240C8AFDA16017F5EC08B77F1A9D5B242401A38AEFF007F5EC0C06A208CD5B242400818ACE6007F5EC063785272D5B2424021741ACC007F5EC0BF00D05CD5B242409DD143B0007F5EC05158D54BD5B2424029457693007F5EC08E1E923FD5B2424011980276007F5EC052B82838D5B242407D653B58007F5EC06FEFAD35D5B24240E832743A007F5EC052B82838D5B24240C985001D007F5EC08E1E923FD5B242405DF93200007F5EC05158D54BD5B24240D1565CE4FF7E5EC0BF00D05CD5B24240F1B2CAC9FF7E5EC063785272D5B24240D892C8B0FF7E5EC0C06A208CD5B24240311B9C99FF7E5EC08B77F1A9D5B24240424B8684FF7E5EC0ADFD71CBD5B24240D146C271FF7E5EC0CC0544F0D5B242400FB08461FF7E5EC0E0490018D6B242403C14FB53FF7E5EC0D7563742D6B24240956B4B49FF7E5EC032C5726ED6B2424011AF9341FF7E5EC01685369CD6B242403384E93CFF7E5EC0513A02CBD6B2424066005A3BFF7E5EC051A452FAD6B242403384E93CFF7E5EC0510EA329D7B2424011AF9341FF7E5EC08BC36E58D7B24240956B4B49FF7E5EC071833286D7B242403C14FB53FF7E5EC0CAF16DB2D7B2424045D33B55FF7E5EC06C2656B6D7B242406CB09EA2F87E5EC03F140593DCB2424008B6D60FF97E5EC0501817DEDDB242402A3CF992F97E5EC0E36B6D14DFB2424055A37B2AFA7E5EC0DB296232E0B24240F9FB95D4FA7E5EC0D7CB9834E1B242407762488FFB7E5EC0C8470818E2B242408F036158FC7E5EC0453204DAE2B2424007B7822DFD7E5EC02CCA4478E3B24240D31C2C0CFE7E5EC04BD5EDF0E3B242403427BFF1FE7E5EC085399442E4B24240F4FA88DBFF7E5EC07841426CE4B24240900ECAC6007F5EC0EA7F7A6DE4B242403A6FBEB0017F5EC037493946E4B242405913A696027F5EC063BEF4F6E3B242402B21CD75037F5EC099699B80E3B24240C610944B047F5EC0567091E4E2B24240E4907715057F5EC0A563AC24E2B24240C81618D1057F5EC01EBB2D43E1B24240AC02417C067F5EC00F0BBC42E0B242409F42EF14077F5EC07E0A5B26DFB2424011D6733A017F5EC03360B90CD8B2424001000000020000000001000000FFFFFFFF0000000003,1.03050158158,0.111736884332,-1.59907879973,6,6,-0.106520820019,-3.76531489384,29.4513523941,1.21532391168,0.13636448979,4.829613017,664,37.3971856025,-121.984396036,1,9B87182A-7A47-4F8D-ACCF-D18A785AA024,0.00241248318275,0.00107515208328,0.00119468137082,0.004,-0.00402878095732,0.005,0.00555587153392,0.00888888888889,13.8414439153,2.09469016466,2,0.95,1
3BB5D6C4-17D0-4088-A616-11CE03DD3274,1480723037.11,2.46258782987,4.63190332358,0xE6100000010C3354A1DCFF7E5EC00B80DF11D7B24240,0xE610000001043F000000F2C233ED007F5EC0C9040E94D7B242404E0B49F3007F5EC0459FFB6FD7B242402C36F3F7007F5EC00BEA2F41D7B2424000BA82F9007F5EC00B80DF11D7B242402C36F3F7007F5EC00B168FE2D6B242404E0B49F3007F5EC0D060C3B3D6B24240CA4E91EB007F5EC0EBA0FF85D6B242401CA6E1E0007F5EC09132C459D6B242403B0A58D3007F5EC09A258D2FD6B2424072731AC3007F5EC086E1D007D6B24240F36E56B0007F5EC067D9FEE2D5B24240F69E409B007F5EC045537EC1D5B2424041271484007F5EC07A46ADA3D5B242401A07126B007F5EC01D54DF89D5B2424025638050007F5EC079DC5C74D5B2424092C0A934007F5EC00B346263D5B242400A34DC17007F5EC048FA1E57D5B24240DD8668FAFF7E5EC00C94B54FD5B242403354A1DCFF7E5EC029CB3A4DD5B242409021DABEFF7E5EC00C94B54FD5B242405C7466A1FF7E5EC048FA1E57D5B24240DAE79884FF7E5EC00B346263D5B242404845C268FF7E5EC079DC5C74D5B2424053A1304EFF7E5EC01D54DF89D5B242402C812E35FF7E5EC07A46ADA3D5B242407009021EFF7E5EC045537EC1D5B242407939EC08FF7E5EC067D9FEE2D5B24240D4DE4D06FF7E5EC01D2922E8D5B2424067091B7BF97E5EC07FBA9834CEB2424000F785EAF87E5EC0E891EE59CFB242409724B56EF87E5EC043275896D0B242407AC21A09F87E5EC0097523E6D1B242407197E6BAF77E5EC0F5826445D3B2424092740285F77E5EC0BA1F01B0D4B242400B7A0F68F77E5EC0EB24BD21D6B2424075356464F77E5EC06B204796D7B242401D9F0B7AF77E5EC0863D4509D9B2424014F9C4A8F77E5EC01B476276DAB24240DB9004F0F77E5EC0F79B5AD9DBB242400F61F54EF87E5EC0A5EE082EDDB24240418E7BC4F87E5EC08CAA7270DEB24240AAB7374FF97E5EC045D9D39CDFB24240C6118BEDF97E5EC0CB64AAAFE0B242406A3E9C9DFA7E5EC08394C0A5E1B2424028D45C5DFB7E5EC021A6367CE2B242401F848F2AFC7E5EC065658B30E3B242401CCCCE02FD7E5EC040A9A3C0E3B24240EB2094E3FD7E5EC0C79FD02AE4B24240567B3FCAFE7E5EC056D6D46DE4B242406D311FB4FF7E5EC0A5EEE788E4B242408904789E007F5EC0DCF5B87BE4B24240E34B8D86017F5EC097566F46E4B242407423A969027F5EC01263AAE9E3B242409A862445037F5EC0CC787F66E3B242402A3E6F16047F5EC03FC376BEE2B242408E8A17DB047F5EC05EA786F3E1B242408772D190057F5EC083E50D08E1B242401AA17D35067F5EC05183CCFEDFB2424037BE2FC7067F5EC0CE92DBDADEB24240902E3444077F5EC042EFA39FDDB24240192A15AB077F5EC07A0BD450DCB2424088199FFA077F5EC00FF054F2DAB24240F2C233ED007F5EC0C9040E94D7B2424001000000020000000001000000FFFFFFFF0000000003,1.78401822681,0.505220330212,1.55707512435,6,6,0.0498626276973,3.63375576045,51.069694992,1.05790278996,0.58512630504,2.59932078672,772,37.3971884099,-121.984366567,1,9B87182A-7A47-4F8D-ACCF-D18A785AA024,0.000998819775759,0.001,0.00110572500202,0.004,-0.00364783507444,0.005,0.00552862501008,0.00888888888889,20.9702657779,2.72294493315,2,0.95,1
3BB5D6C4-17D0-4088-A616-11CE03DD3274,1480723079.64,2.19655740988,4.08905343928,0xE6100000010CD839D8D8007F5EC05F2086ECD6B24240,0xE610000001043F0000002CFDD388017F5EC0EB14BD4FD8B24240DD837797017F5EC0244DE73CD8B24240C6538DAC017F5EC003C7661BD8B24240365851BF017F5EC0E4BE94F6D7B24240EAEE8ECF017F5EC0D17AD8CED7B24240BD8A18DD017F5EC0D96DA1A4D7B242405D33C8E7017F5EC080FF6578D7B24240E1EF7FEF017F5EC09A3FA24AD7B24240B81A2AF4017F5EC05E8AD61BD7B24240859EB9F5017F5EC05F2086ECD6B24240B81A2AF4017F5EC05EB635BDD6B24240E1EF7FEF017F5EC024016A8ED6B242405D33C8E7017F5EC03F41A660D6B24240BD8A18DD017F5EC0E5D26A34D6B24240EAEE8ECF017F5EC0EEC5330AD6B24240365851BF017F5EC0DB8177E2D5B24240C6538DAC017F5EC0BB79A5BDD5B24240DD837797017F5EC09AF3249CD5B242403E0C4B80017F5EC0CEE6537ED5B2424032EC4867017F5EC071F48564D5B242405A48B74C017F5EC0CC7C034FD5B24240DCA5E030017F5EC05FD4083ED5B2424077191314017F5EC09B9AC531D5B24240666C9FF6007F5EC05F345C2AD5B24240D839D8D8007F5EC07D6BE127D5B24240520711BB007F5EC05F345C2AD5B24240415A9D9D007F5EC09B9AC531D5B24240DBCDCF80007F5EC05FD4083ED5B242405E2BF964007F5EC0CC7C034FD5B242408587674A007F5EC071F48564D5B242407A676531007F5EC0CEE6537ED5B24240DAEF381A007F5EC09AF3249CD5B24240F21F2305007F5EC0BB79A5BDD5B24240811B5FF2FF7E5EC0DB8177E2D5B24240CD8421E2FF7E5EC0EEC5330AD6B24240CC67F5DCFF7E5EC037D9541AD6B24240A79FD357F97E5EC06CB07BA9D0B242402AA997F5F87E5EC094FC8EFED1B24240557B42ABF87E5EC0FA519262D3B24240C954B579F87E5EC027E44ED1D4B24240635C8661F87E5EC0F0676D46D6B242401FDAFE62F87E5EC0FA3A83BDD7B2424028591A7EF87E5EC0C2C51F32D9B2424048B586B2F87E5EC0C3EFD99FDAB24240CB13A5FFF87E5EC0DC7C5D02DCB24240ECC48B64F97E5EC0892B7855DDB24240ED0709E0F97E5EC0156C2695DEB2424099A9A670FA7E5EC0608A9FBDDFB242401D72AE14FB7E5EC0432561CBE0B2424014552FCAFB7E5EC0CBD039BBE1B242407C53038FFC7E5EC04CC3528AE2B242407FFED560FD7E5EC09C6F3836E3B24240C6862B3DFE7E5EC0BCF2E1BCE3B24240E7426821FF7E5EC0443EB71CE4B24240DD96D80A007F5EC0D9EC9554E4B242408F23B9F6007F5EC02CB2D463E4B2424055263FE2017F5EC0FB5B454AE4B24240EDEEA0CA027F5EC0085E3508E4B242400C521EAD037F5EC06FE76C9EE3B242402EFF0887047F5EC004842C0EE3B2424042A0CC55057F5EC004512959E2B24240B3AAF616067F5EC087D08781E1B242402CFDD388017F5EC0EB14BD4FD8B2424001000000020000000001000000FFFFFFFF0000000003,1.36063528018,0.693759966723,-1.5971306889,6,6,-0.105811091196,-4.01705686578,38.856301642,0.657916267445,0.54717382236,3.29869067481,932,37.3971839576,-121.9844267,1,9B87182A-7A47-4F8D-ACCF-D18A785AA024,0.000540432583875,0.001,0.001,0.004,-0.00112001964428,0.005,0.005,0.00888888888889,17.6125029485,2.19061514515,2,0.95,1
3BB5D6C4-17D0-4088-A616-11CE03DD3274,1480723116.65,4.76584691205,6.78669134958,0xE6100000010CABE763ECFE7E5EC0F2E9A062D7B24240,0xE610000001043F000000C0409407FF7E5EC008080225D9B242408D1A2B0AFF7E5EC0F2D5CA24D9B2424000C89E27FF7E5EC0B66F611DD9B24240C1546C44FF7E5EC0F2351E11D9B2424093F74260FF7E5EC0858D2300D9B24240C09BD47AFF7E5EC0E015A1EAD8B2424019BCD693FF7E5EC08223D3D0D8B24240063403ABFF7E5EC0B71602B3D8B242402D0419C0FF7E5EC096908191D8B24240D608DDD2FF7E5EC07688AF6CD8B24240BC9F1AE3FF7E5EC06344F344D8B24240C03BA4F0FF7E5EC06C37BC1AD8B2424083E453FBFF7E5EC012C980EED7B242401CA10B03007F5EC02D09BDC0D7B2424001CCB507007F5EC0F353F191D7B24240D54F4509007F5EC0F2E9A062D7B2424001CCB507007F5EC0F37F5033D7B242401CA10B03007F5EC0B7CA8404D7B2424083E453FBFF7E5EC0D10AC1D6D6B24240C03BA4F0FF7E5EC0789C85AAD6B24240BC9F1AE3FF7E5EC0808F4E80D6B24240D608DDD2FF7E5EC06D4B9258D6B242402D0419C0FF7E5EC04E43C033D6B24240063403ABFF7E5EC02DBD3F12D6B2424019BCD693FF7E5EC061B06EF4D5B24240C09BD47AFF7E5EC004BEA0DAD5B2424093F74260FF7E5EC060461EC5D5B24240C1546C44FF7E5EC0F29D23B4D5B2424000C89E27FF7E5EC02D64E0A7D5B242408D1A2B0AFF7E5EC0F4FD76A0D5B24240ABE763ECFE7E5EC01035FC9DD5B24240C1B49CCEFE7E5EC0F4FD76A0D5B24240550729B1FE7E5EC02D64E0A7D5B24240947A5B94FE7E5EC0F29D23B4D5B24240BBD78478FE7E5EC060461EC5D5B242408E33F35DFE7E5EC004BEA0DAD5B242403513F144FE7E5EC061B06EF4D5B24240489BC42DFE7E5EC02DBD3F12D6B2424021CBAE18FE7E5EC04E43C033D6B2424078C6EA05FE7E5EC06D4B9258D6B24240922FADF5FD7E5EC0808F4E80D6B24240969323E8FD7E5EC0789C85AAD6B24240CBEA73DDFD7E5EC0D10AC1D6D6B24240322EBCD5FD7E5EC0B7CA8404D7B242404D0312D1FD7E5EC0F37F5033D7B24240797F82CFFD7E5EC0F2E9A062D7B242404D0312D1FD7E5EC0F353F191D7B24240322EBCD5FD7E5EC02D09BDC0D7B24240CBEA73DDFD7E5EC012C980EED7B24240969323E8FD7E5EC06C37BC1AD8B24240543070EFFD7E5EC07D3D7F31D8B24240867E1C63F77E5EC0B3FB6C8CDDB242406AE2C6E6F77E5EC0528C7FEDDEB242406D18EA83F87E5EC01DE83533E0B24240CF1C4C38F97E5EC0968AF258E1B2424062995E01FA7E5EC0D9EC8B5AE2B24240112B48DCFA7E5EC0D09E5B34E3B24240C1B7EEC5FB7E5EC0DF844BE3E3B24240DEAE02BBFC7E5EC0F709E164E4B24240F80B0BB8FD7E5EC08E1D46B7E4B242408FEF71B9FE7E5EC0C3DC4FD9E4B24240BFA091BBFF7E5EC091CE82CAE4B24240C0409407FF7E5EC008080225D9B2424001000000020000000001000000FFFFFFFF0000000003,0.595538379064,0.499911641451,1.57147021506,6,6,-0.00196926145833,2.9222369072,16.9962424804,1.14324264173,0.624425145099,2.36301889702,1041,37.3971980367,-121.98430929,1,9B87182A-7A47-4F8D-ACCF-D18A785AA024,6.47677734378E-05,0.001,0.00104483582304,0.004,-0.0035770010249,0.005,0.00522417911519,0.00888888888889,72.741922808,4.97952758083,2,0.95,1
3BB5D6C4-17D0-4088-A616-11CE03DD3274,1480723161.73,5.14967460421,7.32557517392,0xE6100000010C7C674DC7FF7E5EC025F10419D7B24240,0xE6100000010440000000E5AD57BA007F5EC0BD3C5404D8B24240AE1D04BE007F5EC0954B57FBD7B242408FB98DCB007F5EC09F3E20D1D7B2424044623DD6007F5EC044D0E4A4D7B24240C81EF5DD007F5EC060102177D7B24240AD499FE2007F5EC0255B5548D7B242407ACD2EE4007F5EC025F10419D7B24240AD499FE2007F5EC02587B4E9D6B24240C81EF5DD007F5EC0EAD1E8BAD6B2424044623DD6007F5EC00512258DD6B242408FB98DCB007F5EC0ABA3E960D6B24240AE1D04BE007F5EC0B496B236D6B24240E586C6AD007F5EC09F52F60ED6B242405F82029B007F5EC0814A24EAD5B2424062B2EC85007F5EC060C4A3C8D5B24240A63AC06E007F5EC095B7D2AAD5B24240781ABE55007F5EC037C50491D5B2424083762C3B007F5EC0924D827BD5B24240E2D3551F007F5EC025A5876AD5B242405A478802007F5EC0616B445ED5B24240269A14E5FF7E5EC02605DB56D5B242407C674DC7FF7E5EC0443C6054D5B24240CB3486A9FF7E5EC02605DB56D5B242409787128CFF7E5EC0616B445ED5B242400EFB446FFF7E5EC025A5876AD5B2424075586E53FF7E5EC0924D827BD5B2424079B4DC38FF7E5EC037C50491D5B242405194DA1FFF7E5EC095B7D2AAD5B24240961CAE08FF7E5EC060C4A3C8D5B24240984C98F3FE7E5EC0814A24EAD5B242401248D4E0FE7E5EC09F52F60ED6B2424049B196D0FE7E5EC0B496B236D6B2424061150DC3FE7E5EC0ABA3E960D6B24240B36C5DB8FE7E5EC00512258DD6B2424028B0A5B0FE7E5EC0EAD1E8BAD6B242404A85FBABFE7E5EC02587B4E9D6B242407D016CAAFE7E5EC025F10419D7B242404A85FBABFE7E5EC0255B5548D7B2424028B0A5B0FE7E5EC060102177D7B24240B36C5DB8FE7E5EC044D0E4A4D7B2424061150DC3FE7E5EC09F3E20D1D7B2424049B196D0FE7E5EC0954B57FBD7B242401248D4E0FE7E5EC0AA8F1323D8B24240984C98F3FE7E5EC0C997E547D8B24240961CAE08FF7E5EC0EA1D6669D8B242405194DA1FFF7E5EC0B62A3787D8B2424079B4DC38FF7E5EC0131D05A1D8B2424048AC1A39FF7E5EC0134837A1D8B242409F382C8CFB7E5EC0E0EA65C4E2B242402261FF61FC7E5EC013AEE06FE3B24240102D6A42FD7E5EC042F5DDF4E3B242401195B02AFE7E5EC062EABE51E4B24240FB0EFE17FF7E5EC08BD56185E4B24240D9616E07007F5EC0BDA4258FE4B24240EEAA16F6007F5EC041E2EB6EE4B2424079770EE1017F5EC0B7131925E4B24240E7D678C5027F5EC0888093B2E3B24240FC488DA0037F5EC08863C018E3B242408D6CA06F047F5EC0B4907F59E2B24240F2522C30057F5EC0709C2577E1B24240105FD8DF057F5EC09D967474E0B24240C596807C067F5EC023709354DFB2424042503C04077F5EC0E025041BDEB24240E5AD57BA007F5EC0BD3C5404D8B2424001000000020000000001000000FFFFFFFF0000000003,0.773087474361,-0.250441077108,-1.59356635327,6,6,-0.0741852024936,-3.25745695141,22.0636820826,1.08466256521,-0.27746949327,3.6285597423,1188,37.3971892618,-121.984361482,1,9B87182A-7A47-4F8D-ACCF-D18A785AA024,0.000419343755311,0.001,0.00110820063105,0.004,-0.00349749372819,0.005,0.00554100315525,0.00888888888889,99.3269367466,5.70687264609,2,0.95,1
3BB5D6C4-17D0-4088-A616-11CE03DD3274,1480723209.46,0.0691725016956,1.97435764004,0xE6100000010CEA7CD1F2FE7E5EC0C329DC2ED7B24240,0xE610000001043E0000001D39E82EFF7E5EC003153FE9D8B2424089E9D94AFF7E5EC0C37559DDD8B24240388CB066FF7E5EC056CD5ECCD8B242403B304281FF7E5EC0B155DCB6D8B242407750449AFF7E5EC053630E9DD8B2424041C870B1FF7E5EC088563D7FD8B242404D9886C6FF7E5EC067D0BC5DD8B24240D99C4AD9FF7E5EC049C8EA38D8B24240B13388E9FF7E5EC034842E11D8B2424098CF11F7FF7E5EC03D77F7E6D7B242404E78C101007F5EC0E308BCBAD7B24240E0347909007F5EC0FE48F88CD7B24240BE5F230E007F5EC0C4932C5ED7B2424092E3B20F007F5EC0C329DC2ED7B24240BE5F230E007F5EC0C3BF8BFFD6B24240E0347909007F5EC0880AC0D0D6B242404E78C101007F5EC0A44AFCA2D6B2424098CF11F7FF7E5EC049DCC076D6B24240B13388E9FF7E5EC053CF894CD6B24240D99C4AD9FF7E5EC03E8BCD24D6B242404D9886C6FF7E5EC01F83FBFFD5B2424041C870B1FF7E5EC0FEFC7ADED5B242407750449AFF7E5EC032F0A9C0D5B242403B304281FF7E5EC0D5FDDBA6D5B24240388CB066FF7E5EC031865991D5B2424089E9D94AFF7E5EC0C3DD5E80D5B24240F35C0C2EFF7E5EC0FEA31B74D5B24240A9AF9810FF7E5EC0C43DB26CD5B24240EA7CD1F2FE7E5EC0E174376AD5B242402B4A0AD5FE7E5EC0C43DB26CD5B24240E99C96B7FE7E5EC0FEA31B74D5B242404C10C99AFE7E5EC0C3DD5E80D5B24240A46DF27EFE7E5EC031865991D5B242409AC96064FE7E5EC0D5FDDBA6D5B2424064A95E4BFE7E5EC032F0A9C0D5B2424094313234FE7E5EC0FEFC7ADED5B242408F611C1FFE7E5EC01F83FBFFD5B24240FB5C580CFE7E5EC03E8BCD24D6B242402BC61AFCFD7E5EC053CF894CD6B242403C2A91EEFD7E5EC049DCC076D6B242408781E1E3FD7E5EC0A44AFCA2D6B24240F5C429DCFD7E5EC0880AC0D0D6B24240179A7FD7FD7E5EC0C3BF8BFFD6B242404A16F0D5FD7E5EC0C329DC2ED7B24240179A7FD7FD7E5EC0C4932C5ED7B24240F5C429DCFD7E5EC0FE48F88CD7B242408781E1E3FD7E5EC0E308BCBAD7B242403C2A91EEFD7E5EC03D77F7E6D7B242402BC61AFCFD7E5EC034842E11D8B24240FB5C580CFE7E5EC049C8EA38D8B24240CE38FD16FE7E5EC02A44CD4DD8B2424049563266F87E5EC0A75B58BBDFB24240AF0FDE19F97E5EC0CB96A6EEE0B242404A06B2E3F97E5EC028C803FDE1B242401F76B1C0FA7E5EC06E796FE2E2B24240C5F796ADFB7E5EC0C658849BE3B242409CE5E0A6FC7E5EC0CF168525E4B2424006A5DEA8FD7E5EC009C8667EE4B24240C9A1BEAFFE7E5EC048A2D8A4E4B2424049C69CB7FF7E5EC0D7F84898E4B24240D93991BC007F5EC07964E758E4B242401D39E82EFF7E5EC003153FE9D8B2424001000000020000000001000000FFFFFFFF0000000003,0.547815387769,0.335258610995,1.5555667658,6,6,0.0446921381924,2.9343382163,15.6483908391,1.53998283913,0.536547103562,4.39055728818,1302,37.3971918654,-121.984310822,1,9B87182A-7A47-4F8D-ACCF-D18A785AA024,0.0240531627443,0.0294575423707,0.0298584952062,0.004,-0.0324468751646,0.0654766183849,0.0663678344773,0.00888888888889,0.0184547645206,0.0701140232369,3,0.650865137002,1
3BB5D6C4-17D0-4088-A616-11CE03DD3274,1480723260.13,1.5182301361,3.49984658334,0xE6100000010C21F62160FF7E5EC04FA48EEBD6B24240,0xE610000001043F0000003A5B3C28007F5EC03F6ADF2CD8B242400010D733007F5EC0F34A6F1AD8B2424071149B46007F5EC0D4429DF5D7B2424025ABD856007F5EC0C0FEE0CDD7B24240F8466264007F5EC0C8F1A9A3D7B242409FEF116F007F5EC06F836E77D7B242401CACC976007F5EC089C3AA49D7B24240F3D6737B007F5EC04F0EDF1AD7B24240C05A037D007F5EC04FA48EEBD6B24240F3D6737B007F5EC04F3A3EBCD6B242401CACC976007F5EC01485728DD6B242409FEF116F007F5EC030C5AE5FD6B24240F8466264007F5EC0D5567333D6B2424025ABD856007F5EC0DE493C09D6B2424071149B46007F5EC0CA0580E1D5B242400010D733007F5EC0ABFDADBCD5B242401F40C11E007F5EC089772D9BD5B242407FC89407007F5EC0BE6A5C7DD5B2424074A892EEFF7E5EC061788E63D5B242409B0401D4FF7E5EC0BD000C4ED5B242401E622AB8FF7E5EC04F58113DD5B24240B9D55C9BFF7E5EC08C1ECE30D5B24240A828E97DFF7E5EC050B86429D5B2424021F62160FF7E5EC06DEFE926D5B2424093C35A42FF7E5EC050B86429D5B242408216E724FF7E5EC08C1ECE30D5B242401D8A1908FF7E5EC04F58113DD5B24240A7E742ECFE7E5EC0BD000C4ED5B24240CE43B1D1FE7E5EC061788E63D5B24240C323AFB8FE7E5EC0BE6A5C7DD5B242401CAC82A1FE7E5EC089772D9BD5B242403BDC6C8CFE7E5EC0ABFDADBCD5B24240CAD7A879FE7E5EC0CA0580E1D5B2424016416B69FE7E5EC0DE493C09D6B2424043A5E15BFE7E5EC0D5567333D6B24240A3FC3151FE7E5EC030C5AE5FD6B242401F407A49FE7E5EC01485728DD6B242404815D044FE7E5EC04F3A3EBCD6B242407B914043FE7E5EC04FA48EEBD6B242404815D044FE7E5EC04F0EDF1AD7B242401F407A49FE7E5EC089C3AA49D7B24240A3FC3151FE7E5EC06F836E77D7B2424043A5E15BFE7E5EC0C8F1A9A3D7B2424016416B69FE7E5EC0C0FEE0CDD7B24240CAD7A879FE7E5EC0D4429DF5D7B2424074FDCB7EFE7E5EC0EFBAB1FFD7B2424088D3F3A9F87E5EC0CA7A1825DFB2424057C43A4AF97E5EC0F7B7534BE0B24240DF8D5AFEF97E5EC00280FC52E1B2424010BE07C4FA7E5EC030F1B638E2B2424065A4BD98FB7E5EC0DAD295F9E2B242405488C679FC7E5EC0DF202493E3B24240E07F4464FD7E5EC01E0F6D03E4B2424017C93A55FE7E5EC0B06A0249E4B242403F889749FF7E5EC039440163E4B24240BACA3D3E007F5EC004D41451E4B2424024AE0F30017F5EC0838E7713E4B242408E8AF81B027F5EC0A865F2AAE3B2424086FEF6FE027F5EC09039DA18E3B2424041BC26D6037F5EC0C9800B5FE2B2424018F8C99E047F5EC06B36E47FE1B2424040595256057F5EC0CC213C7EE0B242403A5B3C28007F5EC03F6ADF2CD8B2424001000000020000000001000000FFFFFFFF0000000003,0.846973657736,0.0668533036118,-1.60805526161,6,6,-0.122430440095,-3.2844143738,24.1584152461,0.956867008741,0.0640651926614,2.04822737817,1446,37.3971838423,-121.984336885,1,9B87182A-7A47-4F8D-ACCF-D18A785AA024,0.000630321378594,0.00152645956432,0.00159897004727,0.004,-0.00408706156981,0.005,0.00523751196771,0.00888888888889,6.86676639529,1.59034970151,2,0.95,1
3BB5D6C4-17D0-4088-A616-11CE03DD3274,1480723299.83,0.106791137917,2.03077995718,0xE6100000010CE1ACCA40FF7E5EC0F3A61026D7B24240,0xE610000001043F00000099552E10007F5EC055BCCD5BD8B2424012C87F14007F5EC0974DF154D8B242409FCC4327007F5EC079451F30D8B242406F638137007F5EC065016308D8B2424057FF0A45007F5EC06FF42BDED7B242400CA8BA4F007F5EC01486F0B1D7B2424097647257007F5EC030C62C84D7B24240758F1C5C007F5EC0F4106155D7B242404913AC5D007F5EC0F3A61026D7B24240758F1C5C007F5EC0F43CC0F6D6B2424097647257007F5EC0B987F4C7D6B242400CA8BA4F007F5EC0D4C7309AD6B2424057FF0A45007F5EC07A59F56DD6B242406F638137007F5EC0834CBE43D6B242409FCC4327007F5EC06F08021CD6B2424012C87F14007F5EC04F0030F7D5B242400DF869FFFF7E5EC0307AAFD5D5B242404B803DE8FF7E5EC0636DDEB7D5B2424015603BCFFF7E5EC0067B109ED5B2424012BCA9B4FF7E5EC062038E88D5B242406B19D398FF7E5EC0F45A9377D5B24240DB8C057CFF7E5EC03021506BD5B2424099DF915EFF7E5EC0F5BAE663D5B24240E1ACCA40FF7E5EC012F26B61D5B24240307A0323FF7E5EC0F5BAE663D5B24240EECC8F05FF7E5EC03021506BD5B242405E40C2E8FE7E5EC0F45A9377D5B24240B79DEBCCFE7E5EC062038E88D5B24240B4F959B2FE7E5EC0067B109ED5B242407ED95799FE7E5EC0636DDEB7D5B24240BB612B82FE7E5EC0307AAFD5D5B24240B791156DFE7E5EC04F0030F7D5B242402A8D515AFE7E5EC06F08021CD6B242405AF6134AFE7E5EC0834CBE43D6B24240725A8A3CFE7E5EC07A59F56DD6B24240BDB1DA31FE7E5EC0D4C7309AD6B2424032F5222AFE7E5EC0B987F4C7D6B2424054CA7825FE7E5EC0F43CC0F6D6B242408046E923FE7E5EC0F3A61026D7B2424054CA7825FE7E5EC0F4106155D7B2424032F5222AFE7E5EC030C62C84D7B24240BDB1DA31FE7E5EC01486F0B1D7B24240725A8A3CFE7E5EC06FF42BDED7B242405AF6134AFE7E5EC065016308D8B24240303AFE52FE7E5EC0DEF6321ED8B242401DD9182BF87E5EC01589968ADEB242406A4FCDBCF87E5EC005AE23C3DFB24240D59ABC63F97E5EC06E00A0DFE0B242406ACEC61DFA7E5EC0E08E6CDCE1B242401BBD8DE8FA7E5EC088A651B6E2B24240CCB07CC1FB7E5EC0284F896AE3B2424042D3D0A5FC7E5EC05554C8F6E3B242402D2DA292FD7E5EC0C7BE4559E4B242401A1EED84FE7E5EC04DA5C090E4B24240E92E9C79FF7E5EC06342849CE4B24240E71D926D007F5EC048416A7CE4B24240A004B45D017F5EC0CC3ADB30E4B24240D575F346027F5EC09360CDBAE3B24240FF725826037F5EC0DB5AC11BE3B2424077180BF9037F5EC03363BD55E2B2424047E15CBC047F5EC0E6AB466BE1B24240EC63D16D057F5EC0BE29595FE0B2424099552E10007F5EC055BCCD5BD8B2424001000000020000000001000000FFFFFFFF0000000003,0.903019212285,0.0866888822051,1.54649369762,6,6,0.0868666607462,3.57366924323,25.8310916313,1.67279232939,0.145376846948,3.45969596712,1561,37.397190817,-121.984329412,1,9B87182A-7A47-4F8D-ACCF-D18A785AA024,-0.0100056156163,0.0189510532943,0.022005940627,0.004,0.0346667490627,0.0421113263778,0.0488996222849,0.00888888888889,0.0445913411103,0.124005742794,3,0.151775594859,1
3BB5D6C4-17D0-4088-A616-11CE03DD3274,1480723347.8,1.05258753536,2.96901486858,0xE6100000010C5F95417B007F5EC0C93681EED6B24240,0xE610000001043F00000010466187017F5EC0757C0686D7B24240F28E318A017F5EC0E915617AD7B24240764BE991017F5EC003569D4CD7B242404C769396017F5EC0C9A0D11DD7B242401AFA2298017F5EC0C93681EED6B242404C769396017F5EC0C9CC30BFD6B24240764BE991017F5EC08E176590D6B24240F28E318A017F5EC0AA57A162D6B2424051E6817F017F5EC04FE96536D6B24240784AF871017F5EC058DC2E0CD6B24240C4B3BA61017F5EC0449872E4D5B2424053AFF64E017F5EC02590A0BFD5B242406BDFE039017F5EC0040A209ED5B24240CB67B422017F5EC038FD4E80D5B24240C047B209017F5EC0DB0A8166D5B24240E0A320EF007F5EC03793FE50D5B2424063014AD3007F5EC0C9EA0340D5B24240FD747CB6007F5EC006B1C033D5B24240ECC70899007F5EC0CA4A572CD5B242405F95417B007F5EC0E781DC29D5B24240D1627A5D007F5EC0CA4A572CD5B24240C0B50640007F5EC006B1C033D5B242405B293923007F5EC0C9EA0340D5B24240DD866207007F5EC03793FE50D5B24240FEE2D0ECFF7E5EC0DB0A8166D5B24240F2C2CED3FF7E5EC038FD4E80D5B24240534BA2BCFF7E5EC0040A209ED5B242406A7B8CA7FF7E5EC02590A0BFD5B24240FA76C894FF7E5EC0449872E4D5B2424045E08A84FF7E5EC058DC2E0CD6B2424073440177FF7E5EC04FE96536D6B24240CB9B516CFF7E5EC0AA57A162D6B2424048DF9964FF7E5EC08E176590D6B2424071B4EF5FFF7E5EC0C9CC30BFD6B24240A430605EFF7E5EC0C93681EED6B2424071B4EF5FFF7E5EC0C9A0D11DD7B2424048DF9964FF7E5EC003569D4CD7B24240CB9B516CFF7E5EC0E915617AD7B2424073440177FF7E5EC042849CA6D7B2424045E08A84FF7E5EC03A91D3D0D7B24240FA76C894FF7E5EC04ED58FF8D7B242406A7B8CA7FF7E5EC06DDD611DD8B24240534BA2BCFF7E5EC08E63E23ED8B24240F2C2CED3FF7E5EC05B70B35CD8B24240FEE2D0ECFF7E5EC0B6628176D8B242401DD0D3FFFF7E5EC06F8CE585D8B24240001A17CEFC7E5EC05F5BF010E3B242404DE030AEFD7E5EC06F7270A4E3B2424001BB4097FE7E5EC0EF58460FE4B24240D4095D86FF7E5EC05D431C50E4B242408AD28878007F5EC0A5C42266E4B242406750BD6A017F5EC0B8651351E4B24240B8A2F359027F5EC0FD863111E4B242401C7C2E43037F5EC0C88849A7E3B24240AAB28323047F5EC0783DAE14E3B242404B9325F8047F5EC080AD345BE2B24240BBD96BBE057F5EC0D93A2E7DE1B24240F730DC73067F5EC09C36617DE0B2424091203216077F5EC08500005FDFB24240CE4D66A3077F5EC0C5CC9E25DEB2424031F9B419087F5EC0D13028D5DCB24240B1A3A377087F5EC0DB9BD071DBB2424010466187017F5EC0757C0686D7B2424001000000020000000001000000FFFFFFFF0000000003,0.838866017441,-0.390216464863,-1.568565751,6,6,0.00651272658884,-2.91974646475,23.8633321094,0.624602718291,-0.25690408097,2.59932078672,1712,37.3971841937,-121.984404387,1,9B87182A-7A47-4F8D-ACCF-D18A785AA024,0.00210647312088,0.0020766867457,0.00209672397914,0.004,0.003459805824,0.005,0.00504824327376,0.00888888888889,3.71006922713,1.06274358909,2,0.95,1
3BB5D6C4-17D0-4088-A616-11CE03DD3274,1480723392.42,3.96001412843,6.34294344088,0xE6100000010CE7C0CA8AFD7E5EC043852632D7B24240,0xE610000001043E00000079701360FE7E5EC0E34DEF5DD8B24240EBE04371FE7E5EC0C823353CD8B24240BB778181FE7E5EC0B4DF7814D8B24240AA130B8FFE7E5EC0BCD241EAD7B2424060BCBA99FE7E5EC0636406BED7B24240F27872A1FE7E5EC07DA44290D7B24240D6A31CA6FE7E5EC043EF7661D7B24240A427ACA7FE7E5EC043852632D7B24240D6A31CA6FE7E5EC0431BD602D7B24240F27872A1FE7E5EC008660AD4D6B2424060BCBA99FE7E5EC023A646A6D6B24240AA130B8FFE7E5EC0C9370B7AD6B24240BB778181FE7E5EC0D22AD44FD6B24240EBE04371FE7E5EC0BEE61728D6B2424057DC7F5EFE7E5EC09FDE4503D6B242404C0C6A49FE7E5EC07D58C5E1D5B2424082943D32FE7E5EC0B24BF4C3D5B2424045743B19FE7E5EC0555926AAD5B242403BD0A9FEFD7E5EC0B1E1A394D5B242408D2DD3E2FD7E5EC04339A983D5B24240EFA005C6FD7E5EC080FF6577D5B24240A6F391A8FD7E5EC04499FC6FD5B24240E7C0CA8AFD7E5EC061D0816DD5B24240288E036DFD7E5EC04499FC6FD5B24240DFE08F4FFD7E5EC080FF6577D5B242404154C232FD7E5EC04339A983D5B2424093B1EB16FD7E5EC0B1E1A394D5B24240890D5AFCFC7E5EC0555926AAD5B242404CED57E3FC7E5EC0B24BF4C3D5B2424082752BCCFC7E5EC07D58C5E1D5B2424076A515B7FC7E5EC09FDE4503D6B24240E3A051A4FC7E5EC0BEE61728D6B242400B0A1494FC7E5EC0D22AD44FD6B24240246E8A86FC7E5EC0C9370B7AD6B2424067C5DA7BFC7E5EC023A646A6D6B24240DC082374FC7E5EC008660AD4D6B24240F8DD786FFC7E5EC0431BD602D7B242402A5AE96DFC7E5EC043852632D7B24240F8DD786FFC7E5EC043EF7661D7B24240DC082374FC7E5EC07DA44290D7B2424067C5DA7BFC7E5EC0636406BED7B24240246E8A86FC7E5EC0BCD241EAD7B242400B0A1494FC7E5EC0B4DF7814D8B24240E3A051A4FC7E5EC0C823353CD8B2424076A515B7FC7E5EC0E72B0761D8B2424082752BCCFC7E5EC008B28782D8B242404CED57E3FC7E5EC0D5BE58A0D8B24240890D5AFCFC7E5EC030B126BAD8B2424093B1EB16FD7E5EC0D528A9CFD8B242404154C232FD7E5EC042D1A3E0D8B24240DFE08F4FFD7E5EC0070BE7ECD8B24240288E036DFD7E5EC0427150F4D8B2424089CF6D82FD7E5EC057F318F6D8B2424056D5054BFD7E5EC0EB884BA8E4B242404C70375AFE7E5EC0BECFFE99E4B242404DA72A66FF7E5EC0B6410756E4B24240A1C8AE6A007F5EC01BF774DDE3B2424035E5B063017F5EC017A02A32E3B24240D41F4C4D027F5EC059F8D556E2B242400E44D923037F5EC0DE0DE54EE1B242400866FDE3037F5EC0CA85781EE0B2424079701360FE7E5EC0E34DEF5DD8B2424001000000020000000001000000FFFFFFFF0000000003,0.437968142061,-0.408575000525,1.55297411266,6,6,0.0623635695008,3.49883387114,12.4922399262,1.82144393995,-0.788572413264,5.06534086546,1832,37.3971922577,-121.984224985,1,9B87182A-7A47-4F8D-ACCF-D18A785AA024,0.000985987451259,0.001,0.00120755918929,0.004,-0.00365910547468,0.005,0.00603779594643,0.00888888888889,59.6389338679,4.78195145049,2,0.95,1
3BB5D6C4-17D0-4088-A616-11CE03DD3274,1480723435.08,0.147393584901,2.154470647,0xE6100000010C7356BFFEFE7E5EC0689DA7F0D6B24240,0xE610000001044000000085A0D6E3FF7E5EC0FF7C6CFDD7B24240E67438E5FF7E5EC0ED3BB6FAD7B24240A10B76F5FF7E5EC0D9F7F9D2D7B2424074A7FF02007F5EC0E2EAC2A8D7B242401B50AF0D007F5EC0877C877CD7B24240980C6715007F5EC0A3BCC34ED7B242407637111A007F5EC06807F81FD7B2424043BBA01B007F5EC0689DA7F0D6B242407637111A007F5EC0683357C1D6B24240980C6715007F5EC02E7E8B92D6B242401B50AF0D007F5EC048BEC764D6B2424074A7FF02007F5EC0EF4F8C38D6B24240A10B76F5FF7E5EC0F742550ED6B24240E67438E5FF7E5EC0E2FE98E6D5B24240757074D2FF7E5EC0C4F6C6C1D5B242408DA05EBDFF7E5EC0A37046A0D5B24240ED2832A6FF7E5EC0D6637582D5B24240DB08308DFF7E5EC07B71A768D5B2424002659E72FF7E5EC0D6F92453D5B242407EC2C756FF7E5EC068512A42D5B242401836FA39FF7E5EC0A417E735D5B242400089861CFF7E5EC069B17D2ED5B242407356BFFEFE7E5EC087E8022CD5B24240EC23F8E0FE7E5EC069B17D2ED5B24240D47684C3FE7E5EC0A417E735D5B2424068EAB6A6FE7E5EC068512A42D5B24240EA47E08AFE7E5EC0D6F92453D5B2424012A44E70FE7E5EC07B71A768D5B24240FF834C57FE7E5EC0D6637582D5B24240590C2040FE7E5EC0A37046A0D5B24240773C0A2BFE7E5EC0C4F6C6C1D5B2424000384618FE7E5EC0E2FE98E6D5B242404BA10808FE7E5EC0F742550ED6B2424079057FFAFD7E5EC0EF4F8C38D6B24240D25CCFEFFD7E5EC048BEC764D6B242404EA017E8FD7E5EC02E7E8B92D6B2424077756DE3FD7E5EC0683357C1D6B24240AAF1DDE1FD7E5EC0689DA7F0D6B2424077756DE3FD7E5EC06807F81FD7B242404EA017E8FD7E5EC0A3BCC34ED7B24240D25CCFEFFD7E5EC0877C877CD7B2424079057FFAFD7E5EC0E2EAC2A8D7B242404BA10808FE7E5EC0D9F7F9D2D7B2424000384618FE7E5EC0ED3BB6FAD7B24240773C0A2BFE7E5EC00C44881FD8B24240590C2040FE7E5EC02DCA0841D8B24240FF834C57FE7E5EC0F9D6D95ED8B2424012A44E70FE7E5EC056C9A778D8B242402E826F73FE7E5EC00527307BD8B242407C1F0DD9FA7E5EC0443365AFE2B24240F4FAACB1FB7E5EC089291258E3B242402FE6BE94FC7E5EC09F267FD9E3B24240935C747FFD7E5EC0C59F1232E4B2424096ADE66EFE7E5EC0F54CB460E4B24240F22A2060FF7E5EC0C39FD064E4B24240F5852550007F5EC056965A3EE4B24240093FFF3B017F5EC07FE4CBEDE3B24240DF08C320027F5EC0A9722374E3B24240FB019DFB027F5EC03C37E2D2E2B2424057A7D8C9037F5EC07874060CE2B242409C63E988047F5EC0DD690522E1B2424025A07236057F5EC0008DC317E0B24240203E4FD0057F5EC08E628BF0DEB2424085A0D6E3FF7E5EC0FF7C6CFDD7B2424001000000020000000001000000FFFFFFFF0000000003,0.723029819551,-0.211746201031,-1.57134946129,6,6,-0.00191282618958,-3.45815713575,20.6352571216,1.24511645467,-0.26766101127,1.86202488924,1969,37.39718445,-121.984313666,1,9B87182A-7A47-4F8D-ACCF-D18A785AA024,0.000483641160827,0.00274745587277,0.0148052959056,0.004,-0.00586545259138,0.00610548097996,0.0329007841219,0.00888888888889,2.11964755546,0.794264126561,3,0.104839494653,1
3BB5D6C4-17D0-4088-A616-11CE03DD3274,1480723439.25,0.837827857624,2.71982378699,0xE6100000010C70998CC5017F5EC05EF799EAD6B24240,0xE6100000010440000000B58E74D2027F5EC0C849E27ED7B24240E7927CD4027F5EC07ED67976D7B24240644F34DC027F5EC09916B648D7B24240427ADEE0027F5EC05D61EA19D7B242400FFE6DE2027F5EC05EF799EAD6B24240427ADEE0027F5EC05F8D49BBD6B24240644F34DC027F5EC023D87D8CD6B24240E7927CD4027F5EC03E18BA5ED6B2424040EACCC9027F5EC0E4A97E32D6B242406D4E43BC027F5EC0EC9C4708D6B24240B9B705AC027F5EC0DA588BE0D5B2424050B34199027F5EC0BA50B9BBD5B2424067E32B84027F5EC099CA389AD5B24240C86BFF6C027F5EC0CDBD677CD5B24240BC4BFD53027F5EC070CB9962D5B24240E4A76B39027F5EC0CD53174DD5B242406D05951D027F5EC05EAB1C3CD5B242400879C700027F5EC09A71D92FD5B24240F7CB53E3017F5EC0600B7028D5B2424070998CC5017F5EC07C42F525D5B24240E366C5A7017F5EC0600B7028D5B24240D9B9518A017F5EC09A71D92FD5B24240732D846D017F5EC05EAB1C3CD5B24240F68AAD51017F5EC0CD53174DD5B242401DE71B37017F5EC070CB9962D5B2424012C7191E017F5EC0CDBD677CD5B24240724FED06017F5EC099CA389AD5B24240917FD7F1007F5EC0BA50B9BBD5B24240207B13DF007F5EC0DA588BE0D5B242406CE4D5CE007F5EC0EC9C4708D6B242409A484CC1007F5EC0E4A97E32D6B24240F99F9CB6007F5EC03E18BA5ED6B2424075E3E4AE007F5EC023D87D8CD6B242409FB83AAA007F5EC05F8D49BBD6B24240D134ABA8007F5EC05EF799EAD6B242409FB83AAA007F5EC05D61EA19D7B2424075E3E4AE007F5EC09916B648D7B24240F99F9CB6007F5EC07ED67976D7B242409A484CC1007F5EC0D844B5A2D7B242406CE4D5CE007F5EC0D051ECCCD7B24240207B13DF007F5EC0E295A8F4D7B24240917FD7F1007F5EC0029E7A19D8B24240724FED06017F5EC02324FB3AD8B2424012C7191E017F5EC0EF30CC58D8B242401DE71B37017F5EC04C239A72D8B24240F68AAD51017F5EC0EF9A1C88D8B24240732D846D017F5EC05E431799D8B24240D9B9518A017F5EC0227D5AA5D8B24240E366C5A7017F5EC05EE3C3ACD8B24240EBCE83AB017F5EC0DCB113ADD8B24240708322FF007F5EC0DB80CA53E4B24240A6950AEF017F5EC0F1D59A61E4B242402CA370DE027F5EC007C13945E4B24240168066CA037F5EC0C02F00FFE3B2424099C608B0047F5EC0FD2FCA8FE3B2424005E4878C057F5EC0633EF4F8E2B242408CE7305D067F5EC04C02573CE2B2424076F7751F077F5EC0B584415CE1B24240DF51F6D0077F5EC033F4715BE0B2424072C0856F087F5EC0980C0D3DDFB242403B6733F9087F5EC0453D9404DEB242409AD94F6C097F5EC006ADDAB5DCB24240406272C7097F5EC0CD3DF954DBB24240B58E74D2027F5EC0C849E27ED7B2424001000000020000000001000000FFFFFFFF0000000003,0.664159619102,-0.572589727479,-1.57884667632,6,6,-0.030136659254,-3.7434409659,18.8063047967,0.717909097658,-0.462784541113,4.60485533224,1984,37.3971837284,-121.984483135,1,9B87182A-7A47-4F8D-ACCF-D18A785AA024,-0.00195629389395,0.00244457673278,0.00244457673278,0.004,-0.00285171940706,0.00543238479082,0.00543238479082,0.00888888888889,2.67743161404,0.828064058834,2,0.95,1
3BB5D6C4-17D0-4088-A616-11CE03DD3274,1480723478.39,2.89979819381,5.24707591896,0xE6100000010C5559E4FFFC7E5EC0DCBB1935D7B24240,0xE610000001043F000000D8C09B1BFE7E5EC0995B6458D7B242402DC0C51CFE7E5EC0DCBB1935D7B24240593C361BFE7E5EC0DD51C905D7B242407B118C16FE7E5EC0A29CFDD6D6B24240E954D40EFE7E5EC0BDDC39A9D6B242402DAC2404FE7E5EC0636EFE7CD6B2424045109BF6FD7E5EC06C61C752D6B242406E795DE6FD7E5EC0581D0B2BD6B24240DA7499D3FD7E5EC038153906D6B24240CFA483BEFD7E5EC0198FB8E4D5B24240FE2C57A7FD7E5EC04C82E7C6D5B24240C10C558EFD7E5EC0EF8F19ADD5B24240B068C373FD7E5EC04B189797D5B2424001C6EC57FD7E5EC0DC6F9C86D5B2424064391F3BFD7E5EC01936597AD5B242401B8CAB1DFD7E5EC0DECFEF72D5B242405559E4FFFC7E5EC0FB067570D5B2424096261DE2FC7E5EC0DECFEF72D5B242404579A9C4FC7E5EC01936597AD5B24240A8ECDBA7FC7E5EC0DC6F9C86D5B24240F949058CFC7E5EC04B189797D5B24240EFA57371FC7E5EC0EF8F19ADD5B24240AB857158FC7E5EC04C82E7C6D5B24240E20D4541FC7E5EC0198FB8E4D5B24240CF3D2F2CFC7E5EC038153906D6B2424042396B19FC7E5EC0581D0B2BD6B242406BA22D09FC7E5EC06C61C752D6B242407C06A4FBFB7E5EC0636EFE7CD6B24240C75DF4F0FB7E5EC0BDDC39A9D6B2424035A13CE9FB7E5EC0A29CFDD6D6B24240507692E4FB7E5EC0DD51C905D7B2424083F202E3FB7E5EC0DCBB1935D7B24240507692E4FB7E5EC0DD256A64D7B2424035A13CE9FB7E5EC019DB3593D7B24240C75DF4F0FB7E5EC0FD9AF9C0D7B242407C06A4FBFB7E5EC0580935EDD7B242406BA22D09FC7E5EC04E166C17D8B2424042396B19FC7E5EC0625A283FD8B24240CF3D2F2CFC7E5EC08062FA63D8B24240E20D4541FC7E5EC0A1E87A85D8B24240AB857158FC7E5EC06EF54BA3D8B24240016EEB69FC7E5EC0AA4C54B5D8B2424051884888F87E5EC03BEB05A7E2B24240AC614755F97E5EC0A4EB7B59E3B242403ABA2A2DFA7E5EC03052DFE7E3B24240F731710DFB7E5EC08B1A8950E4B24240F67D80F3FB7E5EC0DE534292E4B242400224ADDCFC7E5EC0A1BC47ACE4B24240166942C6FD7E5EC0A6064C9EE4B24240495B8AADFE7E5EC0C7BC7868E4B242408ADFD58FFF7E5EC07DC76D0BE4B24240EEAA846A007F5EC0C8913F88E3B24240DC0F0D3B017F5EC004D473E0E2B242404A8803FF017F5EC0130EFD15E2B2424030E621B4027F5EC06CBE342BE1B242402C154E58037F5EC01767D422E0B24240F458A0E9037F5EC08775EDFFDEB242407BF66866047F5EC02B25E0C5DDB24240883635CD047F5EC0EC775178DCB24240E9B2D31C057F5EC05162201BDBB24240EFE15754057F5EC0844B5AB2D9B2424010D51C73057F5EC053032F42D8B24240D8C09B1BFE7E5EC0995B6458D7B2424001000000020000000001000000FFFFFFFF0000000003,1.02389544883,-0.468772781724,1.53848411417,6,6,0.11312989011,3.49993101679,29.3046468481,1.62237948472,-0.821610255918,3.45969596712,2099,37.3971926094,-121.984191869,1,9B87182A-7A47-4F8D-ACCF-D18A785AA024,-0.000431990047218,0.001,0.00114858954781,0.004,-0.00456677595493,0.005,0.00574294773907,0.00888888888889,32.4968500271,3.33067789617,2,0.95,1
3BB5D6C4-17D0-4088-A616-11CE03DD3274,1480723521.19,1.50354654716,3.44259986203,0xE6100000010CE2DEDD23007F5EC0493661F2D6B24240,0xE610000001043F000000DA9FD2F8007F5EC04BABCE1ED8B2424063FD560A017F5EC0CDD46FFCD7B242401794941A017F5EC0BB90B3D4D7B24240F12F1E28017F5EC0C3837CAAD7B2424091D8CD32017F5EC06915417ED7B242401595853A017F5EC084557D50D7B24240F3BF2F3F017F5EC04AA0B121D7B24240C043BF40017F5EC0493661F2D6B24240F3BF2F3F017F5EC04ACC10C3D6B242401595853A017F5EC00E174594D6B2424091D8CD32017F5EC028578166D6B24240F12F1E28017F5EC0CFE8453AD6B242401794941A017F5EC0D7DB0E10D6B2424063FD560A017F5EC0C59752E8D5B24240F3F892F7007F5EC0A58F80C3D5B242400A297DE2007F5EC0840900A2D5B2424064B150CB007F5EC0B8FC2E84D5B2424051914EB2007F5EC05B0A616AD5B2424071EDBC97007F5EC0B892DE54D5B24240F44AE67B007F5EC049EAE343D5B2424088BE185F007F5EC085B0A037D5B242407011A541007F5EC04B4A3730D5B24240E2DEDD23007F5EC06781BC2DD5B2424054AC1606007F5EC04B4A3730D5B2424043FFA2E8FF7E5EC085B0A037D5B24240D772D5CBFF7E5EC049EAE343D5B2424053D0FEAFFF7E5EC0B892DE54D5B242407A2C6D95FF7E5EC05B0A616AD5B24240670C6B7CFF7E5EC0B8FC2E84D5B24240C1943E65FF7E5EC0840900A2D5B24240D8C42850FF7E5EC0A58F80C3D5B2424068C0643DFF7E5EC0C59752E8D5B24240B429272DFF7E5EC0D7DB0E10D6B24240DA8D9D1FFF7E5EC0CFE8453AD6B2424033E5ED14FF7E5EC028578166D6B24240B628360DFF7E5EC00E174594D6B24240D8FD8B08FF7E5EC04ACC10C3D6B24240E7A21A08FF7E5EC0C27A7DD0D6B24240368C21B0F77E5EC0DA5BF7EFD5B2424061333AABF77E5EC0D2D70665D7B242401A24BABFF77E5EC08086BED8D8B24240E2E463EDF77E5EC048B4C346DAB24240AC86AE33F87E5EC04BC3CCAADBB24240663FC791F87E5EC0EF06AE00DDB242401AE29306F97E5EC094456644DEB242402D2DB690F97E5EC007BB2A72DFB24240A0E48F2EFA7E5EC09D777286E0B242404EAC47DEFA7E5EC0EEF9007EE1B242407793CE9DFB7E5EC054E3EF55E2B24240E140E66AFC7E5EC023AAB70BE3B2424031AD2743FD7E5EC0782F379DE3B242404F570A24FE7E5EC0F521BA08E4B2424012DDEB0AFF7E5EC0221AFE4CE4B2424094E117F5FF7E5EC04D613669E4B242408D29D0DF007F5EC064570E5DE4B2424003D554C8017F5EC0BD70AA28E4B242402D9EECAB027F5EC0C7C8A7CCE3B242405204ED87037F5EC0E74A1A4AE3B24240A04AC259047F5EC00C7789A2E2B242406A32F71E057F5EC0A7CBEBD7E1B24240335A3CD5057F5EC0CFE2A0ECE0B24240242B6F7A067F5EC02C546AE3DFB24240DA9FD2F8007F5EC04BABCE1ED8B2424001000000020000000001000000FFFFFFFF0000000003,1.24526809331,0.400552462867,-1.56313195665,6,6,0.0235223681893,-3.06899421185,35.5663854003,0.670298856482,0.283834423671,4.60485533224,2237,37.3971846556,-121.984383551,1,9B87182A-7A47-4F8D-ACCF-D18A785AA024,0.00204756547078,0.00136075495521,0.00142478311457,0.004,-0.00492622622106,0.005,0.00523526704465,0.00888888888889,8.64096518435,1.57429353768,2,0.95,1
3BB5D6C4-17D0-4088-A616-11CE03DD3274,1480723558.5,1.3913858226,3.27808815411,0xE6100000010C7DA2840F007F5EC0D941CF18D7B24240,0xE610000001043E0000007127382B017F5EC016918F3CD7B242407508662C017F5EC0D941CF18D7B24240A884D62A017F5EC0DAD77EE9D6B24240CA592C26017F5EC09F22B3BAD6B242403F9D741E017F5EC0BA62EF8CD6B2424091F4C413017F5EC060F4B360D6B24240A9583B06017F5EC069E77C36D6B24240E0C1FDF5007F5EC055A3C00ED6B2424061BD39E3007F5EC0359BEEE9D5B2424064ED23CE007F5EC014156EC8D5B24240A175F7B6007F5EC049089DAAD5B242407955F59D007F5EC0EC15CF90D5B242407DB16383007F5EC0489E4C7BD5B24240E40E8D67007F5EC0DAF5516AD5B242405B82BF4A007F5EC016BC0E5ED5B2424027D54B2D007F5EC0DB55A556D5B242407DA2840F007F5EC0F88C2A54D5B24240CC6FBDF1FF7E5EC0DB55A556D5B2424098C249D4FF7E5EC016BC0E5ED5B2424010367CB7FF7E5EC0DAF5516AD5B242407693A59BFF7E5EC0489E4C7BD5B242407AEF1381FF7E5EC0EC15CF90D5B2424053CF1168FF7E5EC049089DAAD5B242409757E550FF7E5EC014156EC8D5B242409387CF3BFF7E5EC0359BEEE9D5B2424014830B29FF7E5EC055A3C00ED6B242404BECCD18FF7E5EC069E77C36D6B242406350440BFF7E5EC060F4B360D6B24240B5A79400FF7E5EC0BA62EF8CD6B242405F06F8F8FE7E5EC0626612BAD6B242406C75BEC5F77E5EC004A22B47D4B24240F56CE7A0F77E5EC00DBD92BAD5B2424024B6BC95F77E5EC0EA342432D7B24240ED5060A4F77E5EC0188C68A9D8B2424000ABA5CCF77E5EC0E72FE91BDAB242408627120EF87E5EC0440F3E85DBB242408794DE67F87E5EC05C051BE1DCB242403889F9D8F87E5EC028EF5C2BDEB24240B2A60A60F97E5EC041441660DFB242402EB076FBF97E5EC0580C9B7BE0B242404B6F64A9FA7E5EC02C0D8C7AE1B24240C754C267FB7E5EC0C80EE159E2B24240D5C44C34FC7E5EC0DE16F216E3B24240DCFB940CFD7E5EC01C7F7FAFE3B242409F7608EEFD7E5EC0D7CDB821E4B242401CC7F8D5FE7E5EC03C3C426CE4B24240A8BEA3C1FF7E5EC02AD9388EE4B24240EFD33BAE007F5EC0353C3587E4B24240AAABF098017F5EC071C04C57E4B24240E4A9F77E027F5EC07B4311FFE3B24240C271945D037F5EC04D698F7FE3B24240E4392132047F5EC05A6A4BDAE2B24240FEDB16FA047F5EC088753C11E2B24240558714B3057F5EC023B4C626E1B2424049FEE65A067F5EC00A02B41DE0B2424054498FEF067F5EC033702BF9DEB24240A7CA486F077F5EC05FABA7BCDDB2424068A08ED8077F5EC05264EC6BDCB242409244202A087F5EC0A0D9FA0ADBB24240F45C0563087F5EC02AA6059ED9B242404FAF9082087F5EC040F96329D8B242407127382B017F5EC016918F3CD7B2424001000000020000000001000000FFFFFFFF0000000003,1.63666028296,0.145009748814,1.56477821861,6,6,0.0207597700332,3.44950917461,46.860514101,1.43796957095,0.209993576707,3.6285597423,2345,37.3971892368,-121.9843787,1,9B87182A-7A47-4F8D-ACCF-D18A785AA024,-0.00181271936185,0.00149066804178,0.00149066804178,0.004,-0.00161216925739,0.005,0.005,0.00888888888889,7.20046241786,1.36344665997,2,0.95,1
3BB5D6C4-17D0-4088-A616-11CE03DD3274,1480723605.63,1.49798268331,3.59395999946,0xE6100000010CF1C16B82017F5EC0516D7ADFD6B24240,0xE610000001043F000000ACD3D25B027F5EC01C602E03D8B24240FADFE468027F5EC0D70B89E9D7B24240A7762279027F5EC0C2C7CCC1D7B242407312AC86027F5EC0CBBA9597D7B2424013BB5B91027F5EC0714C5A6BD7B2424097771399027F5EC08B8C963DD7B242406EA2BD9D027F5EC051D7CA0ED7B242403B264D9F027F5EC0516D7ADFD6B242406EA2BD9D027F5EC051032AB0D6B2424097771399027F5EC0164E5E81D6B2424013BB5B91027F5EC0328E9A53D6B242407312AC86027F5EC0D71F5F27D6B24240A7762279027F5EC0E11228FDD5B24240FADFE468027F5EC0CCCE6BD5D5B2424091DB2056027F5EC0ADC699B0D5B24240AF0B0B41027F5EC08C40198FD5B242401794DE29027F5EC0C0334871D5B242401274DC10027F5EC063417A57D5B2424041D04AF6017F5EC0BFC9F741D5B24240D22D74DA017F5EC05121FD30D5B2424073A1A6BD017F5EC08EE7B924D5B2424070F432A0017F5EC05281501DD5B24240F1C16B82017F5EC06FB8D51AD5B24240718FA464017F5EC05281501DD5B2424067E23047017F5EC08EE7B924D5B242400956632A017F5EC05121FD30D5B242409AB38C0E017F5EC0BFC9F741D5B24240C80FFBF3007F5EC063417A57D5B24240C4EFF8DA007F5EC0C0334871D5B242402B78CCC3007F5EC08C40198FD5B2424051A8B6AE007F5EC0ADC699B0D5B24240E7A3F29B007F5EC0CCCE6BD5D5B242403A0DB58B007F5EC0E11228FDD5B2424068712B7E007F5EC0D71F5F27D6B24240C7C87B73007F5EC0328E9A53D6B242404A0CC46B007F5EC0164E5E81D6B2424074E11967007F5EC051032AB0D6B242405151AD66007F5EC0AC6705BDD6B24240FF34E40EF97E5EC0D5AFBED8D5B242407AD4C509F97E5EC0353FB351D7B242403776971EF97E5EC078144AC9D8B24240DD5B194DF97E5EC02633053BDAB24240B71FBD94F97E5EC09A8E78A2DBB24240B968A7F4F97E5EC0319457FBDCB242401B8AB26BFA7E5EC0FE548241DEB24240840672F8FA7E5EC0EA261271DFB242400CEC3699FB7E5EC067966586E0B24240B7FB144CFC7E5EC041842B7EE1B242409A8CE80EFD7E5EC07D4D6D55E2B24240CC185DDFFD7E5EC023DE9709E3B24240A75FF4BAFE7E5EC03E938398E3B2424020080E9FFF7E5EC0DCD37A00E4B2424074ABEF88007F5EC0E24C3F40E4B242404C2FCD75017F5EC0BBBF0D57E4B242409156D162027F5EC01F58A044E4B24240DE6D264D037F5EC0E9812F09E4B2424065F9FE31047F5EC04B3C71A5E3B24240E8499E0E057F5EC09AEC961AE3B24240E6DD60E0057F5EC035B7496AE2B242400976C4A4067F5EC0DB69A596E1B242408DC36F59077F5EC0D80632A2E0B24240489939FC077F5EC0F204DC8FDFB24240ACD3D25B027F5EC01C602E03D8B2424001000000020000000001000000FFFFFFFF0000000003,1.25830031438,0.388776831927,-1.54974711672,6,6,0.0738073099199,-3.50589921242,35.9614507174,0.859065040498,0.351895196668,3.29869067481,2508,37.3971824024,-121.98446713,1,9B87182A-7A47-4F8D-ACCF-D18A785AA024,0.002224367081,0.0018175361111,0.00202993453256,0.00525483703053,-0.00707798820056,0.005,0.00558430316779,0.00888888888889,8.35906413341,1.67303788874,2,0.95,1
3BB5D6C4-17D0-4088-A616-11CE03DD3274,1480723644.29,0.603342577324,2.54150735845,0xE6100000010C529D3883FD7E5EC0351BF30FD7B24240,0xE610000001043E00000048A89B43FE7E5EC0C87F865DD8B2424004B8ED56FE7E5EC0D9C1D33ED8B2424083BCB169FE7E5EC0B9B9011AD8B242404C53EF79FE7E5EC0A77545F2D7B242402DEF7887FE7E5EC0AF680EC8D7B24240DB972892FE7E5EC055FAD29BD7B242405F54E099FE7E5EC0703A0F6ED7B242403D7F8A9EFE7E5EC03685433FD7B242400A031AA0FE7E5EC0351BF30FD7B242403D7F8A9EFE7E5EC036B1A2E0D6B242405F54E099FE7E5EC0FAFBD6B1D6B24240DB972892FE7E5EC0143C1384D6B242402DEF7887FE7E5EC0BBCDD757D6B242404C53EF79FE7E5EC0C3C0A02DD6B2424083BCB169FE7E5EC0B07CE405D6B2424004B8ED56FE7E5EC0917412E1D5B242400EE8D741FE7E5EC070EE91BFD5B242405270AB2AFE7E5EC0A4E1C0A1D5B242403150A911FE7E5EC047EFF287D5B242403DAC17F7FD7E5EC0A4777072D5B24240AA0941DBFD7E5EC035CF7561D5B24240297D73BEFD7E5EC071953255D5B24240F5CFFFA0FD7E5EC0372FC94DD5B24240529D3883FD7E5EC053664E4BD5B24240AF6A7165FD7E5EC0372FC94DD5B2424082BDFD47FD7E5EC071953255D5B242400031302BFD7E5EC035CF7561D5B24240678E590FFD7E5EC0A4777072D5B2424079EAC7F4FC7E5EC047EFF287D5B2424051CAC5DBFC7E5EC0A4E1C0A1D5B242409D5299C4FC7E5EC070EE91BFD5B242409F8283AFFC7E5EC0917412E1D5B24240217EBF9CFC7E5EC0B07CE405D6B242405EE7818CFC7E5EC0C3C0A02DD6B242407E4BF87EFC7E5EC0BBCDD757D6B24240CFA24874FC7E5EC0143C1384D6B2424044E6906CFC7E5EC0FAFBD6B1D6B2424067BBE667FC7E5EC036B1A2E0D6B2424099375766FC7E5EC0351BF30FD7B2424067BBE667FC7E5EC03685433FD7B2424044E6906CFC7E5EC0703A0F6ED7B24240CFA24874FC7E5EC055FAD29BD7B242407E4BF87EFC7E5EC0AF680EC8D7B242405EE7818CFC7E5EC0A77545F2D7B24240217EBF9CFC7E5EC0B9B9011AD8B242409F8283AFFC7E5EC0D9C1D33ED8B242403E7541BFFC7E5EC06DE5D657D8B24240DA7611ADF77E5EC0A32AF8D3E0B24240D7D8546CF87E5EC05086E1D4E1B24240A2E3F33CF97E5EC0E20A10B1E2B242403110271CFA7E5EC0B2C39465E3B24240A21EF506FB7E5EC0CD0208F0E3B242407E3A3DFAFB7E5EC0CD94914EE4B2424015A6C1F2FC7E5EC0630BEF7FE4B2424076C832EDFD7E5EC0FF087883E4B242402D783AE6FE7E5EC00E7F2059E4B24240985C87DAFF7E5EC016D77801E4B24240943ED8C6007F5EC03106AC7DE3B24240632207A8017F5EC068917BCFE2B242407C04147B027F5EC0969039F9E1B24240F7142F3D037F5EC025C4C0FDE0B2424048A89B43FE7E5EC0C87F865DD8B2424001000000020000000001000000FFFFFFFF0000000003,0.750673881767,0.00888366446195,1.57327655156,6,6,-0.00848355856921,3.42047272351,21.4260055579,1.22646896438,0.010895825385,3.45969596712,2621,37.3971881806,-121.98422318,1,9B87182A-7A47-4F8D-ACCF-D18A785AA024,0.00449515876312,0.00339361060508,0.00345213829559,0.004,-0.00518402174142,0.00754132416117,0.00767138513101,0.00888888888889,1.38935240475,0.613748086898,2,0.95,1
3BB5D6C4-17D0-4088-A616-11CE03DD3274,1480723688.01,0.388337742709,2.3281337812,0xE6100000010C814D1D3F007F5EC0F59835D6D6B24240,0xE610000001043E00000066DF07BE007F5EC09D23C76AD8B2424080FF8DCD007F5EC0E3C4355ED8B242407D1F90E6007F5EC086D26744D8B242401697BCFD007F5EC0BAC59626D8B24240F066D212017F5EC0993F1605D8B24240536B9625017F5EC07A3744E0D7B24240F901D435017F5EC067F387B8D7B24240C49D5D43017F5EC06FE6508ED7B2424064460D4E017F5EC016781562D7B24240E102C555017F5EC030B85134D7B24240B82D6F5A017F5EC0F4028605D7B2424085B1FE5B017F5EC0F59835D6D6B24240B82D6F5A017F5EC0F42EE5A6D6B24240E102C555017F5EC0BA791978D6B2424064460D4E017F5EC0D5B9554AD6B24240C49D5D43017F5EC07B4B1A1ED6B24240F901D435017F5EC0843EE3F3D5B24240536B9625017F5EC071FA26CCD5B24240F066D212017F5EC051F254A7D5B242401697BCFD007F5EC0306CD485D5B242407D1F90E6007F5EC0645F0368D5B2424080FF8DCD007F5EC0076D354ED5B24240BC5BFCB2007F5EC062F5B238D5B242404DB92597007F5EC0F54CB827D5B24240F62C587A007F5EC03113751BD5B24240FA7FE45C007F5EC0F5AC0B14D5B24240814D1D3F007F5EC013E49011D5B24240091B5621007F5EC0F5AC0B14D5B24240066EE203007F5EC03113751BD5B24240B6E114E7FF7E5EC0F54CB827D5B24240463F3ECBFF7E5EC062F5B238D5B24240839BACB0FF7E5EC0076D354ED5B24240857BAA97FF7E5EC0645F0368D5B24240ED037E80FF7E5EC0306CD485D5B242401334686BFF7E5EC051F254A7D5B24240B02FA458FF7E5EC071FA26CCD5B2424003996648FF7E5EC0843EE3F3D5B242403EFDDC3AFF7E5EC07B4B1A1ED6B242409E542D30FF7E5EC0D5B9554AD6B2424021987528FF7E5EC0BA791978D6B242404B6DCB23FF7E5EC0F42EE5A6D6B242407DE93B22FF7E5EC0F59835D6D6B242404B6DCB23FF7E5EC0F4028605D7B2424021987528FF7E5EC030B85134D7B242409E542D30FF7E5EC016781562D7B24240110FBC3AFF7E5EC04898C88DD7B242401437C27FF87E5EC03F26864CDCB242405A3E48F2F87E5EC0469013AEDDB24240A641AA7DF97E5EC0474C53F8DEB24240199C0D20FA7E5EC034BFE026E0B24240A05149D7FA7E5EC0C49EB535E1B24240246AEDA0FB7E5EC0DEA53721E2B24240633E4B7AFC7E5EC041D944E6E2B24240219A7E60FD7E5EC08B323E82E3B24240CA947750FE7E5EC0408D10F3E3B2424012FF0447FF7E5EC085B73B37E4B242407A41DF40007F5EC06F8ED74DE4B24240A887B33A017F5EC081149736E4B2424095112F31027F5EC0DE77C9F1E3B24240B7840A21037F5EC09E045980E3B2424042161507047F5EC0FB06C8E3E2B2424066DF07BE007F5EC09D23C76AD8B2424001000000020000000001000000FFFFFFFF0000000003,0.807789970769,0.345385674371,-1.56313400716,6,6,0.0251324082681,-3.27993579334,23.0578074837,1.03710955224,0.373160402634,3.45969596712,2763,37.3971812975,-121.984390048,1,9B87182A-7A47-4F8D-ACCF-D18A785AA024,0.00716446715671,0.0053627467883,0.00564535111591,0.004,0.00612543019164,0.0119171726789,0.0125451800611,0.00888888888889,0.556378036869,0.40880224178,2,0.95,1
3BB5D6C4-17D0-4088-A616-11CE03DD3274,1480723726.46,0.621937693985,2.68684221908,0xE6100000010C6A575FAFFE7E5EC0F0FE0D14D7B24240,0xE610000001043F00000049D9EA57FF7E5EC00414D780D8B2424034A2FE6DFF7E5EC0B52B6F64D8B2424032721483FF7E5EC094A5EE42D8B24240B076D895FF7E5EC0769D1C1ED8B242407A0D16A6FF7E5EC0615960F6D7B242405AA99FB3FF7E5EC06A4C29CCD7B2424009524FBEFF7E5EC010DEED9FD7B24240940E07C6FF7E5EC02B1E2A72D7B242407139B1CAFF7E5EC0F1685E43D7B242403FBD40CCFF7E5EC0F0FE0D14D7B242407139B1CAFF7E5EC0F094BDE4D6B24240940E07C6FF7E5EC0B5DFF1B5D6B2424009524FBEFF7E5EC0CF1F2E88D6B242405AA99FB3FF7E5EC076B1F25BD6B242407A0D16A6FF7E5EC080A4BB31D6B24240B076D895FF7E5EC06B60FF09D6B2424032721483FF7E5EC04C582DE5D5B2424034A2FE6DFF7E5EC02BD2ACC3D5B24240782AD256FF7E5EC05FC5DBA5D5B24240510AD03DFF7E5EC002D30D8CD5B242405C663E23FF7E5EC05E5B8B76D5B24240C3C36707FF7E5EC0F0B29065D5B2424041379AEAFE7E5EC02B794D59D5B242400D8A26CDFE7E5EC0F212E451D5B242406A575FAFFE7E5EC00E4A694FD5B24240C0249891FE7E5EC0F212E451D5B242408C772474FE7E5EC02B794D59D5B242400BEB5657FE7E5EC0F0B29065D5B242407148803BFE7E5EC05E5B8B76D5B242407CA4EE20FE7E5EC002D30D8CD5B242405584EC07FE7E5EC05FC5DBA5D5B24240990CC0F0FD7E5EC02BD2ACC3D5B242409C3CAADBFD7E5EC04C582DE5D5B242401D38E6C8FD7E5EC06B60FF09D6B2424054A1A8B8FD7E5EC080A4BB31D6B2424073051FABFD7E5EC076B1F25BD6B24240C55C6FA0FD7E5EC0CF1F2E88D6B242403AA0B798FD7E5EC0B5DFF1B5D6B242405C750D94FD7E5EC0F094BDE4D6B242408FF17D92FD7E5EC0F0FE0D14D7B242405C750D94FD7E5EC0F1685E43D7B242403AA0B798FD7E5EC02B1E2A72D7B24240C55C6FA0FD7E5EC010DEED9FD7B2424073051FABFD7E5EC06A4C29CCD7B2424054A1A8B8FD7E5EC0615960F6D7B242401D38E6C8FD7E5EC0769D1C1ED8B24240C6B166CDFD7E5EC036E7F126D8B24240D0AE80F4F77E5EC02094E543DFB24240B242DC90F87E5EC06566A265E0B2424045846A40F97E5EC0A4D9226AE1B242407FAC0401FA7E5EC09EA5354EE2B2424046794ED0FA7E5EC02E3F0F0FE3B242403895BDABFB7E5EC02C9D52AAE3B24240F98FA190FC7E5EC0A8A2181EE4B24240224E2C7CFD7E5EC01F17F668E4B2424020D67A6BFE7E5EC00B1A008AE4B24240A35E9E5BFF7E5EC0C703CF80E4B242402182A549007F5EC0C3AA7F4DE4B242406C7AA532017F5EC00409B3F0E3B24240A947C313027F5EC026438C6BE3B24240A0A53CEA027F5EC0E816ADBFE2B2424098B370B3037F5EC094BC30EFE1B2424049D9EA57FF7E5EC00414D780D8B2424001000000020000000001000000FFFFFFFF0000000003,0.775319605178,0.142054276766,1.57127992314,6,6,-0.00165633992701,3.42504615757,22.1652977239,1.57262697175,0.2249132994,1.95290817935,2876,37.39718867,-121.984294742,1,9B87182A-7A47-4F8D-ACCF-D18A785AA024,0.00477501391515,0.00447346899631,0.00544061468697,0.00546401722176,-0.0164200135796,0.00727730309328,0.00885062624184,0.00888888888889,1.49199352102,0.756398078328,2,0.95,1
3BB5D6C4-17D0-4088-A616-11CE03DD3274,1480723727.34,0.50316427265,2.34232492765,0xE6100000010C01833521FE7E5EC0D66C7C14D7B24240,0xE610000001043E0000007C632ECCFE7E5EC0AB04267ED8B24240D2CDD4DFFE7E5EC09C99DD64D8B24240C99DEAF4FE7E5EC07A135D43D8B242404FA2AE07FF7E5EC05C0B8B1ED8B242401839EC17FF7E5EC048C7CEF6D7B24240F8D47525FF7E5EC052BA97CCD7B24240A77D2530FF7E5EC0F74B5CA0D7B24240323ADD37FF7E5EC0138C9872D7B242401065873CFF7E5EC0D7D6CC43D7B24240DDE8163EFF7E5EC0D66C7C14D7B242401065873CFF7E5EC0D7022CE5D6B24240323ADD37FF7E5EC09C4D60B6D6B24240A77D2530FF7E5EC0B78D9C88D6B24240F8D47525FF7E5EC05D1F615CD6B242401839EC17FF7E5EC066122A32D6B242404FA2AE07FF7E5EC052CE6D0AD6B24240C99DEAF4FE7E5EC032C69BE5D5B24240D2CDD4DFFE7E5EC011401BC4D5B242401756A8C8FE7E5EC046334AA6D5B24240EF35A6AFFE7E5EC0E9407C8CD5B24240FA911495FE7E5EC045C9F976D5B2424061EF3D79FE7E5EC0D720FF65D5B24240D862705CFE7E5EC013E7BB59D5B24240ABB5FC3EFE7E5EC0D8805252D5B2424001833521FE7E5EC0F5B7D74FD5B2424057506E03FE7E5EC0D8805252D5B2424023A3FAE5FD7E5EC013E7BB59D5B24240A2162DC9FD7E5EC0D720FF65D5B24240087456ADFD7E5EC045C9F976D5B2424013D0C492FD7E5EC0E9407C8CD5B24240ECAFC279FD7E5EC046334AA6D5B2424030389662FD7E5EC011401BC4D5B242403368804DFD7E5EC032C69BE5D5B24240B463BC3AFD7E5EC052CE6D0AD6B24240EBCC7E2AFD7E5EC066122A32D6B242400A31F51CFD7E5EC05D1F615CD6B242405C884512FD7E5EC0B78D9C88D6B24240D1CB8D0AFD7E5EC09C4D60B6D6B24240F3A0E305FD7E5EC0D7022CE5D6B24240261D5404FD7E5EC0D66C7C14D7B24240F3A0E305FD7E5EC0D7D6CC43D7B24240D1CB8D0AFD7E5EC0138C9872D7B242405C884512FD7E5EC0F74B5CA0D7B242400A31F51CFD7E5EC052BA97CCD7B24240EBCC7E2AFD7E5EC048C7CEF6D7B24240D8601238FD7E5EC0A4620618D8B24240AE192530F77E5EC07A48CBCEDEB24240A2071FCAF77E5EC0E2289704E0B242402F4F6079F87E5EC0F9C7631CE1B2424009C19C3BF97E5EC04D188612E2B24240C379480EFA7E5EC0E508C4E3E2B24240AA6DA0EEFA7E5EC0A1595F8DE3B24240A0ADB3D9FB7E5EC024D01E0DE4B2424034466DCCFC7E5EC038AE5561E4B242405D979EC3FD7E5EC0C250E988E4B242409D020ABCFE7E5EC055E45483E4B242403FCB6DB2FF7E5EC0F422AB50E4B2424088048FA3007F5EC0421596F1E3B242401269448C017F5EC0D5D75467E3B24240BBF68069027F5EC0376CB7B3E2B24240ED2B5E38037F5EC0A0A318D9E1B242407C632ECCFE7E5EC0AB04267ED8B2424001000000020000000001000000FFFFFFFF0000000003,0.801931372168,0.157707016486,1.57776002738,6,6,-0.0240740441655,3.4570204056,22.921179349,1.4569981913,0.231702964098,6.42821492562,2879,37.3971887214,-121.984260847,1,9B87182A-7A47-4F8D-ACCF-D18A785AA024,0.00375011793096,0.00381306498214,0.00573211410628,0.00505263769399,-0.0197280015496,0.00670805853062,0.010084107433,0.00888888888889,1.75596937992,0.756398078328,2,0.95,1
3BB5D6C4-17D0-4088-A616-11CE03DD3274,1480723729.58,0.216967410298,2.31097531331,0xE6100000010C4DAC21A6FC7E5EC000A05210D7B24240,0xE610000001043F000000B3BAC83DFD7E5EC0735BD18ED8B242404D7F944DFD7E5EC090D9847ED8B2424009F7C064FD7E5EC0C5CCB360D8B24240FFC6D679FD7E5EC0A446333FD8B242407ECB9A8CFD7E5EC0863E611AD8B242404762D89CFD7E5EC071FAA4F2D7B2424028FE61AAFD7E5EC07AED6DC8D7B24240D6A611B5FD7E5EC0207F329CD7B242405A63C9BCFD7E5EC03BBF6E6ED7B24240388E73C1FD7E5EC0010AA33FD7B24240051203C3FD7E5EC000A05210D7B24240388E73C1FD7E5EC0003602E1D6B242405A63C9BCFD7E5EC0C58036B2D6B24240D6A611B5FD7E5EC0E1C07284D6B2424028FE61AAFD7E5EC086523758D6B242404762D89CFD7E5EC09045002ED6B242407ECB9A8CFD7E5EC07B014406D6B24240FFC6D679FD7E5EC05CF971E1D5B2424009F7C064FD7E5EC03B73F1BFD5B242404D7F944DFD7E5EC06F6620A2D5B24240255F9234FD7E5EC012745288D5B2424038BB001AFD7E5EC06EFCCF72D5B242409E182AFEFC7E5EC00054D561D5B242401D8C5CE1FC7E5EC03B1A9255D5B24240F0DEE8C3FC7E5EC001B4284ED5B242404DAC21A6FC7E5EC01EEBAD4BD5B24240A3795A88FC7E5EC001B4284ED5B2424076CCE66AFC7E5EC03B1A9255D5B24240F43F194EFC7E5EC00054D561D5B24240629D4232FC7E5EC06EFCCF72D5B242406DF9B017FC7E5EC012745288D5B2424046D9AEFEFB7E5EC06F6620A2D5B24240916182E7FB7E5EC03B73F1BFD5B242409A916CD2FB7E5EC05CF971E1D5B24240158DA8BFFB7E5EC07B014406D6B2424052F66AAFFB7E5EC09045002ED6B24240725AE1A1FB7E5EC086523758D6B24240C3B13197FB7E5EC0E1C07284D6B2424038F5798FFB7E5EC0C58036B2D6B242405BCACF8AFB7E5EC0003602E1D6B242408D464089FB7E5EC000A05210D7B242405BCACF8AFB7E5EC0010AA33FD7B2424038F5798FFB7E5EC03BBF6E6ED7B24240C3B13197FB7E5EC0207F329CD7B2424093E0449DFB7E5EC066B457B5D7B24240B6B90BC2F47E5EC0D896EAFADBB24240618E2A25F57E5EC043F18553DDB2424055CA7C9FF57E5EC06962C498DEB242409039882FF67E5EC0694CB8C6DFB24240817D8FD3F67E5EC0D214BCD9E0B24240FB6D9789F77E5EC0466B7DCEE1B2424056396D4FF87E5EC07A8E07A2E2B24240A430AD22F97E5EC01470CC51E3B24240CF2ACA00FA7E5EC0E69AACDBE3B242404E6815E7FA7E5EC045C3FD3DE4B2424049DEC6D2FB7E5EC00AED8F77E4B2424041D005C1FC7E5EC08117B187E4B242404C9DF1AEFD7E5EC0C3632F6EE4B2424070A5AA99FE7E5EC0E8AE592BE4B24240512C5B7EFF7E5EC02C9EFEBFE3B24240091D405A007F5EC009206A2DE3B242404E94B12A017F5EC0E6696175E2B24240B3BAC83DFD7E5EC0735BD18ED8B2424001000000020000000001000000FFFFFFFF0000000003,0.879630854733,0.31746809054,1.56710288433,6,6,0.01405943716,3.80657702002,25.0717858727,0.94173550187,0.309437140563,1.86202488924,2887,37.3971882251,-121.984170468,1,9B87182A-7A47-4F8D-ACCF-D18A785AA024,-0.00133002903226,0.00337063495192,0.0117688385252,0.004,-0.0133791407961,0.00749030601245,0.0261529958664,0.00888888888889,1.40833944329,0.75755887346,2,0.95,1
3BB5D6C4-17D0-4088-A616-11CE03DD3274,1480723772.96,2.42218791828,4.05185731024,0xE6100000010C884A5239007F5EC0280983E2D6B24240,0xE610000001043E0000000C3B2253017F5EC0BDF312A4D6B242404300FA4F017F5EC0EDE96684D6B24240C6434248017F5EC0092AA356D6B24240269B923D017F5EC0AEBB672AD6B2424054FF0830017F5EC0B8AE3000D6B24240A668CB1F017F5EC0A36A74D8D5B242403D64070D017F5EC08462A2B3D5B242405C94F1F7007F5EC063DC2192D5B24240BC1CC5E0007F5EC097CF5074D5B24240B8FCC2C7007F5EC03ADD825AD5B24240E65831AD007F5EC096650045D5B2424070B65A91007F5EC028BD0534D5B24240112A8D74007F5EC06583C227D5B24240077D1957007F5EC0291D5920D5B24240884A5239007F5EC04654DE1DD5B2424008188B1B007F5EC0291D5920D5B24240FE6A17FEFF7E5EC06583C227D5B24240A0DE49E1FF7E5EC028BD0534D5B242402A3C73C5FF7E5EC096650045D5B242405898E1AAFF7E5EC03ADD825AD5B242405478DF91FF7E5EC097CF5074D5B24240B400B37AFF7E5EC063DC2192D5B24240DA309D65FF7E5EC08462A2B3D5B24240702CD952FF7E5EC0A36A74D8D5B24240BC959B42FF7E5EC0B8AE3000D6B24240F0F91135FF7E5EC0AEBB672AD6B242404951622AFF7E5EC0092AA356D6B24240CC94AA22FF7E5EC0EDE96684D6B24240F669001EFF7E5EC0289F32B3D6B2424028E6701CFF7E5EC0280983E2D6B24240F669001EFF7E5EC02873D311D7B24240CC94AA22FF7E5EC062289F40D7B242404951622AFF7E5EC048E8626ED7B24240F0F91135FF7E5EC0A2569E9AD7B24240BC959B42FF7E5EC09963D5C4D7B2424092ADB050FF7E5EC0DAE049E7D7B24240BCAB534CF97E5EC08B2904A6DEB242402365E7E1F97E5EC0508106D2DFB2424031057D8BFA7E5EC07AB7D7E1E0B242405C81FD46FB7E5EC0E6351ED2E1B242409C471912FC7E5EC044EAE39FE2B24240AC884FEAFC7E5EC0D29D9F48E3B24240DE1DF6CCFD7E5EC0A1F53CCAE3B2424047F141B7FE7E5EC032022323E4B24240DECD4FA6FF7E5EC098493952E4B24240AE7B2D97007F5EC0733CEB56E4B24240710BE386017F5EC0990A2A31E4B242401D347C72027F5EC0D6D16CE1E3B24240F3A41157037F5EC01D26AF68E3B24240C82ED231047F5EC0CBF76DC8E2B2424044A70B00057F5EC0CBE1A202E2B242406E6A33BF057F5EC05DEEBD19E1B242405A5FEE6C067F5EC051E69D10E0B2424011671807077F5EC0A94287EADEB24240CA1DCB8B077F5EC09BDD19ABDDB2424084D963F9077F5EC023834556DCB24240EED2884E087F5EC071853DF0DAB242405D682D8A087F5EC0317C6B7DD9B242403D6D95AB087F5EC0BF586102D8B24240D97B57B2087F5EC0E8FACA83D6B24240D4415E9E087F5EC0F5735F06D5B242400C3B2253017F5EC0BDF312A4D6B2424001000000020000000001000000FFFFFFFF0000000003,1.33286141529,-0.376483769694,-1.55651547442,6,6,0.046641309201,-3.26578114595,38.08188261,0.717477560914,-0.283648473197,5.06534086546,3023,37.397182764,-121.984388666,1,9B87182A-7A47-4F8D-ACCF-D18A785AA024,0.0008349484051,0.001,0.001,0.00416088808603,-0.00104624226272,0.005,0.005,0.0094919524005,22.4832766337,2.29501495016,2,0.95,1
3BB5D6C4-17D0-4088-A616-11CE03DD3274,1480723817.38,6.58168556293,8.93530523107,0xE6100000010C8685A309FD7E5EC0D1DC4008D7B24240,0xE6100000010440000000208B2B97FD7E5EC07767FD90D8B242404A381498FD7E5EC0C1084190D8B24240635816B1FD7E5EC064167376D8B2424018D042C8FD7E5EC09709A258D8B242400EA058DDFD7E5EC075832137D8B242408DA41CF0FD7E5EC0577B4F12D8B24240483B5A00FE7E5EC0433793EAD7B2424029D7E30DFE7E5EC04B2A5CC0D7B24240D77F9318FE7E5EC0F2BB2094D7B242405B3C4B20FE7E5EC00EFC5C66D7B242403967F524FE7E5EC0D2469137D7B2424006EB8426FE7E5EC0D1DC4008D7B242403967F524FE7E5EC0D272F0D8D6B242405B3C4B20FE7E5EC097BD24AAD6B24240D77F9318FE7E5EC0B2FD607CD6B2424029D7E30DFE7E5EC0588F2550D6B24240483B5A00FE7E5EC06182EE25D6B242408DA41CF0FD7E5EC04D3E32FED5B242400EA058DDFD7E5EC02E3660D9D5B2424018D042C8FD7E5EC00CB0DFB7D5B24240635816B1FD7E5EC041A30E9AD5B242404A381498FD7E5EC0E4B04080D5B242405C94827DFD7E5EC04039BE6AD5B24240CAF1AB61FD7E5EC0D290C359D5B242404F65DE44FD7E5EC00E57804DD5B2424029B86A27FD7E5EC0D3F01646D5B242408685A309FD7E5EC0F0279C43D5B24240EA52DCEBFC7E5EC0D3F01646D5B24240BDA568CEFC7E5EC00E57804DD5B2424043199BB1FC7E5EC0D290C359D5B24240B876C495FC7E5EC04039BE6AD5B24240CAD2327BFC7E5EC0E4B04080D5B24240A9B23062FC7E5EC041A30E9AD5B24240F43A044BFC7E5EC00CB0DFB7D5B24240FE6AEE35FC7E5EC02E3660D9D5B2424086662A23FC7E5EC04D3E32FED5B24240C4CFEC12FC7E5EC06182EE25D6B24240E3336305FC7E5EC0588F2550D6B242403C8BB3FAFB7E5EC0B2FD607CD6B24240B1CEFBF2FB7E5EC097BD24AAD6B24240D3A351EEFB7E5EC0D272F0D8D6B242400620C2ECFB7E5EC0D1DC4008D7B24240D3A351EEFB7E5EC0D2469137D7B24240B1CEFBF2FB7E5EC00EFC5C66D7B242403C8BB3FAFB7E5EC0F2BB2094D7B24240E3336305FC7E5EC04B2A5CC0D7B24240C4CFEC12FC7E5EC0433793EAD7B2424086662A23FC7E5EC0577B4F12D8B24240FE6AEE35FC7E5EC075832137D8B24240C8F3253AFC7E5EC006C6D43DD8B2424044A1DDDBF67E5EC08F054640E0B242401831CD8AF77E5EC062BF0D49E1B2424037F42D4BF87E5EC0BC8B4A31E2B242408F529D1AF97E5EC0B54F1BF6E2B24240D8E988F6F97E5EC0AD5D0F95E3B2424041B736DCFA7E5EC0FA332E0CE4B24240BDBECDC8FB7E5EC034BEFD59E4B24240F4145FB9FC7E5EC02605877DE4B242406E2EEFAAFD7E5EC0B93E5976E4B2424027577F9AFE7E5EC0E2338B44E4B24240ED331785FF7E5EC05AF8BAE8E3B24240C62FCE67007F5EC0E0F40B64E3B242402CB7D43F017F5EC0514A23B8E2B24240208B2B97FD7E5EC07767FD90D8B2424001000000020000000001000000FFFFFFFF0000000003,0.668427670519,0.148405349408,1.57358677592,6,6,-0.0107037000523,3.83582419843,18.9926589572,1.02566648465,0.153341790151,2.99880970438,3147,37.3971872632,-121.984194193,1,9B87182A-7A47-4F8D-ACCF-D18A785AA024,0.000419424150095,0.001,0.0010424697327,0.004,-0.00286005878631,0.005,0.00521234866348,0.00888888888889,151.811686318,6.86120798948,2,0.95,1
3BB5D6C4-17D0-4088-A616-11CE03DD3274,1480723859.79,0.748831386074,2.63132594912,0xE6100000010CEE4B748D007F5EC0C0AB58E4D6B24240,0xE610000001043F00000070F10C93017F5EC0C09FCE31D6B24240939CB491017F5EC0465E3D2CD6B24240C8002B84017F5EC050510602D6B24240146AED73017F5EC03B0D4ADAD5B24240AA652961017F5EC01C0578B5D5B24240C995134C017F5EC0FB7EF793D5B24240291EE734017F5EC02F722676D5B2424025FEE41B017F5EC0D27F585CD5B24240535A5301017F5EC02E08D646D5B24240DDB77CE5007F5EC0C05FDB35D5B242407E2BAFC8007F5EC0FD259829D5B242406E7E3BAB007F5EC0C1BF2E22D5B24240EE4B748D007F5EC0DEF6B31FD5B242406719AD6F007F5EC0C1BF2E22D5B242405D6C3952007F5EC0FD259829D5B24240FFDF6B35007F5EC0C05FDB35D5B24240893D9519007F5EC02E08D646D5B24240B79903FFFF7E5EC0D27F585CD5B24240AC7901E6FF7E5EC02F722676D5B242401302D5CEFF7E5EC0FB7EF793D5B242403232BFB9FF7E5EC01C0578B5D5B24240C82DFBA6FF7E5EC03B0D4ADAD5B242401497BD96FF7E5EC050510602D6B2424048FB3389FF7E5EC0465E3D2CD6B2424055816A7FFF7E5EC06507C054D6B242407C4CCB83F87E5EC0E9D6289ED2B24240940BC845F87E5EC07AA94803D4B24240B0733E20F87E5EC08E35EB70D5B242405D7A9D13F87E5EC017AED7E2D6B2424026740A20F87E5EC0A598C854D8B2424036A66045F87E5EC0A26D78C2D9B24240EDB23183F87E5EC0BA38AE27DBB242402DE0C6D8F87E5EC02D144A80DCB2424059332345F97E5EC0F25951C8DDB24240425D06C7F97E5EC0CA66FAFBDEB24240F76CF05CFA7E5EC07DCCB717E0B24240903E2605FB7E5EC016D24218E1B242403099B6BDFB7E5EC01123A5FAE1B24240CEEC7F84FC7E5EC0079141BCE2B24240C19E3657FD7E5EC0AACDDB5AE3B24240D1D26B33FE7E5EC08E069FD4E3B24240499C9416FF7E5EC0ED4E2328E4B24240038211FEFF7E5EC096C77154E4B24240643F36E7007F5EC0B2780759E4B24240F6AA51CF017F5EC0DFD4D635E4B2424083ABB5B3027F5EC042E147EBE3B242403124BF91037F5EC00D02377AE3B242400BC0DD66047F5EC0076FF2E3E2B2424044869B30057F5EC09C57362AE2B242403620A4EC057F5EC0DFC1274FE1B2424020BCCB98067F5EC0AC334E55E0B2424053781533077F5EC08D388C3FDFB242403843B9B9077F5EC0B3DA1611DEB242407E1F292B087F5EC0EB276CCDDCB242409ABC1586087F5EC0EDDE4878DBB24240E85572C9087F5EC028639D15DAB242401ECD77F4087F5EC0181882A9D8B24240E7F6A606097F5EC042462B38D7B24240D212CAFF087F5EC0B9ADDCC5D5B24240236AF5DF087F5EC000EBDC56D4B24240F81387A7087F5EC062D368EFD2B2424008DF2557087F5EC03EEEA693D1B2424070F10C93017F5EC0C09FCE31D6B2424001000000020000000001000000FFFFFFFF0000000003,1.93513243022,-0.0413778280255,-1.56699021224,6,6,0.0128992268468,-3.38906367093,55.3026203957,0.574203413094,-0.0237728589935,4.60485533224,3289,37.3971829827,-121.984408725,1,9B87182A-7A47-4F8D-ACCF-D18A785AA024,0.000983913309938,0.00273896037064,0.00273896037064,0.004,0.00600903136703,0.00608661347291,0.00608661347291,0.00888888888889,2.13281378139,0.71845494229,2,0.95,1
3BB5D6C4-17D0-4088-A616-11CE03DD3274,1480723904.23,0.394533064722,2.26610030747,0xE6100000010C580EDC3EFF7E5EC0AB159D1CD7B24240,0xE610000001043E000000E527F696FF7E5EC0BB990FCBD8B242406D1DBBB2FF7E5EC03DB91FBAD8B2424069C14CCDFF7E5EC099419DA4D8B2424097E14EE6FF7E5EC03C4FCF8AD8B2424053597BFDFF7E5EC07042FE6CD8B2424051299112007F5EC04FBC7D4BD8B24240DD2D5525007F5EC030B4AB26D8B24240A7C49235007F5EC01B70EFFED7B2424087601C43007F5EC02563B8D4D7B242403D09CC4D007F5EC0CAF47CA8D7B24240C8C58355007F5EC0E634B97AD7B24240A5F02D5A007F5EC0AB7FED4BD7B242407374BD5B007F5EC0AB159D1CD7B24240A5F02D5A007F5EC0AAAB4CEDD6B24240C8C58355007F5EC070F680BED6B242403D09CC4D007F5EC08B36BD90D6B2424087601C43007F5EC031C88164D6B24240A7C49235007F5EC03ABB4A3AD6B24240DD2D5525007F5EC025778E12D6B2424051299112007F5EC0076FBCEDD5B2424053597BFDFF7E5EC0E6E83BCCD5B2424097E14EE6FF7E5EC01BDC6AAED5B2424069C14CCDFF7E5EC0BDE99C94D5B242406D1DBBB2FF7E5EC018721A7FD5B24240CC7AE496FF7E5EC0ABC91F6ED5B2424044EE167AFF7E5EC0E78FDC61D5B242400941A35CFF7E5EC0AC29735AD5B24240580EDC3EFF7E5EC0CA60F857D5B24240AEDB1421FF7E5EC0AC29735AD5B24240732EA103FF7E5EC0E78FDC61D5B24240EAA1D3E6FE7E5EC0ABC91F6ED5B242404AFFFCCAFE7E5EC018721A7FD5B242404E5B6BB0FE7E5EC0BDE99C94D5B242401F3B6997FE7E5EC01BDC6AAED5B2424064C33C80FE7E5EC0E6E83BCCD5B242405FF3266BFE7E5EC0076FBCEDD5B24240D9EE6258FE7E5EC025778E12D6B2424010582548FE7E5EC03ABB4A3AD6B242402FBC9B3AFE7E5EC031C88164D6B242407A13EC2FFE7E5EC08B36BD90D6B24240EF563428FE7E5EC070F680BED6B24240112C8A23FE7E5EC0AAAB4CEDD6B24240F9ED5722FE7E5EC0AF459111D7B242408AE3AAC5F67E5EC0FB6E65C8D6B2424016C865CDF67E5EC0680A474BD8B242400B945FF0F67E5EC05FF857CAD9B24240076A272EF77E5EC06C17C440DBB242405BEDF585F77E5EC0B22AD3A9DCB242403CC5AFF6F77E5EC0DC14F800DEB24240372FE97EF87E5EC0CF87DF41DFB24240EA94EA1CF97E5EC0EBF97D68E0B24240B116B6CEF97E5EC0A2B31C71E1B24240C8F80D92FA7E5EC05FCB6558E2B24240DCDE7B64FB7E5EC010E96E1BE3B242401CBE5843FC7E5EC08DAEC2B7E3B242406C6CD52BFD7E5EC083A6682BE4B2424036B1031BFE7E5EC052A0EB74E4B2424025BADF0DFF7E5EC050645E93E4B24240F8D55901007F5EC040B15E86E4B242403D5560F2007F5EC06E79164EE4B24240DB71E9DD017F5EC0445B3BEBE3B24240E527F696FF7E5EC0BB990FCBD8B2424001000000020000000001000000FFFFFFFF0000000003,0.954822439152,0.640403908436,1.55723997071,6,6,0.0514033613114,3.79159503141,27.2974661133,1.14880890492,0.856060027535,7.07103641818,3400,37.3971896903,-121.984328952,1,9B87182A-7A47-4F8D-ACCF-D18A785AA024,0.00861090840687,0.00425286609041,0.00446492447076,0.004,-0.00779698037705,0.00945077288105,0.00992201169922,0.00888888888889,0.884669064888,0.414205455275,2,0.95,1
3BB5D6C4-17D0-4088-A616-11CE03DD3274,1480723906.08,0.142043972235,2.23862447297,0xE6100000010CF98130F3FD7E5EC0AF932725D7B24240,0xE610000001043F000000C2B1FDF1FD7E5EC02FBCB2E9D8B24240F98130F3FD7E5EC09248CCE9D8B24240AAB4F710FE7E5EC0AE7F51E7D8B24240ED616B2EFE7E5EC07319E8DFD8B242407CEE384BFE7E5EC0AEDFA4D3D8B2424024910F67FE7E5EC04137AAC2D8B242402035A181FE7E5EC09EBF27ADD8B242405555A39AFE7E5EC041CD5993D8B2424018CDCFB1FE7E5EC074C08875D8B242401D9DE5C6FE7E5EC0523A0854D8B24240A9A1A9D9FE7E5EC03432362FD8B242407A38E7E9FE7E5EC020EE7907D8B2424061D470F7FE7E5EC028E142DDD7B24240177D2002FF7E5EC0CF7207B1D7B24240A239D809FF7E5EC0EBB24383D7B242407F64820EFF7E5EC0AFFD7754D7B2424054E81110FF7E5EC0AF932725D7B242407F64820EFF7E5EC0AF29D7F5D6B24240A239D809FF7E5EC074740BC7D6B24240177D2002FF7E5EC08FB44799D6B2424061D470F7FE7E5EC035460C6DD6B242407A38E7E9FE7E5EC03E39D542D6B24240A9A1A9D9FE7E5EC02AF5181BD6B242401D9DE5C6FE7E5EC00BED46F6D5B2424018CDCFB1FE7E5EC0E966C6D4D5B242405555A39AFE7E5EC01E5AF5B6D5B242402035A181FE7E5EC0C167279DD5B2424024910F67FE7E5EC01DF0A487D5B242407CEE384BFE7E5EC0AF47AA76D5B24240ED616B2EFE7E5EC0EB0D676AD5B24240AAB4F710FE7E5EC0B0A7FD62D5B24240F98130F3FD7E5EC0CDDE8260D5B24240414F69D5FD7E5EC0B0A7FD62D5B24240FFA1F5B7FD7E5EC0EB0D676AD5B242407015289BFD7E5EC0AF47AA76D5B24240C872517FFD7E5EC01DF0A487D5B24240CCCEBF64FD7E5EC0C167279DD5B2424097AEBD4BFD7E5EC01E5AF5B6D5B24240D4369134FD7E5EC0E966C6D4D5B24240CF667B1FFD7E5EC00BED46F6D5B242404362B70CFD7E5EC02AF5181BD6B2424072CB79FCFC7E5EC03E39D542D6B242408B2FF0EEFC7E5EC035460C6DD6B24240D58640E4FC7E5EC08FB44799D6B242404ACA88DCFC7E5EC074740BC7D6B242406D9FDED7FC7E5EC0AF29D7F5D6B24240981B4FD6FC7E5EC0AF932725D7B24240FE5D68D7FC7E5EC013BE7646D7B2424076183F7FF57E5EC0786C2623D8B24240E3C7D09FF57E5EC06E0E71ABD9B2424069CB75DCF57E5EC0B14E382BDBB242403BA26134F67E5EC00E046E9DDCB242405FD06BA6F67E5EC0ABC631FDDDB2424079C61331F77E5EC0CD61E145DFB2424089F285D2F77E5EC0FA732873E0B24240BEE8A188F87E5EC090080F81E1B24240388F0151F97E5EC0C1F9066CE2B24240FA340129FA7E5EC0BCEDF730E3B242406678C80DFB7E5EC09BC649CDE3B2424068DF53FCFB7E5EC0E161ED3EE4B242401E017FF1FC7E5EC0128A6384E4B24240671E0FEAFD7E5EC0F702C29CE4B24240C2B1FDF1FD7E5EC02FBCB2E9D8B2424001000000020000000001000000FFFFFFFF0000000003,0.746424607291,0.750632500146,1.5491149798,6,6,0.0825124559082,3.80509229154,21.3248540313,1.16517567929,1.0868509225,1.86202488924,3407,37.3971907085,-121.984249875,1,9B87182A-7A47-4F8D-ACCF-D18A785AA024,0.00651270627202,0.00509516137244,0.0146655150332,0.004,-0.0124042121538,0.0113225355997,0.0325899032266,0.00888888888889,0.616350135404,0.408848289175,3,0.194007796876,1
