AnalyzerId,EpochTime,Amplitude,CH4,Position,Lisa,LisaOpeningAngle,LisaBearing,CarBearing,Major,Minor,CarSpeedNorth,CarSpeedEast,WindDirectionStdDev,WindSpeedNorth,WindSpeedEast,Sigma,Distance,GpsLatitude,GpsLongitude,PassedAutoThreshold,SurveyId,EthaneRatio,EthaneRatioSdevRaw,EthaneRatioSdev,EthaneConcentrationSdev,EthyleneRatio,EthyleneRatioSdevRaw,EthyleneRatioSdev,EthyleneConcentrationSdev,PipEnergy,MethanePeaktoPeak,Disposition,ClassificationConfidence
3BB5D6C4-17D0-4088-A616-11CE03DD3274,1479535293.04,0.0680366217199,2.24999337945,0xE6100000010CA5B05D19E08E5EC0852C186BC2BD4240,0xE610000001043F000000CC7CCCA1DF8E5EC0C24777D0C0BD4240F665C38ADF8E5EC0970018E3C0BD424064F8B971DF8E5EC0F4F2E5FCC0BD424060BC865ADF8E5EC0BFFFB61AC1BD424035C46A45DF8E5EC0E185373CC1BD4240EE44A132DF8E5EC0008E0961C1BD42401EF05E22DF8E5EC014D2C588C1BD42404760D114DF8E5EC00BDFFCB2C1BD4240C6981E0ADF8E5EC0654D38DFC1BD4240519B6402DF8E5EC04A0DFC0CC2BD4240BD13B9FDDE8E5EC085C2C73BC2BD4240471B29FCDE8E5EC0852C186BC2BD4240BD13B9FDDE8E5EC08596689AC2BD4240519B6402DF8E5EC0C14B34C9C2BD4240C6981E0ADF8E5EC0A50BF8F6C2BD4240F3F6120CDF8E5EC093CE0CFFC2BD42401B5C9414D88E5EC0C522F2D2C6BD4240DCEF266CD88E5EC0AAEC3828C8BD4240D3CF2CDAD88E5EC0E839B76CC9BD42407F38645DD98E5EC0280EB89CCABD4240436B4DF4D98E5EC08759C2B4CBBD4240C6102F9DDA8E5EC0A820A3B1CCBD424093431B56DB8E5EC0DED77690CDBD42408434F51CDC8E5EC0F0D5B14ECEBD42406E5877EFDC8E5EC0F1C527EACEBD4240C70C3ACBDD8E5EC032021261CFBD424018A0BAADDE8E5EC0EEC514B2CFBD4240AAA96294DF8E5EC0502643DCCFBD4240959A8F7CE08E5EC052C721DFCFBD42409C729A63E18E5EC08744A8BACFBD4240EA81DF46E28E5EC0A149416FCFBD42401921C623E38E5EC0785AC9FDCEBD42400249C8F7E38E5EC0314E8C67CEBD424016F479C0E48E5EC0B08441AECDBD42408833907BE58E5EC0BCE106D4CCBD4240E5E3E726E68E5EC0249C5ADBCBBD424028ED8BC0E68E5EC057F313C7CABD424034FCBA46E78E5EC085E05A9AC9BD4240CDA4ECB7E78E5EC0B0DB9E58C8BD424061DDD512E88E5EC0ABCF8C05C7BD42400EC76C56E88E5EC05E5A04A5C5BD42402DB7EB81E88E5EC0C0780C3BC4BD42407379D394E88E5EC0C1BFC7CBC2BD4240F2C3EC8EE88E5EC06744685BC1BD4240C6D84870E88E5EC0A85623EEBFBD42408B534139E88E5EC0CA322588BEBD42406B2377EAE78E5EC053CD842DBDBD42407DB4D084E78E5EC035DD37E2BBBD4240AB4D7709E78E5EC0244707AABABD424099ABD379E68E5EC01C0C8488B9BD42407FE189D7E58E5EC036DBFC80B8BD4240988C7424E58E5EC093657496B7BD424047689F62E48E5EC06E9098CBB6BD424059524194E38E5EC0369FBA22B6BD424030D1B5BBE28E5EC08A6CC89DB5BD4240BF2E76DBE18E5EC0F0C5463EB5BD42408A3C12F6E08E5EC0CAFA4C05B5BD42409BD5280EE08E5EC073AB81F3B4BD4240B7346026DF8E5EC002E21809B5BD4240AD345E41DE8E5EC00A7AD345B5BD42402A92C061DD8E5EC04CD9FFA8B5BD4240E344158ADC8E5EC01AF77B31B6BD4240CC7CCCA1DF8E5EC0C24777D0C0BD424001000000020000000001000000FFFFFFFF0000000003,2.40600436643,-1.16848118801,-2.42742357135,6,6,-3.79817243471,-3.29227081007,66.6062295124,0.0700659164695,-0.164657627068,10.3527044199,1708,37.4824956768,-122.232427923,0,88D32A3E-2567-46A9-866A-3F28F75B669B,0.0702154581697,0.04527969909,0.398661608063,0.0319077904833,-0.107225359144,0.337748900853,2.97368407127,0.22255827562,0.504199091441,0.599023173016,3,0.698130452822
3BB5D6C4-17D0-4088-A616-11CE03DD3274,1479535294.75,0.0993256774422,2.29191754865,0xE6100000010CA3303D50E18E5EC0D964F32FC0BD4240,0xE610000001043F000000F30B246BE18E5EC006818B6DBEBD4240A3303D50E18E5EC0F6AF4E6BBEBD4240C64D6D32E18E5EC0D978C96DBEBD4240C008F114E18E5EC014DF3275BEBD4240DB141BF8E08E5EC0D7187681BEBD4240EA523CDCE08E5EC046C17092BEBD42407AEEA2C1E08E5EC0E938F3A7BEBD42405D8299A8E08E5EC0472BC1C1BEBD4240C0476691E08E5EC0143892DFBEBD4240D9504A7CE08E5EC035BE1201BFBD4240ABD28069E08E5EC053C6E425BFBD4240D87E3E59E08E5EC0670AA14DBFBD4240CDEFB04BE08E5EC05D17D877BFBD4240F528FE40E08E5EC0B88513A4BFBD4240F12B4439E08E5EC09C45D7D1BFBD4240ABA49834E08E5EC0D8FAA200C0BD42404AAC0833E08E5EC0D964F32FC0BD4240ABA49834E08E5EC0D8CE435FC0BD4240F12B4439E08E5EC013840F8EC0BD4240F528FE40E08E5EC0F843D3BBC0BD4240CDEFB04BE08E5EC052B20EE8C0BD4240D87E3E59E08E5EC049BF4512C1BD4240E9845B5FE08E5EC0BE7D3621C1BD4240D17A2923DA8E5EC0CB1FEE5FC7BD42407EB716A9DA8E5EC0B8EFFD8BC8BD4240C7E76342DB8E5EC04979B59FC9BD4240F59852EDDB8E5EC090C9F197CABD42400B00F1A7DC8E5EC0C5F5DF71CBBD42405CA31F70DD8E5EC08A54052BCCBD42404D899743DE8E5EC036B646C1CCBD424023DAF01FDF8E5EC00C87EE32CDBD42406FE1A902E08E5EC098C9B17ECDBD4240CD5A2EE9E08E5EC08ADAB3A3CDBD4240DBF4DED0E18E5EC04CF388A1CDBD42401DF418B7E28E5EC0E0633778CDBD424013E03D99E38E5EC079803728CDBD4240A723BB74E48E5EC0124372B2CCBD42404B8B1147E58E5EC0F4A43E18CCBD42404B8ADC0DE68E5EC0DFB75D5BCBBD4240C832D9C6E68E5EC0458AF57DCABD4240ABCBEC6FE78E5EC06CE58A82C9BD424082F12A07E88E5EC09FF7F96BC8BD42407230DB8AE88E5EC0F1FF6D3DC7BD4240F9067EF9E88E5EC0B21358FAC5BD4240AA42D151E98E5EC08B1865A6C4BD42409AAAD392E98E5EC05D107345C3BD42406AECC7BBE98E5EC027D685DBC1BD4240A1C336CCE98E5EC0A86CBB6CC0BD4240F754F0C3E98E5EC0E80040FDBEBD4240C9B90CA3E98E5EC066C34191BDBD4240DBB9EB69E98E5EC07DBBE42CBCBD424068B43319E98E5EC05FB836D4BABD4240A4BBCFB1E88E5EC0B582238BB9BD424035E8EC34E88E5EC06D716955B8BD42403BECF6A3E78E5EC0CF828E36B7BD424032F09300E78E5EC0A819D631B6BD424095C59F4CE68E5EC0837C374AB5BD42401E7D268AE58E5EC073325582B4BD424096705EBBE48E5EC0B85675DCB3BD424086D1A1E2E38E5EC07CF97A5AB3BD424071CF6702E38E5EC015A1E0FDB2BD4240BA693D1DE28E5EC0A6FBB3C7B2BD4240F30B246BE18E5EC006818B6DBEBD424001000000020000000001000000FFFFFFFF0000000003,2.02745824906,-1.01962388909,-2.42533742598,6,6,-5.00379173632,-4.35562120604,55.9995378093,0.14501291665,-0.235900943071,5.84383175057,1718,37.4824275912,-122.232502041,0,88D32A3E-2567-46A9-866A-3F28F75B669B,0.304597845638,0.164492429657,0.265125631982,0.0397192418762,-2.86518596453,1.76169182577,2.83945990486,0.259972489312,0.0650305352942,0.160091154704,3,0.734140704823
3BB5D6C4-17D0-4088-A616-11CE03DD3274,1479535300.39,0.263205929146,2.43580992145,0xE6100000010CF59A0726E68E5EC004C23CA0B7BD4240,0xE610000001043F0000000827A0AFE58E5EC0E831AB04B6BD42407B796D97E58E5EC016963C18B6BD42401C13647EE58E5EC073880A32B6BD4240CEDD3067E58E5EC03F95DB4FB6BD4240BDEB1452E58E5EC0601B5C71B6BD4240E0714B3FE58E5EC07F232E96B6BD4240CA21092FE58E5EC09367EABDB6BD4240DA957B21E58E5EC08A7421E8B6BD42406ED1C816E58E5EC0E5E25C14B7BD42403AD60E0FE58E5EC0C9A22042B7BD4240FF4F630AE58E5EC00458EC70B7BD4240FA57D308E58E5EC004C23CA0B7BD4240FF4F630AE58E5EC0042C8DCFB7BD42403AD60E0FE58E5EC03EE158FEB7BD42406ED1C816E58E5EC024A11C2CB8BD4240DA957B21E58E5EC07D0F5858B8BD4240CA21092FE58E5EC0751C8F82B8BD4240E0714B3FE58E5EC089604BAAB8BD4240BDEB1452E58E5EC0A8681DCFB8BD4240CEDD3067E58E5EC0C9EE9DF0B8BD42401C13647EE58E5EC096FB6E0EB9BD42407B796D97E58E5EC0F1ED3C28B9BD4240D8D706B2E58E5EC09665BF3DB9BD42406193E5CDE58E5EC0030EBA4EB9BD4240A680BBEAE58E5EC0C847FD5AB9BD4240F0BE3708E68E5EC003AE6662B9BD4240F59A0726E68E5EC0E576E164B9BD424079C6A32CE68E5EC098B75464B9BD424057806C58E68E5EC06F7BF116C5BD42408F8D1741E78E5EC0D2F679FAC4BD4240E75E7E26E88E5EC0222690B6C4BD4240463FFB05E98E5EC041ABFC4BC4BD42402DF2F9DCE98E5EC01B60FABBC3BD42401852FFA8EA8E5EC08EB43208C3BD4240E8A4B067EB8E5EC08BC5B832C2BD42409990DA16EC8E5EC0143C033EC1BD42405B9B77B4EC8E5EC01206E52CC0BD42407624B63EED8E5EC0ABFE8402BFBD4240CAC3FDB3ED8E5EC0999E54C2BDBD42406000F412EE8E5EC011D00570BCBD4240EF4F805AEE8E5EC05704800FBBBD4240B353CF89EE8E5EC01CABD4A4B9BD4240E14855A0EE8E5EC0DF2D3334B8BD42405EA5CF9DEE8E5EC0B392DCC1B6BD4240A2DC4582EE8E5EC007EB1652B5BD42405849094EEE8E5EC07AB320E9B3BD4240573DB401EE8E5EC02A4A248BB2BD42408C39289EED8E5EC05AA02B3CB1BD4240D4538B24ED8E5EC0F14B1400B0BD424041D24496EC8E5EC0051C84DAAEBD42409605F9F4EB8E5EC02752DECEADBD4240C06F8442EB8E5EC04DA039E0ACBD4240E743F680EA8E5EC0EC085711ACBD424029518AB2E98E5EC032BC9964ABBD42403169A2D9E88E5EC06E0A00DCAABD4240B456BFF8E78E5EC07D801D79AABD42407A787912E78E5EC0963F163DAABD424085167929E68E5EC0409E9B28AABD42407A886E40E58E5EC07F1CEA3BAABD4240F7430A5AE48E5EC0FEB0C876AABD4240D8EAF478E38E5EC0A57189D8AABD42406170C79FE28E5EC056950B60ABBD42400827A0AFE58E5EC0E831AB04B6BD424001000000020000000001000000FFFFFFFF0000000003,1.77335572201,-1.79655626163,-2.3935623054,6,6,-4.91725359275,-4.56283829262,50.1858432923,-0.124574085184,-0.542392285291,7.41616556113,1757,37.4821663186,-122.232797153,0,88D32A3E-2567-46A9-866A-3F28F75B669B,0.0277008901345,0.00773581675509,0.00903177533189,0.005,-0.0018577466714,0.0171909100418,0.0200708525245,0.0111111111111,0.417796963899,0.307300042559,1,0.95
3BB5D6C4-17D0-4088-A616-11CE03DD3274,1479535302.07,0.0488610377453,2.29897751301,0xE6100000010CFDDE7D8BE78E5EC018804342B5BD4240,0xE610000001044000000003618CCBE78E5EC0151F8989B3BD424090F5C9C6E78E5EC053FA8287B3BD424024B94DA9E78E5EC018941980B3BD4240FDDE7D8BE78E5EC034CB9E7DB3BD4240DE04AE6DE78E5EC018941980B3BD424072C83150E78E5EC053FA8287B3BD4240FEDC5B33E78E5EC01634C693B3BD424037237D17E78E5EC085DCC0A4B3BD42408EC6E3FCE68E5EC0285443BAB3BD4240C861DAE3E68E5EC0864611D4B3BD4240EE2DA7CCE68E5EC05353E2F1B3BD4240363D8BB7E68E5EC074D96213B4BD424088C4C1A4E68E5EC092E13438B4BD424076757F94E68E5EC0A625F15FB4BD424061EAF186E68E5EC09C32288AB4BD4240AB263F7CE68E5EC0F7A063B6B4BD4240EE2B8574E68E5EC0DB6027E4B4BD424001A6D96FE68E5EC01716F312B5BD424018AE496EE68E5EC018804342B5BD424001A6D96FE68E5EC017EA9371B5BD4240EE2B8574E68E5EC0529F5FA0B5BD4240AB263F7CE68E5EC0375F23CEB5BD424061EAF186E68E5EC091CD5EFAB5BD424076757F94E68E5EC088DA9524B6BD424088C4C1A4E68E5EC09C1E524CB6BD4240363D8BB7E68E5EC0BC262471B6BD4240EE2DA7CCE68E5EC0DBACA492B6BD4240C861DAE3E68E5EC0A8B975B0B6BD42408EC6E3FCE68E5EC005AC43CAB6BD424037237D17E78E5EC0A923C6DFB6BD4240FEDC5B33E78E5EC017CCC0F0B6BD424072C83150E78E5EC0DB0504FDB6BD4240DE04AE6DE78E5EC0166C6D04B7BD4240FDDE7D8BE78E5EC0F934E806B7BD424024B94DA9E78E5EC0166C6D04B7BD424090F5C9C6E78E5EC0DB0504FDB6BD424004E19FE3E78E5EC017CCC0F0B6BD4240C49A7EFFE78E5EC0A923C6DFB6BD424074F7171AE88E5EC005AC43CAB6BD42403A5C2133E88E5EC0A8B975B0B6BD42401490544AE88E5EC0DBACA492B6BD4240CC80705FE88E5EC0BC262471B6BD424073F93972E88E5EC09C1E524CB6BD424041A57C72E88E5EC09E2EAF4BB6BD424078A10E6BEE8E5EC0A6080F28BDBD4240EC7FB7EBEE8E5EC06826D1EABBBD4240C8CDC355EF8E5EC086C42999BABD4240D470EEA7EF8E5EC096002437B9BD42400C853BE1EF8E5EC04526FDC8B7BD4240C460FB00F08E5EC038B01753B6BD42401AAFCC06F08E5EC001D7EDD9B4BD42406B9A9DF2EF8E5EC03ED70362B3BD42400303ACC4EF8E5EC00019DAEFB1BD424051C1847DEF8E5EC0FC62DF87B0BD424040F6011EEF8E5EC0C243632EAFBD4240706E48A7EE8E5EC0A5DA88E7ADBD4240A920C41AEE8E5EC0E8283AB7ACBD424009D2237AED8E5EC0F3111CA1ABBD42406FED53C7EC8E5EC0782F83A8AABD4240FE9D7804EC8E5EC0B49B69D0A9BD4240903EE733EB8E5EC022D1651BA9BD42407A321F58EA8E5EC08FBBA28BA8BD4240753DC273E98E5EC0F012D922A8BD424003618CCBE78E5EC0151F8989B3BD424001000000020000000001000000FFFFFFFF0000000003,0.985367042252,-1.92951930096,-2.3899600948,6,6,-4.75125186234,-4.44076001579,27.6623736373,-0.267045216601,-0.712223902101,1.86202488924,1768,37.4820940809,-122.232882379,0,88D32A3E-2567-46A9-866A-3F28F75B669B,0.0226569200041,0.0091988792065,0.0512734229838,0.005,0.0105844225497,0.0204419519506,0.113940929699,0.0111111111111,0.295458949619,0.272345423774,3,0.679549175174
3BB5D6C4-17D0-4088-A616-11CE03DD3274,1479535335.77,0.0774531182092,2.13528249474,0xE6100000010C4EDF6522F38E5EC06BB36F849EBD4240,0xE610000001044000000056416866F28E5EC0711866309DBD424069A28F63F28E5EC0A5860E349DBD42408EBE734EF28E5EC0C70C8F559DBD42404F51AA3BF28E5EC0E614617A9DBD4240230C682BF28E5EC0FA581DA29DBD42404C89DA1DF28E5EC0F16554CC9DBD42401ACC2713F28E5EC04CD48FF89DBD424011D66D0BF28E5EC0309453269EBD4240F952C206F28E5EC06B491F559EBD4240065C3205F28E5EC06BB36F849EBD4240F952C206F28E5EC06B1DC0B39EBD424011D66D0BF28E5EC0A5D28BE29EBD42401ACC2713F28E5EC08B924F109FBD42404C89DA1DF28E5EC0E4008B3C9FBD4240230C682BF28E5EC0DC0DC2669FBD42404F51AA3BF28E5EC0F0517E8E9FBD42408EBE734EF28E5EC00F5A50B39FBD424069A28F63F28E5EC030E0D0D49FBD424021C8C27AF28E5EC0FDECA1F29FBD4240AD1DCC93F28E5EC058DF6F0CA0BD4240256A65AEF28E5EC0FD56F221A0BD4240F61244CAF28E5EC06AFFEC32A0BD4240DAEC19E7F28E5EC02F39303FA0BD424053179604F38E5EC06A9F9946A0BD42404EDF6522F38E5EC04C681449A0BD424051A73540F38E5EC06A9F9946A0BD4240C9D1B15DF38E5EC02F39303FA0BD4240ADAB877AF38E5EC06AFFEC32A0BD424077546696F38E5EC0FD56F221A0BD4240F6A0FFB0F38E5EC058DF6F0CA0BD42407BF608CAF38E5EC0FDECA1F29FBD42403B1C3CE1F38E5EC030E0D0D49FBD4240150058F6F38E5EC00F5A50B39FBD4240556D2109F48E5EC0F0517E8E9FBD424081B26319F48E5EC0DC0DC2669FBD42405035F126F48E5EC0E4008B3C9FBD424089F2A331F48E5EC08B924F109FBD424092E85D39F48E5EC0A5D28BE29EBD4240A46B093EF48E5EC06B1DC0B39EBD4240D434473EF48E5EC0E00271AC9EBD42407FEB2A96FB8E5EC0E0385CB59FBD42404E65439EFB8E5EC0CF55DC409EBD42400F97F98CFB8E5EC0EDA226CD9CBD4240E03A8162FB8E5EC0B54A935E9BBD42402563591FFB8E5EC00F1B6BF999BD42405AFE4AC4FA8E5EC09FB3DAA198BD4240D87D6652FA8E5EC07308E65B97BD4240AFA600CBF98E5EC04E5E5C2B96BD42400F96AE2FF98E5EC0A9E4CC1395BD424035054182F88E5EC0650F7C1894BD4240D9DABEC4F78E5EC01CD0593C93BD4240B51A5FF9F68E5EC046CCF88192BD424004458222F68E5EC090AA86EB91BD4240BE39AB42F58E5EC0538EC57A91BD42402FB5775CF48E5EC0C7D4063191BD42401C7C9872F38E5EC09823270F91BD4240DC4EC987F28E5EC0B7D48B1591BD4240C0BBC89EF18E5EC01EC7214491BD424004E94FBAF08E5EC007985D9A91BD4240CA6E0ADDEF8E5EC0FF433D1792BD4240F3598E09EF8E5EC0DB2A4BB992BD4240216F5442EE8E5EC0A26DA27E93BD42407CC5B089ED8E5EC04B99F46494BD424056416866F28E5EC0711866309DBD424001000000020000000001000000FFFFFFFF0000000003,1.18978157561,-2.67201778358,0.69714162716,6,6,3.438768172,2.87967212279,33.9623177565,-0.914984597795,-0.464291720156,6.74196869193,1889,37.481400065,-122.233589744,0,88D32A3E-2567-46A9-866A-3F28F75B669B,0.00313697107174,0.0271815343386,0.0334370510562,0.005,0.0272633795788,0.060403799927,0.074305038008,0.0111111111111,0.0338577285467,0.0952780603098,3,0.461302788274
3BB5D6C4-17D0-4088-A616-11CE03DD3274,1479535350.28,0.181930122499,2.28340620624,0xE6100000010CB61A6CE4E58E5EC09658C469B6BD4240,0xE610000001043F0000001FD0A7DAE58E5EC0569AEFA5B4BD4240A03F9CC6E58E5EC0976C9AA7B4BD4240530220A9E58E5EC0D3D203AFB4BD4240F7154A8CE58E5EC0960C47BBB4BD4240565B6B70E58E5EC004B541CCB4BD4240DAFDD155E58E5EC0A82CC4E1B4BD42404F98C83CE58E5EC0051F92FBB4BD4240BE639525E58E5EC0D12B6319B5BD42405D727910E58E5EC0F2B1E33AB5BD42401BF9AFFDE48E5EC011BAB55FB5BD42408BA96DEDE48E5EC026FE7187B5BD42400C1EE0DFE48E5EC01C0BA9B1B5BD4240FA592DD5E48E5EC07779E4DDB5BD4240FF5E73CDE48E5EC05B39A80BB6BD4240EED8C7C8E48E5EC096EE733AB6BD4240F7E037C7E48E5EC09658C469B6BD4240EED8C7C8E48E5EC096C21499B6BD4240FF5E73CDE48E5EC0D077E0C7B6BD4240FA592DD5E48E5EC0B637A4F5B6BD42400C1EE0DFE48E5EC010A6DF21B7BD42408BA96DEDE48E5EC007B3164CB7BD42401BF9AFFDE48E5EC01CF7D273B7BD42405D727910E58E5EC03AFFA498B7BD4240BE639525E58E5EC05B8525BAB7BD42404F98C83CE58E5EC02692F6D7B7BD4240DAFDD155E58E5EC08384C4F1B7BD4240565B6B70E58E5EC028FC4607B8BD4240F7154A8CE58E5EC096A44118B8BD4240530220A9E58E5EC05ADE8424B8BD4240A03F9CC6E58E5EC09544EE2BB8BD4240B61A6CE4E58E5EC0770D692EB8BD4240C5F53B02E68E5EC09544EE2BB8BD4240C764A50CE68E5EC028425029B8BD424024742D17E78E5EC03975DABEC3BD4240AAB5F6FDE78E5EC05AFF2D76C3BD4240219C71DEE88E5EC0078A5106C3BD4240B4FDFBB5E98E5EC0E0069570C2BD424086890E82EA8E5EC0E826BAB6C1BD4240B35F4440EB8E5EC0FC13EFDAC0BD4240CF4162EEEB8E5EC094E4C7DFBFBD4240B2465D8AEC8E5EC05BDD36C8BEBD4240A1FC6012ED8E5EC0E9978397BDBD42405CE8D484ED8E5EC054294151BCBD4240B34F61E0ED8E5EC0EE6543F9BABD42400342F323EE8E5EC0A9629393B9BD4240AFD1BF4EEE8E5EC082566324B8BD4240C4754660EE8E5EC0650002B0B6BD4240E28B5258EE8E5EC066B7CD3AB5BD42404FF6FB36EE8E5EC01B4C27C9B3BD42404FD4A6FCED8E5EC09AE2645FB2BD4240655502AAED8E5EC06BECC401B1BD42402EAB0640ED8E5EC0BE6961B4AFBD42400F20F2BFEC8E5EC00598237BAEBD4240455B452BEC8E5EC00133B859ADBD4240B7DDBE83EB8E5EC0886B8453ACBD42400AC555CBEA8E5EC027B59B6BABBD42408BE43304EA8E5EC03C89B6A4AABD42401846AF30E98E5EC04E3B2A01AABD4240F7254353E88E5EC022F7E182A9BD4240207F886EE78E5EC0A7FD582BA9BD42401B3E2E85E68E5EC0F83196FBA8BD42401D32F199E58E5EC0DA0329F4A8BD42401FD0A7DAE58E5EC0569AEFA5B4BD424001000000020000000001000000FFFFFFFF0000000003,1.51710003797,-1.65878556774,0.737023692214,6,6,6.41662590926,5.8240284136,42.1312340809,-0.0466933611173,-0.529301045398,13.7794495828,1997,37.4821293076,-122.232781511,1,88D32A3E-2567-46A9-866A-3F28F75B669B,0.0314091988721,0.00623374489801,0.00823115856543,0.005,0.0263997313488,0.0228555633774,0.0301789324619,0.0183237527024,0.64342664224,0.240224088508,1,0.95
3BB5D6C4-17D0-4088-A616-11CE03DD3274,1479535353.12,0.0835834413662,2.28597390452,0xE6100000010C6677E92AE38E5EC0CBF5343FBBBD4240,0xE610000001043F000000AA0F1DA7E38E5EC0B18653A8B9BD4240C145EA9EE38E5EC03852B2A1B9BD424087870B83E38E5EC0CBA9B790B9BD424074973566E38E5EC007707484B9BD42404E56B948E38E5EC0CC090B7DB9BD42406677E92AE38E5EC0EA40907AB9BD42407798190DE38E5EC0CC090B7DB9BD424051579DEFE28E5EC007707484B9BD42403E67C7D2E28E5EC0CBA9B790B9BD424003A9E8B6E28E5EC03852B2A1B9BD424011484F9CE28E5EC0DDC934B7B9BD42404EDF4583E28E5EC03BBC02D1B9BD4240B8A7126CE28E5EC006C9D3EEB9BD42409EB3F656E28E5EC0274F5410BABD4240F0372D44E28E5EC045572635BABD424043E6EA33E28E5EC05A9BE25CBABD424001595D26E28E5EC051A81987BABD42409093AA1BE28E5EC0AB1655B3BABD42409797F013E28E5EC090D618E1BABD4240EC10450FE28E5EC0CA8BE40FBBBD4240C318B50DE28E5EC0CBF5343FBBBD4240EC10450FE28E5EC0CB5F856EBBBD42409797F013E28E5EC00615519DBBBD42409093AA1BE28E5EC0ECD414CBBBBD424001595D26E28E5EC0454350F7BBBD424043E6EA33E28E5EC03B508721BCBD4240F0372D44E28E5EC050944349BCBD42409EB3F656E28E5EC06F9C156EBCBD4240B8A7126CE28E5EC09022968FBCBD42404EDF4583E28E5EC05C2F67ADBCBD424011484F9CE28E5EC0B92135C7BCBD424003A9E8B6E28E5EC05D99B7DCBCBD42403E67C7D2E28E5EC0CB41B2EDBCBD424051579DEFE28E5EC0907BF5F9BCBD42407798190DE38E5EC0CAE15E01BDBD42406677E92AE38E5EC0ADAAD903BDBD42404E56B948E38E5EC0CAE15E01BDBD424074973566E38E5EC0907BF5F9BCBD424087870B83E38E5EC0CB41B2EDBCBD4240C145EA9EE38E5EC05D99B7DCBCBD4240B4A683B9E38E5EC0B92135C7BCBD4240770F8DD2E38E5EC05C2F67ADBCBD42400D47C0E9E38E5EC09022968FBCBD4240273BDCFEE38E5EC06F9C156EBCBD42403FE43E11E48E5EC087190D4ABCBD424077F07C05EA8E5EC0CA66E72FC3BD424053CDD286EA8E5EC06ED6C0F3C1BD4240138EA3F1EA8E5EC0D05415A3C0BD4240D852A844EB8E5EC04E27EB41BFBD4240480EE37EEB8E5EC0620D7BD4BDBD42401D8FA19FEB8E5EC06955235FBCBD424065A17FA6EB8E5EC05C7E5AE6BABD42400E416893EB8E5EC09C8FA16EB9BD42405EDA9566EB8E5EC0745076FCB7BD424016979120EB8E5EC090894594B6BD4240AFBA31C2EA8E5EC0757A5D3AB5BD4240B712974CEA8E5EC078ACE0F2B3BD4240F88229C1E98E5EC05F4BB9C1B2BD42403BB89321E98E5EC0982A8DAAB1BD42407F0EBE6FE88E5EC0899BB2B0B0BD42407EBAC8ADE78E5EC0323726D7AFBD4240624805DEE68E5EC05CBA8120AFBD4240AA0F1DA7E38E5EC0B18653A8B9BD424001000000020000000001000000FFFFFFFF0000000003,0.875104868103,-1.8153476782,0.728161588967,6,6,4.62632623978,4.12488896592,24.6284208165,-0.211166660443,-0.846203246119,6.12906244721,2019,37.482276822,-122.232615211,1,88D32A3E-2567-46A9-866A-3F28F75B669B,0.0433807394922,0.0137909567506,0.0316429373715,0.005,0.278898956393,0.0579885018258,0.1330528813,0.0209898734384,0.131487020315,0.191779703779,3,0.826463416679
3BB5D6C4-17D0-4088-A616-11CE03DD3274,1479535353.63,0.0854587793801,2.29108595679,0xE6100000010C4295B0CCE28E5EC02F6638E9BBBD4240,0xE610000001043F000000A70C7C42E38E5EC049A7284DBABD4240B465B140E38E5EC09DC2B54BBABD4240FAA6D224E38E5EC02F1ABB3ABABD424062B6FC07E38E5EC06CE0772EBABD4240B77480EAE28E5EC0307A0E27BABD42404295B0CCE28E5EC04DB19324BABD4240D3B5E0AEE28E5EC0307A0E27BABD424028746491E28E5EC06CE0772EBABD424090838E74E28E5EC02F1ABB3ABABD4240D6C4AF58E28E5EC09DC2B54BBABD42406C63163EE28E5EC0413A3861BABD424032FA0C25E28E5EC09E2C067BBABD424039C2D90DE28E5EC06939D798BABD4240BDCDBDF8E18E5EC08BBF57BABABD4240BB51F4E5E18E5EC0AAC729DFBABD4240BFFFB1D5E18E5EC0BE0BE606BBBD4240457224C8E18E5EC0B5181D31BBBD4240A3AC71BDE18E5EC00F87585DBBBD424087B0B7B5E18E5EC0F4461C8BBBBD4240C7290CB1E18E5EC02FFCE7B9BBBD424090317CAFE18E5EC02F6638E9BBBD4240C7290CB1E18E5EC02FD08818BCBD424087B0B7B5E18E5EC06B855447BCBD4240A3AC71BDE18E5EC04F451875BCBD4240457224C8E18E5EC0A8B353A1BCBD4240BFFFB1D5E18E5EC0A0C08ACBBCBD4240BB51F4E5E18E5EC0B40447F3BCBD4240BDCDBDF8E18E5EC0D30C1918BDBD424039C2D90DE28E5EC0F4929939BDBD424032FA0C25E28E5EC0C19F6A57BDBD42406C63163EE28E5EC01C923871BDBD4240D6C4AF58E28E5EC0C109BB86BDBD424090838E74E28E5EC02EB2B597BDBD424028746491E28E5EC0F3EBF8A3BDBD4240D3B5E0AEE28E5EC02E5262ABBDBD42404295B0CCE28E5EC0121BDDADBDBD4240B77480EAE28E5EC02E5262ABBDBD424062B6FC07E38E5EC0F3EBF8A3BDBD4240FAA6D224E38E5EC02EB2B597BDBD4240B465B140E38E5EC0C109BB86BDBD42401EC74A5BE38E5EC01C923871BDBD424058305474E38E5EC0C19F6A57BDBD42405168878BE38E5EC0F4929939BDBD4240CD5CA3A0E38E5EC0D30C1918BDBD4240E5BCDBACE38E5EC010CC2500BDBD4240EED73C7AE98E5EC0122E5E38C4BD4240568E9706EA8E5EC09E1389F8C2BD424017B64D7BEA8E5EC0F0C09AA1C1BD42401E73E1D6EA8E5EC0A438F537C0BD424091252718EB8E5EC056B937C0BEBD42403B3E493EEB8E5EC0449E2F3FBDBD424042F9CA48EB8E5EC011A9C8B9BBBD424052F68937EB8E5EC010E8FC34BABD424012A9BE0AEB8E5EC0C66DC4B5B8BD42408EA0FBC2EA8E5EC0ED0E0541B7BD424095A72B61EA8E5EC0205C82DBB5BD42408DC48EE6E98E5EC0AB0BCE89B4BD42407122B654E98E5EC06E063950B3BD42402EF07EADE88E5EC0CF48C532B2BD42406E470CF3E78E5EC0DFC51835B1BD4240A12EC027E78E5EC0A377715AB0BD4240EACC334EE68E5EC088C39AA5AFBD4240A70C7C42E38E5EC049A7284DBABD424001000000020000000001000000FFFFFFFF0000000003,0.904891709307,-1.81077882932,0.727960985868,6,6,4.23292180641,3.7726008641,25.5713939037,-0.208703131971,-0.852900300275,4.60485533224,2022,37.4822970891,-122.232592747,1,88D32A3E-2567-46A9-866A-3F28F75B669B,0.0506332898538,0.0145247092437,0.0325951816354,0.005,0.283499041858,0.0667528021766,0.149801257643,0.0229374942785,0.118533584318,0.191779703779,3,0.867680495961
3BB5D6C4-17D0-4088-A616-11CE03DD3274,1479535358.35,0.256715116739,2.47662185656,0xE6100000010CB8A2D7FADE8E5EC0563D0BC0C2BD4240,0xE610000001043F000000B9EC723ADF8E5EC022D31F07C1BD4240ADCE2336DF8E5EC092B74A05C1BD42409F87A718DF8E5EC05751E1FDC0BD4240B8A2D7FADE8E5EC0758866FBC0BD4240D2BD07DDDE8E5EC05751E1FDC0BD4240C3768BBFDE8E5EC092B74A05C1BD4240E480B5A2DE8E5EC057F18D11C1BD42400DBDD686DE8E5EC0C4998822C1BD4240C6563D6CDE8E5EC069110B38C1BD4240F4E83353DE8E5EC0C403D951C1BD4240B8AC003CDE8E5EC09110AA6FC1BD424063B4E426DE8E5EC0B2962A91C1BD4240EB341B14DE8E5EC0D19EFCB5C1BD4240FFDFD803DE8E5EC0E5E2B8DDC1BD424004504BF6DD8E5EC0DDEFEF07C2BD42406E8898EBDD8E5EC0365E2B34C2BD4240E48ADEE3DD8E5EC01C1EEF61C2BD42404A0333DFDD8E5EC056D3BA90C2BD4240CD0AA3DDDD8E5EC0563D0BC0C2BD42404A0333DFDD8E5EC056A75BEFC2BD4240E48ADEE3DD8E5EC0915C271EC3BD42406E8898EBDD8E5EC0751CEB4BC3BD424004504BF6DD8E5EC0D08A2678C3BD4240FFDFD803DE8E5EC0C7975DA2C3BD4240EB341B14DE8E5EC0DBDB19CAC3BD424063B4E426DE8E5EC0FAE3EBEEC3BD4240B8AC003CDE8E5EC01B6A6C10C4BD4240F4E83353DE8E5EC0E7763D2EC4BD4240C6563D6CDE8E5EC044690B48C4BD42401B791184DE8E5EC08553505BC4BD4240C48EB771DB8E5EC0C9E026FECEBD424034CDBC4BDC8E5EC0382FAC86CFBD424056A6C12DDD8E5EC0ACDD1EE9CFBD4240178E2415DE8E5EC0FF8A5924D0BD4240C7F933FFDE8E5EC0B4B5AB37D0BD4240B26636E9DF8E5EC0FDC9DB22D0BD4240F77872D0E08E5EC04DCD27E6CFBD4240841937B2E18E5EC087A54482CFBD4240C67BE38BE28E5EC0E5FD5BF8CEBD42406EF2EE5AE38E5EC0E7CF084ACEBD4240C27CF01CE48E5EC09E9A5279CDBD424023F5A5CFE48E5EC08856A788CCBD424007CCFA70E58E5EC01138D47ACBBD4240023B0EFFE58E5EC04856FD52CABD424089DD3878E68E5EC09F4E9414C9BD4240A19E11DBE68E5EC0B3014EC3C7BD4240F1EC7126E78E5EC08E871763C6BD42409F287959E78E5EC07C7C0AF8C4BD42409A408F73E78E5EC014C96086C3BD4240DE776674E78E5EC0290A6812C2BD4240114DFC5BE78E5EC0E0BD74A0C0BD4240F581992AE78E5EC05B5CD534BFBD4240AD42D1E0E68E5EC04E82C5D3BDBD4240136F7F7FE68E5EC0CA536181BCBD4240830BC607E68E5EC0CC3C9941BBBD424094E0097BE58E5EC01B342618BABD4240E353EEDAE48E5EC068A37E08B9BD424036865029E48E5EC0BC15CC15B8BD4240AEC54168E38E5EC007CBE142B7BD42406964019AE28E5EC0C44C3492B6BD4240F105F6C0E18E5EC0EF1CD205B6BD4240B777A6DFE08E5EC000955D9FB5BD4240B9EC723ADF8E5EC022D31F07C1BD424001000000020000000001000000FFFFFFFF0000000003,1.67314697843,-1.24337451374,0.733422445233,6,6,5.99886700012,5.40557841184,47.4528728127,0.252849003224,-0.744447031393,3.80566556383,2053,37.4825058036,-122.23235961,1,88D32A3E-2567-46A9-866A-3F28F75B669B,0.0360139837282,0.00687722502369,0.0100619812,0.005,0.171666966341,0.0670400394158,0.0980854361936,0.048657468599,0.528630805612,0.375596649737,1,0.95
3BB5D6C4-17D0-4088-A616-11CE03DD3274,1479535359.22,0.317910968996,2.35678583076,0xE6100000010CB08DA01BDE8E5EC0A5E2EF47C4BD4240,0xE610000001043F000000E4FBA178DE8E5EC01A766A9CC2BD42401EB3C273DE8E5EC0A5967299C2BD424017BCEC56DE8E5EC0E15C2F8DC2BD4240D3737039DE8E5EC0A5F6C585C2BD4240B08DA01BDE8E5EC0C32D4B83C2BD42408DA7D0FDDD8E5EC0A5F6C585C2BD4240485F54E0DD8E5EC0E15C2F8DC2BD42403A687EC3DD8E5EC0A5967299C2BD424044A39FA7DD8E5EC0143F6DAAC2BD4240E33B068DDD8E5EC0B7B6EFBFC2BD42400DCDFC73DD8E5EC014A9BDD9C2BD4240E18FC95CDD8E5EC0E0B58EF7C2BD4240AB96AD47DD8E5EC0013C0F19C3BD42407416E434DD8E5EC02144E13DC3BD4240D1C0A124DD8E5EC033889D65C3BD424051301417DD8E5EC02B95D48FC3BD42404468610CDD8E5EC0850310BCC3BD42406C6AA704DD8E5EC06AC3D3E9C3BD4240A0E2FBFFDC8E5EC0A6789F18C4BD424016EA6BFEDC8E5EC0A5E2EF47C4BD4240A0E2FBFFDC8E5EC0A44C4077C4BD42406C6AA704DD8E5EC0E0010CA6C4BD42404468610CDD8E5EC0C6C1CFD3C4BD424051301417DD8E5EC01F300B00C5BD4240D1C0A124DD8E5EC0173D422AC5BD42407416E434DD8E5EC02981FE51C5BD4240AB96AD47DD8E5EC04989D076C5BD4240E18FC95CDD8E5EC06A0F5198C5BD42400DCDFC73DD8E5EC0361C22B6C5BD4240E33B068DDD8E5EC0930EF0CFC5BD424011F720A7DD8E5EC0F6160CE5C5BD4240368035A4DA8E5EC0BF36C692D0BD42402FCC697EDB8E5EC00587E517D1BD424070155E60DC8E5EC037E30877D1BD4240827B7447DD8E5EC00C3E16AFD1BD42400FE6FF30DE8E5EC09E6A67BFD1BD4240F4F34B1ADF8E5EC00909CCA7D1BD4240E9FFA400E08E5EC0DB158A68D1BD4240E42260E1E08E5EC0911A5D02D1BD4240EA1CE3B9E18E5EC0A5017476D0BD4240F80BAC87E28E5EC07B946DC6CFBD424035DB5848E38E5EC0B0AD53F4CEBD42408453AEF9E38E5EC0FB2D9502CEBD424000B99E99E48E5EC095C5FEF3CCBD42408EE14F26E58E5EC076A7B2CBCBBD4240B5B2209EE58E5EC0163F1F8DCABD424010F6ADFFE58E5EC03B04F53BC9BD42408076D649E68E5EC0F08A1BDCC7BD42407F59BE7BE68E5EC020F0A571C6BD4240EAAAD194E68E5EC016C5C600C5BD4240A913C694E68E5EC0D19DC38DC3BD424027B69B7BE68E5EC0DF66E81CC2BD4240BC2D9D49E68E5EC082A87AB2C0BD4240B9B15EFFE58E5EC0BCDCAC52BFBD4240C25DBC9DE58E5EC0D4FD9101BEBD424078A5D725E58E5EC0507211C3BCBD424036FA1399E48E5EC00B7ADB9ABBBD424061AD12F9E38E5EC0D03E5E8CBABD4240291BAE47E38E5EC0F5A8BB9AB9BD42403A2CF486E28E5EC0F315C0C8B8BD4240973E20B9E18E5EC0940CDA18B8BD4240B88794E0E08E5EC07407138DB7BD4240E4FBA178DE8E5EC01A766A9CC2BD424001000000020000000001000000FFFFFFFF0000000003,1.61498409959,-1.19416038234,0.737537544556,6,6,5.99566708575,5.44756820061,45.7345085772,0.280407238901,-0.708963422219,8.97356032896,2060,37.4825525209,-122.232306392,1,88D32A3E-2567-46A9-866A-3F28F75B669B,0.0355855976473,0.00525179748447,0.0062047482869,0.005,0.146272722935,0.04430868261,0.0523485955679,0.0421284698507,0.906494008792,0.375596649737,1,0.95
3BB5D6C4-17D0-4088-A616-11CE03DD3274,1479535360.33,0.100523883574,2.36392869643,0xE6100000010C713E12FCDC8E5EC03D18F93EC6BD4240,0xE610000001043F000000864A4692DD8E5EC06C46CEBEC4BD4240BF97AC8ADD8E5EC04FECF8B6C4BD4240F72E1370DD8E5EC0AB7476A1C4BD42408B683454DD8E5EC03DCC7B90C4BD4240FB6F5E37DD8E5EC07A923884C4BD42402526E219DD8E5EC03E2CCF7CC4BD4240713E12FCDC8E5EC05B63547AC4BD4240BD5642DEDC8E5EC03E2CCF7CC4BD4240EE0CC6C0DC8E5EC07A923884C4BD42405E14F0A3DC8E5EC03DCC7B90C4BD4240EB4D1188DC8E5EC0AB7476A1C4BD42402AE5776DDC8E5EC04FECF8B6C4BD424002756E54DC8E5EC0ACDEC6D0C4BD42409A363B3DDC8E5EC078EB97EEC4BD42404A3C1F28DC8E5EC099711810C5BD424016BB5515DC8E5EC0B879EA34C5BD424099641305DC8E5EC0CDBDA65CC5BD424062D385F7DB8E5EC0C3CADD86C5BD4240C80AD3ECDB8E5EC01E3919B3C5BD4240870C19E5DB8E5EC002F9DCE0C5BD42407C846DE0DB8E5EC03DAEA80FC6BD4240DC8BDDDEDB8E5EC03D18F93EC6BD42407C846DE0DB8E5EC03D82496EC6BD4240870C19E5DB8E5EC07737159DC6BD4240C80AD3ECDB8E5EC05DF7D8CAC6BD424062D385F7DB8E5EC0B76514F7C6BD424099641305DC8E5EC0AE724B21C7BD424016BB5515DC8E5EC0C3B60749C7BD42404A3C1F28DC8E5EC0E1BED96DC7BD42409A363B3DDC8E5EC002455A8FC7BD424002756E54DC8E5EC0CD512BADC7BD42402AE5776DDC8E5EC02B44F9C6C7BD4240A48B6C75DC8E5EC0113768CDC7BD4240EA0254F9D88E5EC0C620341DD2BD42401FE694D1D98E5EC0D991A8BDD2BD42406E699FB3DA8E5EC0D1497C37D3BD4240C1BEB89CDB8E5EC0FBA73689D3BD42403646108ADC8E5EC0EE02DBB1D3BD4240FC41C878DD8E5EC0A2B5EBB0D3BD42409CB2FE65DE8E5EC0E4A36B86D3BD42408E40D64EDF8E5EC06731DE32D3BD42404B177F30E08E5EC08CAB45B7D2BD4240B7963F08E18E5EC0E12A2015D2BD4240C5BF7CD3E18E5EC0DAF5624ED1BD42408642C28FE28E5EC026737465D0BD42409014CA3AE38E5EC040BE245DCFBD4240647883D2E38E5EC03BF5A438CEBD4240FE5F1955E48E5EC0A25A7DFBCCBD4240F516F8C0E48E5EC0FA6982A9CBBD42408822D214E58E5EC09600C946CABD42407C48A44FE58E5EC05FBF99D7C8BD4240A6B0B870E58E5EC0A8CC6360C7BD4240F516A977E58E5EC0D51EAFE5C5BD4240B7076064E58E5EC0567A0E6CC4BD4240C4211937E58E5EC0434E11F8C2BD42405A5E60F0E48E5EC0349B358EC1BD424041601091E48E5EC00A10DA32C0BD4240FDCF4F1AE48E5EC08E8730EABEBD4240C3CC8D8DE38E5EC0951031B8BDBD4240917D7DECE28E5EC0E5A88DA0BCBD4240EDCF1039E28E5EC0ADD0A6A6BBBD424080747275E18E5EC0E01981CDBABD4240864A4692DD8E5EC06C46CEBEC4BD424001000000020000000001000000FFFFFFFF0000000003,1.53925708125,-1.04696317234,0.741388252056,6,6,5.93126990541,5.43089877572,43.4839787943,0.361156754474,-0.625203395612,3.29869067481,2069,37.4826124874,-122.232237833,0,88D32A3E-2567-46A9-866A-3F28F75B669B,0.0409507330312,0.00864595328123,0.0306011190694,0.005,0.157789974436,0.0728548282045,0.257859278225,0.0420498261882,0.334482529462,0.355789955197,3,0.813975146861
3BB5D6C4-17D0-4088-A616-11CE03DD3274,1479535366.35,0.0361162771751,2.10086736989,0xE6100000010CFE3AFF0DD88E5EC04A649335CEBD4240,0xE610000001043E00000021890EB3D78E5EC0FCCACB88CCBD4240C231FE99D78E5EC0B9C01098CCBD424050C3647FD78E5EC05C3893ADCCBD4240D34D5B66D78E5EC0B92A61C7CCBD4240790A284FD78E5EC0853732E5CCBD4240A70B0C3AD78E5EC0A6BDB206CDBD424070864227D78E5EC0C6C5842BCDBD4240832C0017D78E5EC0D8094153CDBD424062987209D78E5EC0D016787DCDBD42407FCDBFFED68E5EC02A85B3A9CDBD424098CD05F7D68E5EC00F4577D7CDBD424090445AF2D68E5EC04BFA4206CEBD42409B4BCAF0D68E5EC04A649335CEBD424090445AF2D68E5EC049CEE364CEBD424098CD05F7D68E5EC08583AF93CEBD42407FCDBFFED68E5EC06A4373C1CEBD424062987209D78E5EC0C4B1AEEDCEBD4240832C0017D78E5EC0BCBEE517CFBD424070864227D78E5EC0CE02A23FCFBD424047B0DA38D78E5EC03D951D62CFBD4240CCDD07B6D18E5EC056EB6E27D7BD424039ABA35AD28E5EC0F17B5D2FD8BD4240301C2E10D38E5EC021B0AA19D9BD42408EF88BD4D38E5EC077999EE3D9BD4240E5FE75A5D48E5EC0F55EE18ADABD4240EEA87F80D58E5EC0A932820DDBBD4240875E1E63D68E5EC06515FD69DBBD42403A02B14AD78E5EC01F573F9FDBBD424082C08734D88E5EC0DDC6AAACDBBD4240D70AEC1DD98E5EC08E881792DBBD424092A62804DA8E5EC0728BD44FDBBD424023B891E4DA8E5EC0A59FA6E6DABD424020B28CBCDB8E5EC0862DC657DABD424037119889DC8E5EC0D195DBA4D9BD424097CD5249DD8E5EC01B45FACFD8BD4240DC6B83F9DD8E5EC059899ADBD7BD424096981E98DE8E5EC0D13B92CAD6BD4240B33A4D23DF8E5EC01F550CA0D5BD4240C6EA7199DF8E5EC077847F5FD4BD4240DCBE2DF9DF8E5EC0F2E5A30CD3BD4240F75C6441E08E5EC09BF667ABD1BD42405E473F71E08E5EC0DDE6E43FD0BD4240FC593088E08E5EC0406E52CECEBD42405E70F385E08E5EC05344FA5ACDBD42403D308F6AE08E5EC03C642BEACBBD42409DF55436E08E5EC092402D80CABD424042E1DFE9DF8E5EC0A90D3321C9BD4240E10B1386DF8E5EC0EB474FD1C7BD424093E3160CDF8E5EC0789B6794C6BD42405BBB557DDE8E5EC0BE50296EC5BD42400E9777DBDD8E5EC0BD60FE61C4BD4240CC3F5D28DD8E5EC008510373C3BD4240EFAF1A66DC8E5EC0F6F5FDA3C2BD42401CE7F096DB8E5EC0413655F7C1BD4240333847BDDA8E5EC0A4E8096FC1BD4240E325A4DBD98E5EC094E0B00CC1BD42402AE2A5F4D88E5EC0D23B6ED1C0BD4240DD87FA0AD88E5EC0C9FEF1BDC0BD4240AF245821D78E5EC0BB0976D2C0BD4240A2AB743AD68E5EC0D66CBD0EC1BD4240FEE7FD58D58E5EC0371D1572C1BD424021890EB3D78E5EC0FCCACB88CCBD424001000000020000000001000000FFFFFFFF0000000003,2.1553399402,-1.31094316473,1.11604429885,6,6,1.28581893916,2.62986589122,61.5520592678,0.099988742791,-0.37608936515,1.86202488924,2107,37.4828555078,-122.231936931,0,88D32A3E-2567-46A9-866A-3F28F75B669B,0.41609260099,0.427834914735,0.662583122235,0.0296073435934,-1.10105651451,2.46505167952,3.81759782111,0.109326828319,0.00745780248253,0.0559328724001,3,0.674999972429
3BB5D6C4-17D0-4088-A616-11CE03DD3274,1479535388.97,0.150349322505,2.42725813786,0xE6100000010CC6745EB3DE8E5EC0E70ABB15C5BD4240,0xE610000001043F0000001B097BAFDD8E5EC03071915BC4BD4240CC11D2AEDD8E5EC06EBD9F5DC4BD424086491FA4DD8E5EC0C72BDB89C4BD4240844B659CDD8E5EC0ADEB9EB7C4BD42409CC3B997DD8E5EC0E7A06AE6C4BD42400BCB2996DD8E5EC0E70ABB15C5BD42409CC3B997DD8E5EC0E7740B45C5BD4240844B659CDD8E5EC0222AD773C5BD424086491FA4DD8E5EC006EA9AA1C5BD4240CC11D2AEDD8E5EC06158D6CDC5BD42409AA25FBCDD8E5EC058650DF8C5BD424091F8A1CCDD8E5EC06CA9C91FC6BD424031796BDFDD8E5EC08BB19B44C6BD4240DF7287F4DD8E5EC0AC371C66C6BD424089B0BA0BDE8E5EC07844ED83C6BD4240E51FC424DE8E5EC0D536BB9DC6BD4240D9875D3FDE8E5EC079AE3DB3C6BD4240724D3C5BDE8E5EC0E75638C4C6BD42401B451278DE8E5EC0AA907BD0C6BD4240018E8E95DE8E5EC0E6F6E4D7C6BD4240C6745EB3DE8E5EC0C9BF5FDAC6BD42408B5B2ED1DE8E5EC0E6F6E4D7C6BD424071A4AAEEDE8E5EC0AA907BD0C6BD42401A9C800BDF8E5EC0E75638C4C6BD4240B2615F27DF8E5EC079AE3DB3C6BD4240A7C9F841DF8E5EC0D536BB9DC6BD42400339025BDF8E5EC07844ED83C6BD4240AD763572DF8E5EC0AC371C66C6BD42405B705187DF8E5EC08BB19B44C6BD4240FBF01A9ADF8E5EC06CA9C91FC6BD4240F2465DAADF8E5EC058650DF8C5BD4240C0D7EAB7DF8E5EC06158D6CDC5BD424006A09DC2DF8E5EC006EA9AA1C5BD4240089E57CADF8E5EC0222AD773C5BD42406EC591CCDF8E5EC053FD855DC5BD424039B11C14E78E5EC0E00D4D39C7BD4240A564182DE78E5EC0A9730DBEC5BD4240745F892BE78E5EC064BBBE40C4BD42403683740FE78E5EC09BFF0AC6C2BD42409DC031D9E68E5EC01C329452C1BD4240F9036B89E68E5EC0109AE5EABFBD42402E211A21E68E5EC00B996593BEBD424057C585A1E58E5EC0B3E34750BDBD4240BE773D0CE58E5EC00A598025BCBD4240A9B61463E48E5EC0ABA1B616BBBD4240633F1DA8E38E5EC0AEBD3A27BABD42404893A0DDE28E5EC006A5FA59B9BD42403DCE1806E28E5EC0F31A79B1B8BD4240CFE42824E18E5EC01CD1C52FB8BD4240B362943AE08E5EC001F376D6B7BD4240C2C2364CDF8E5EC00F2EA4A6B7BD4240827CFA5BDE8E5EC0C345E3A0B7BD42405FE2CF6CDD8E5EC0AE3E46C5B7BD4240C6EDA381DC8E5EC006265B13B8BD42409915579DDB8E5EC077762D8AB8BD4240DD4BB4C2DA8E5EC0F2154928B9BD4240D63E68F4D98E5EC0E0E2BEEBB9BD4240EAF8F834D98E5EC0BDC22AD2BABD42406FF9BD86D88E5EC0F21EBBD8BBBD424039DFD8EBD78E5EC08BB839FCBCBD42400EBC2E66D78E5EC02FB71539BEBD4240972562F7D68E5EC0C9D36E8BBFBD42401B097BAFDD8E5EC03071915BC4BD424001000000020000000001000000FFFFFFFF0000000003,1.43856112288,-2.84985704008,-2.40904232681,6,6,-4.16751174668,-3.74876379798,40.813889448,-0.61694520052,-0.185271073353,2.59932078672,2185,37.4825770534,-122.23234257,0,88D32A3E-2567-46A9-866A-3F28F75B669B,0.0385526104243,0.0050534199228,0.0654381211056,0.010927252722,0.00257268837029,0.0117681898445,0.152389519178,0.0254475632221,4.67645691781,1.94691462901,3,0.735602324378
3BB5D6C4-17D0-4088-A616-11CE03DD3274,1479535392.06,1.81050203942,4.15247581598,0xE6100000010CC034CF7BE08E5EC0C3FE5BB4C1BD4240,0xE610000001043F0000001112FE60DF8E5EC029B3C47CC1BD4240439D2A60DF8E5EC0C4940B85C1BD4240D4A49A5EDF8E5EC0C3FE5BB4C1BD4240439D2A60DF8E5EC0C268ACE3C1BD4240C124D664DF8E5EC0FE1D7812C2BD42400C22906CDF8E5EC0E3DD3B40C2BD42405BE94277DF8E5EC03D4C776CC2BD4240F378D084DF8E5EC03559AE96C2BD42406FCD1295DF8E5EC0479D6ABEC2BD42405B4CDCA7DF8E5EC067A53CE3C2BD42401C44F8BCDF8E5EC0882BBD04C3BD4240AF7F2BD4DF8E5EC054388E22C3BD4240CAEC34EDDF8E5EC0B12A5C3CC3BD42405A52CE07E08E5EC054A2DE51C3BD42406515AD23E08E5EC0C34AD962C3BD4240780A8340E08E5EC087841C6FC3BD4240AC50FF5DE08E5EC0C3EA8576C3BD4240C034CF7BE08E5EC0A5B30079C3BD4240DA189F99E08E5EC0C3EA8576C3BD42400F5F1BB7E08E5EC087841C6FC3BD42402254F1D3E08E5EC0C34AD962C3BD42402C17D0EFE08E5EC054A2DE51C3BD4240BD7C690AE18E5EC0B12A5C3CC3BD4240D7E97223E18E5EC054388E22C3BD42408FE25038E18E5EC0CBC3BC07C3BD4240A61E5018E68E5EC0F8FC91CECBBD424074F4B8BEE68E5EC0454F44CBCABD42408D80A852E78E5EC00E3F25ADC9BD42408B496AD2E78E5EC0E3FA8077C8BD4240265F853CE88E5EC07B16E92DC7BD42407EB2C08FE88E5EC043032AD4C5BD4240C9B126CBE88E5EC03BDB3F6EC4BD4240C01C08EEE88E5EC03D9F4A00C3BD4240AF09FEF7E88E5EC04A0B828EC1BD42403C15EBE8E88E5EC0E524291DC0BD424001B9FBC0E88E5EC00EA881B0BEBD424051C8A580E88E5EC01978BF4CBDBD4240A214A728E88E5EC04D39FCF5BBBD4240743D03BAE78E5EC00E382BB0BABD42406BB20036E78E5EC00BC10D7FB9BD424005F0249EE68E5EC0040D2866B8BD4240A10230F4E58E5EC0BFE0B668B7BD42406D5C173AE58E5EC0C7FFA589B6BD4240E70D0072E48E5EC03F8E87CBB5BD42400B72389EE38E5EC00A7B8C30B5BD4240616031C1E28E5EC0CF087EBAB4BD42406DF976DDE18E5EC0DD88B86AB4BD4240C622A9F5E08E5EC074572742B4BD424083C8730CE08E5EC06D254241B4BD42407BFB8624DF8E5EC0FD960B68B4BD424031038F40DE8E5EC0FA3B11B6B4BD4240CC7A2C63DD8E5EC080E16C2AB5BD4240B590EC8EDC8E5EC01B39C7C3B5BD4240707F41C6DB8E5EC0AACD5B80B6BD4240DF557B0BDB8E5EC05F3AFE5DB7BD42407D24C160DA8E5EC04A94205AB8BD424079A30AC8D98E5EC0BEF3DA71B9BD424098641A43D98E5EC01A07F4A1BABD4240A8A178D3D88E5EC0E495EAE6BBBD424079B76E7AD88E5EC0EDD7FF3CBDBD4240EB590339D88E5EC02B8242A0BEBD4240068DF70FD88E5EC095689A0CC0BD42401112FE60DF8E5EC029B3C47CC1BD424001000000020000000001000000FFFFFFFF0000000003,1.93332195211,-2.65584324055,-2.73732800589,6,6,-3.95625913722,-1.69260357979,55.0460002673,-0.405421765331,-0.214038599215,1.95290817935,2200,37.4824738931,-122.232451393,1,88D32A3E-2567-46A9-866A-3F28F75B669B,0.0357743837332,0.00167095945077,0.00176696461505,0.005,0.00314648048566,0.00811187242688,0.00857794097484,0.0242731632336,8.95429495876,1.91452463891,1,0.95
3BB5D6C4-17D0-4088-A616-11CE03DD3274,1479535427.2,0.0905330091424,2.2398458021,0xE6100000010C1F778AEEDE8E5EC0D874E88CBDBD4240,0xE610000001043F0000003744E3FBDD8E5EC010E5F99FBCBD4240C1D68BF7DD8E5EC0671A96AABCBD4240AC48FEE9DD8E5EC05E27CDD4BCBD424092824BDFDD8E5EC0B8950801BDBD42401B8691D7DD8E5EC09D55CC2EBDBD424029FFE5D2DD8E5EC0D80A985DBDBD4240E50656D1DD8E5EC0D874E88CBDBD424029FFE5D2DD8E5EC0D8DE38BCBDBD42401B8691D7DD8E5EC0139404EBBDBD424092824BDFDD8E5EC0F753C818BEBD4240AC48FEE9DD8E5EC052C20345BEBD4240C1D68BF7DD8E5EC048CF3A6FBEBD42407329CE07DE8E5EC05D13F796BEBD424048A6971ADE8E5EC07C1BC9BBBEBD4240AD9BB32FDE8E5EC09DA149DDBEBD4240B1D4E646DE8E5EC069AE1AFBBEBD4240FE3EF05FDE8E5EC0C6A0E814BFBD424097A1897ADE8E5EC06A186B2ABFBD42408D616896DE8E5EC0D8C0653BBFBD424062533EB3DE8E5EC09DFAA847BFBD42405896BAD0DE8E5EC0D760124FBFBD42401F778AEEDE8E5EC0BA298D51BFBD4240DF575A0CDF8E5EC0D760124FBFBD4240D59AD629DF8E5EC09DFAA847BFBD4240AA8CAC46DF8E5EC0D8C0653BBFBD4240A04C8B62DF8E5EC06A186B2ABFBD424039AF247DDF8E5EC0C6A0E814BFBD42408D192E96DF8E5EC069AE1AFBBEBD42408A5261ADDF8E5EC09DA149DDBEBD4240EE477DC2DF8E5EC07C1BC9BBBEBD4240CAC446D5DF8E5EC05D13F796BEBD4240751789E5DF8E5EC048CF3A6FBEBD42408AA516F3DF8E5EC052C20345BEBD4240A46BC9FDDF8E5EC0F753C818BEBD42401C688305E08E5EC0139404EBBDBD42400EEF2E0AE08E5EC0D8DE38BCBDBD424052E7BE0BE08E5EC0D874E88CBDBD42400EEF2E0AE08E5EC0D80A985DBDBD42401C688305E08E5EC09D55CC2EBDBD4240A46BC9FDDF8E5EC0B8950801BDBD42408AA516F3DF8E5EC05E27CDD4BCBD4240751789E5DF8E5EC0671A96AABCBD4240CAC446D5DF8E5EC052D6D982BCBD4240EE477DC2DF8E5EC034CE075EBCBD42409D0AC6BCDF8E5EC05A86F554BCBD4240C8720C13E58E5EC0E5955242B4BD424090DADE5DE48E5EC0DB1F3935B3BD42404AA78996E38E5EC06B01AC4AB2BD42402DB3A6BFE28E5EC0A6B9BA85B1BD42402ACD03DCE18E5EC0B926F7E8B0BD4240135B99EEE08E5EC063F06C76B0BD4240896D80FADF8E5EC0BEB29A2FB0BD4240FC66E802DF8E5EC023006D15B0BD4240BB570C0BDE8E5EC0F94A3B28B0BD42407D332816DD8E5EC08EC1C667B0BD424064036E27DC8E5EC0F11F3BD3B0BD4240A039FB41DB8E5EC009753169B1BD4240A549CE68DA8E5EC08AD1B427B2BD4240BCA7BC9ED98E5EC04DD1480CB3BD4240E55169E6D88E5EC025E9F113B4BD4240F8003C42D88E5EC0605D3F3BB5BD4240EA1F59B4D78E5EC0D2BF567EB6BD42403744E3FBDD8E5EC010E5F99FBCBD424001000000020000000001000000FFFFFFFF0000000003,0.914336436638,3.03667644224,-0.776778627727,6,6,0.790854225905,-0.777336812544,26.1519326898,-0.486632518462,0.0512437987992,2.25305011599,2307,37.4823471198,-122.232356677,0,88D32A3E-2567-46A9-866A-3F28F75B669B,-0.147447115817,0.018460614766,0.0376583813665,0.0054159655199,0.746689152001,0.0607342602252,0.123893703572,0.0177729298773,0.0862519082517,0.184681096906,4,NULL
3BB5D6C4-17D0-4088-A616-11CE03DD3274,1479535434.88,0.215317820171,2.25044747778,0xE6100000010C5E70CD71DF8E5EC0762CCDCEC1BD4240,0xE610000001043F00000078D75D6ADF8E5EC0A1CCC60AC0BD4240358CFD53DF8E5EC07840A30CC0BD4240E4458136DF8E5EC0B2A60C14C0BD4240C350AB19DF8E5EC076E04F20C0BD42409D8DCCFDDE8E5EC0E5884A31C0BD4240052833E3DE8E5EC08800CD46C0BD4240D5BA29CADE8E5EC0E5F29A60C0BD4240347FF6B2DE8E5EC0B1FF6B7EC0BD42406587DA9DDE8E5EC0D285EC9FC0BD42406408118BDE8E5EC0F18DBEC4C0BD4240DAB3CE7ADE8E5EC004D27AECC0BD42403B24416DDE8E5EC0FCDEB116C1BD4240EC5C8E62DE8E5EC0554DED42C1BD4240935FD45ADE8E5EC03B0DB170C1BD42401CD82856DE8E5EC077C27C9FC1BD4240A6DF9854DE8E5EC0762CCDCEC1BD42401CD82856DE8E5EC077961DFEC1BD4240935FD45ADE8E5EC0B14BE92CC2BD4240EC5C8E62DE8E5EC0960BAD5AC2BD42403B24416DDE8E5EC0F079E886C2BD4240DAB3CE7ADE8E5EC0E8861FB1C2BD42406408118BDE8E5EC0FACADBD8C2BD42406587DA9DDE8E5EC01AD3ADFDC2BD4240347FF6B2DE8E5EC03B592E1FC3BD4240D5BA29CADE8E5EC00766FF3CC3BD4240052833E3DE8E5EC06458CD56C3BD42409D8DCCFDDE8E5EC007D04F6CC3BD4240C350AB19DF8E5EC076784A7DC3BD4240E4458136DF8E5EC03AB28D89C3BD4240358CFD53DF8E5EC07618F790C3BD42405E70CD71DF8E5EC058E17193C3BD424086549D8FDF8E5EC07618F790C3BD4240D79A19ADDF8E5EC03AB28D89C3BD4240F88FEFC9DF8E5EC076784A7DC3BD42401E53CEE5DF8E5EC007D04F6CC3BD4240B6B86700E08E5EC06458CD56C3BD4240E6257119E08E5EC00766FF3CC3BD42408761A430E08E5EC03B592E1FC3BD42405C837E31E08E5EC0DE27D41DC3BD4240D8062A26E58E5EC0105A22C7CBBD4240FD9990CEE58E5EC060480CB8CABD4240BA7C1B63E68E5EC00CFE258DC9BD4240970DFBE1E68E5EC0CE67144AC8BD4240764DA349E78E5EC01EE2C7F2C6BD42406CB3D098E78E5EC0F0ED6F8BC5BD4240BB1E8CCEE78E5EC059206E18C4BD4240FCD92DEAE78E5EC0D575489EC2BD4240A3A65FEBE78E5EC005349B21C1BD424047CA1DD2E78E5EC0C4850AA7BFBD42401E1AB79EE78E5EC0B8FE3333BEBD4240FC04CC51E78E5EC04E33A0CABCBD4240B19E4CECE68E5EC06A92B471BBBD42408EB2756FE68E5EC0A1ACA52CBABD4240A9E6CCDCE58E5EC016146AFFB8BD4240C1FB1B36E58E5EC0D0FDADEDB7BD424076386B7DE48E5EC01BCBC7FAB6BD42405B11FBB4E38E5EC0E99EAD29B6BD4240D5213DDFE28E5EC0791FEC7CB5BD42405A8BCCFEE18E5EC04E819EF6B4BD42404FD36516E18E5EC03BF46798B4BD42407658DE28E08E5EC007876E63B4BD4240FD7A1B39DF8E5EC093915758B4BD424078D75D6ADF8E5EC0A1CCC60AC0BD424001000000020000000001000000FFFFFFFF0000000003,1.21521804067,-1.95247654378,0.511996365752,6,6,2.82809004176,1.58933751414,34.4171133948,-0.150066900737,-0.373893867918,15.1573945411,2323,37.4824770452,-122.232387972,0,88D32A3E-2567-46A9-866A-3F28F75B669B,-0.0599432673061,0.00825071997349,0.0117131020343,0.00629143037024,0.582586073192,0.095922824868,0.136176459595,0.0723590327594,0.581964558387,0.305675093274,4,NULL
3BB5D6C4-17D0-4088-A616-11CE03DD3274,1479535436.41,0.157947604729,2.33592809688,0xE6100000010C528466E5DE8E5EC03CB91DFFC2BD4240,0xE610000001043F000000A8E27AB7DE8E5EC011610041C1BD4240FB571AAADE8E5EC079335D44C1BD4240EA61448DDE8E5EC03C6DA050C1BD4240E39D6571DE8E5EC0AA159B61C1BD42407137CC56DE8E5EC04E8D1D77C1BD424075C9C23DDE8E5EC0AB7FEB90C1BD4240168D8F26DE8E5EC0778CBCAEC1BD42409E947311DE8E5EC098123DD0C1BD42400915AAFEDD8E5EC0B71A0FF5C1BD4240F9BF67EEDD8E5EC0CC5ECB1CC2BD4240EA2FDAE0DD8E5EC0C26B0247C2BD42403F6827D6DD8E5EC01DDA3D73C2BD4240AE6A6DCEDD8E5EC0019A01A1C2BD424005E3C1C9DD8E5EC03C4FCDCFC2BD424088EA31C8DD8E5EC03CB91DFFC2BD424005E3C1C9DD8E5EC03C236E2EC3BD4240AE6A6DCEDD8E5EC076D8395DC3BD42403F6827D6DD8E5EC05C98FD8AC3BD4240EA2FDAE0DD8E5EC0B60639B7C3BD4240F9BF67EEDD8E5EC0AD1370E1C3BD42400915AAFEDD8E5EC0C2572C09C4BD42409E947311DE8E5EC0E05FFE2DC4BD4240168D8F26DE8E5EC001E67E4FC4BD424075C9C23DDE8E5EC0CCF24F6DC4BD42407137CC56DE8E5EC029E51D87C4BD4240E39D6571DE8E5EC0CE5CA09CC4BD4240EA61448DDE8E5EC03C059BADC4BD4240FB571AAADE8E5EC0003FDEB9C4BD42403B9F96C7DE8E5EC03BA547C1C4BD4240528466E5DE8E5EC01D6EC2C3C4BD424071693603DF8E5EC03BA547C1C4BD4240B1B0B220DF8E5EC0003FDEB9C4BD4240C2A6883DDF8E5EC03C059BADC4BD4240C26A6759DF8E5EC0CE5CA09CC4BD42403BD10074DF8E5EC029E51D87C4BD4240303F0A8DDF8E5EC0CCF24F6DC4BD4240967B3DA4DF8E5EC001E67E4FC4BD42400E7459B9DF8E5EC0E05FFE2DC4BD42405C7151C8DF8E5EC02B24A810C4BD424079C44AA7E58E5EC0CD636F24CBBD42405DF1292BE68E5EC0939880EFC9BD42405CCB3999E68E5EC00B85C2A5C8BD4240A94030F0E68E5EC0470A124BC7BD42407885082FE78E5EC0FADB7EE3C5BD4240E4210655E78E5EC075523F73C4BD42406727B761E78E5EC0C2C8A3FEC2BD42406186F554E78E5EC0C1AC098AC1BD42404280E72EE78E5EC00468CE19C0BD4240C934FFEFE68E5EC0CA4842B2BEBD4240E24BF998E68E5EC03A929B57BDBD4240B7BFDA2AE68E5EC0BBDAE90DBCBD42402DCEEDA6E58E5EC04FDE09D9BABD42406E1ABE0EE58E5EC068E999BCB9BD4240670A1464E48E5EC0FAFEEEBBB8BD4240296EEFA8E38E5EC061DA0ADAB7BD4240E78081DFE28E5EC0F4EA9219B7BD4240F855260AE28E5EC07964C87CB6BD42402FC55D2BE18E5EC01C7C8105B6BD424005ECC345E08E5EC05BE623B5B5BD4240E059095CDF8E5EC035A6A08CB5BD424053FFEA70DE8E5EC07B3A718CB5BD4240D8F72987DD8E5EC0633196B4B5BD4240A8E27AB7DE8E5EC011610041C1BD424001000000020000000001000000FFFFFFFF0000000003,1.19115719199,-2.11236957421,0.698326483781,6,6,2.47711205607,2.07936616837,33.8573021759,-0.255801835595,-0.425223594012,5.06534086546,2328,37.4825133224,-122.232354498,0,88D32A3E-2567-46A9-866A-3F28F75B669B,-0.0393043622709,0.0203930711326,0.0300791116678,0.00730844167197,0.417328946501,0.354441876981,0.522790153976,0.121778284122,0.12863536649,0.23296754125,3,0.126163537275
3BB5D6C4-17D0-4088-A616-11CE03DD3274,1479535441.98,0.0393482054507,2.14763087477,0xE6100000010CFDA04486DC8E5EC037AFC624C7BD4240,0xE610000001043F0000003DC6ABBDDC8E5EC0D7880B69C5BD4240688914A4DC8E5EC039C39C62C5BD4240FDA04486DC8E5EC056FA2160C5BD424091B87468DC8E5EC039C39C62C5BD42400C6EF84ADC8E5EC07429066AC5BD4240CB74222EDC8E5EC037634976C5BD4240AFAD4312DC8E5EC0A60B4487C5BD42404644AAF7DB8E5EC04A83C69CC5BD424083D3A0DEDB8E5EC0A77594B6C5BD42408F946DC7DB8E5EC0748265D4C5BD4240C09951B2DB8E5EC09308E6F5C5BD42401418889FDB8E5EC0B310B81AC6BD424035C1458FDB8E5EC0C7547442C6BD4240A92FB881DB8E5EC0BD61AB6CC6BD4240C9660577DB8E5EC018D0E698C6BD42405D684B6FDB8E5EC0FD8FAAC6C6BD424036E09F6ADB8E5EC0384576F5C6BD424088E70F69DB8E5EC037AFC624C7BD424036E09F6ADB8E5EC038191754C7BD42405D684B6FDB8E5EC073CEE282C7BD4240C9660577DB8E5EC0588EA6B0C7BD4240A92FB881DB8E5EC0B3FCE1DCC7BD424035C1458FDB8E5EC0A9091907C8BD42401418889FDB8E5EC0BD4DD52EC8BD4240C09951B2DB8E5EC0DB55A753C8BD42408F946DC7DB8E5EC0FCDB2775C8BD424083D3A0DEDB8E5EC0C9E8F892C8BD42404644AAF7DB8E5EC027DBC6ACC8BD4240AFAD4312DC8E5EC0CA5249C2C8BD4240CB74222EDC8E5EC039FB43D3C8BD42400C6EF84ADC8E5EC0FC3487DFC8BD424091B87468DC8E5EC0379BF0E6C8BD4240FDA04486DC8E5EC01A646BE9C8BD4240688914A4DC8E5EC0379BF0E6C8BD4240EDD390C1DC8E5EC0FC3487DFC8BD42402ECD66DEDC8E5EC039FB43D3C8BD42404A9445FADC8E5EC0CA5249C2C8BD4240BAFDDE14DD8E5EC027DBC6ACC8BD4240766EE82DDD8E5EC0C9E8F892C8BD42406AAD1B45DD8E5EC0FCDB2775C8BD424040A8375ADD8E5EC0DB55A753C8BD4240EC29016DDD8E5EC0BD4DD52EC8BD4240C480437DDD8E5EC0A9091907C8BD42405712D18ADD8E5EC0B3FCE1DCC7BD424031DB8395DD8E5EC0588EA6B0C7BD42401760C896DD8E5EC0F46924A9C7BD4240AE807BA3E48E5EC07A1EB915CBBD42400EC14FDDE48E5EC0F750B6A0C9BD4240B39DA2FCE48E5EC05571CE23C8BD4240D4891001E58E5EC06F0EBCA3C6BD4240B4718BEAE48E5EC002C74325C5BD424075E75AB9E48E5EC0712225ADC3BD4240693F1B6EE48E5EC0AA790B40C2BD4240819FBB09E48E5EC03E207FE2C0BD424019077B8DE38E5EC0B7FCD698BFBD42403159E4FAE28E5EC011BE2A67BEBD42407B75C953E28E5EC00ADA4551BDBD4240B56F3D9AE18E5EC0C57D9B5ABCBD4240D9F78DD0E08E5EC0ED963B86BBBD42401C083CF9DF8E5EC05A18C9D6BABD4240B3EFF316DF8E5EC0FA98714EBABD42401BD4842CDE8E5EC0B867E6EEB9BD42403DC6ABBDDC8E5EC0D7880B69C5BD424001000000020000000001000000FFFFFFFF0000000003,0.836084589079,-2.10988483399,0.731698987129,6,6,2.57206445308,2.30966721869,23.6617269488,-0.313064207098,-0.523351327373,2.36301889702,2347,37.4826398821,-122.232209746,0,88D32A3E-2567-46A9-866A-3F28F75B669B,-0.00202793259405,0.0173256881494,0.093487710494,0.005,0.156743788642,0.31188795225,1.68291673815,0.0870680393711,0.0833157212348,0.21231904949,3,0.672226926737
3BB5D6C4-17D0-4088-A616-11CE03DD3274,1479535479.97,0.0922728772341,2.29088355622,0xE6100000010C82A50555DB8E5EC04CC6D607CBBD4240,0xE610000001043F000000E5DCD1E7DA8E5EC0575A2F66C9BD424024A604E1DA8E5EC0BA22546AC9BD4240F3396BC6DA8E5EC05F9AD67FC9BD424094C661ADDA8E5EC0BA8CA499C9BD42403B852E96DA8E5EC0879975B7C9BD424033881281DA8E5EC0A81FF6D8C9BD42409404496EDA8E5EC0C727C8FDC9BD424007AC065EDA8E5EC0DB6B8425CABD42400D197950DA8E5EC0D378BB4FCABD42401A4FC645DA8E5EC02CE7F67BCABD4240DC4F0C3EDA8E5EC012A7BAA9CABD424036C76039DA8E5EC04C5C86D8CABD424065CED037DA8E5EC04CC6D607CBBD424036C76039DA8E5EC04C302737CBBD4240DC4F0C3EDA8E5EC087E5F265CBBD42401A4FC645DA8E5EC06BA5B693CBBD42400D197950DA8E5EC0C613F2BFCBBD424007AC065EDA8E5EC0BD2029EACBBD42409404496EDA8E5EC0D164E511CCBD424033881281DA8E5EC0F06CB736CCBD42403B852E96DA8E5EC011F33758CCBD424094C661ADDA8E5EC0DDFF0876CCBD4240F3396BC6DA8E5EC03AF2D68FCCBD424024A604E1DA8E5EC0DE6959A5CCBD42402270E3FCDA8E5EC04C1254B6CCBD4240696CB919DB8E5EC00F4C97C2CCBD4240FCB93537DB8E5EC04BB200CACCBD424082A50555DB8E5EC02E7B7BCCCCBD42400891D572DB8E5EC04BB200CACCBD42409BDE5190DB8E5EC00F4C97C2CCBD4240E2DA27ADDB8E5EC04C1254B6CCBD4240E0A406C9DB8E5EC0DE6959A5CCBD42401111A0E3DB8E5EC03AF2D68FCCBD42407084A9FCDB8E5EC0DDFF0876CCBD4240D0C5DC13DC8E5EC011F33758CCBD4240D1C2F828DC8E5EC0F06CB736CCBD42407046C23BDC8E5EC0D164E511CCBD4240FD9E044CDC8E5EC0BD2029EACBBD4240F7319259DC8E5EC0C613F2BFCBBD4240EAFB4464DC8E5EC06BA5B693CBBD42402AB98267DC8E5EC0F3118480CBBD4240D0328182E38E5EC09F3C39A0CEBD42400B931BB6E38E5EC0671F1228CDBD42406E30F7CEE38E5EC0F0E821A9CBBD42404DB3C4CCE38E5EC0F1DF2E28CABD4240151F8BAFE38E5EC062B605AAC8BD4240BCBBA777E38E5EC0A3376A33C7BD424012ECCC25E38E5EC0281308C9C5BD42406EF4FFBAE28E5EC001F4636FC4BD4240AAB89538E28E5EC0F614CD2AC3BD4240347C2EA0E18E5EC0387F4FFFC1BD424037B1B0F3E08E5EC0811FA7F0C0BD424024E84235E08E5EC0EADA3302C0BD42404CF24467DF8E5EC08EC9EE36BFBD4240D84D488CDE8E5EC032B96091BEBD424020F307A7DD8E5EC06D169A13BEBD4240B69D5FBADC8E5EC000562CBFBDBD4240EAAC42C9DB8E5EC079F32495BDBD42408AB8B2D6DA8E5EC007150A96BDBD4240B2F8B5E5D98E5EC051DFD8C1BDBD42408A9E4DF9D88E5EC0937E0518BEBD4240133D6C14D88E5EC0E9E47C97BEBD4240E5DCD1E7DA8E5EC0575A2F66C9BD424001000000020000000001000000FFFFFFFF0000000003,1.11718774861,-2.41774561719,-2.3749632369,6,6,-2.91149614649,-2.80420696416,31.9408905774,-0.989208776751,-0.874359005183,3.80566556383,2411,37.4827585028,-122.23213697,0,88D32A3E-2567-46A9-866A-3F28F75B669B,0.0315405407287,0.0122477310714,0.0310374068266,0.005,-0.0529881246114,0.0272223424204,0.0689850970393,0.0111111111111,0.166684723556,0.233831949205,3,0.728366403542
3BB5D6C4-17D0-4088-A616-11CE03DD3274,1479535484.3,0.243157980224,2.41896728077,0xE6100000010C0F6DD2B8DD8E5EC0F62E04E9C6BD4240,0xE610000001043F000000363EA822DE8E5EC078A94F45C5BD4240B498F410DE8E5EC0F6E2863AC5BD4240A49F1EF4DD8E5EC033A9432EC5BD42404955A2D6DD8E5EC0F742DA26C5BD42400F6DD2B8DD8E5EC0147A5F24C5BD4240D584029BDD8E5EC0F742DA26C5BD4240813A867DDD8E5EC033A9432EC5BD42406B41B060DD8E5EC0F6E2863AC5BD4240797AD144DD8E5EC0648B814BC5BD42403A11382ADD8E5EC008030461C5BD4240A1A02E11DD8E5EC065F5D17AC5BD4240D761FBF9DC8E5EC03102A398C5BD42402567DFE4DC8E5EC0528823BAC5BD424095E515D2DC8E5EC07190F5DEC5BD4240D28ED3C1DC8E5EC086D4B106C6BD42405BFD45B4DC8E5EC07CE1E830C6BD42408F3493A9DC8E5EC0D74F245DC6BD42402B36D9A1DC8E5EC0BB0FE88AC6BD42400BAE2D9DDC8E5EC0F6C4B3B9C6BD424064B59D9BDC8E5EC0F62E04E9C6BD42400BAE2D9DDC8E5EC0F6985418C7BD42402B36D9A1DC8E5EC0304E2047C7BD42408F3493A9DC8E5EC0160EE474C7BD42405BFD45B4DC8E5EC0707C1FA1C7BD4240D28ED3C1DC8E5EC0678956CBC7BD424095E515D2DC8E5EC07CCD12F3C7BD42402567DFE4DC8E5EC09AD5E417C8BD4240D761FBF9DC8E5EC0BB5B6539C8BD4240A1A02E11DD8E5EC086683657C8BD42403A11382ADD8E5EC0E45A0471C8BD4240797AD144DD8E5EC089D28686C8BD42406B41B060DD8E5EC0F67A8197C8BD4240813A867DDD8E5EC0BAB4C4A3C8BD4240D584029BDD8E5EC0F51A2EABC8BD42400F6DD2B8DD8E5EC0D7E3A8ADC8BD42404955A2D6DD8E5EC0F51A2EABC8BD4240A49F1EF4DD8E5EC0BAB4C4A3C8BD4240B498F410DE8E5EC0F67A8197C8BD4240A55FD32CDE8E5EC089D28686C8BD4240E5C86C47DE8E5EC0E45A0471C8BD42407D397660DE8E5EC086683657C8BD42404E78A977DE8E5EC0BB5B6539C8BD42400173C58CDE8E5EC09AD5E417C8BD424089F48E9FDE8E5EC07CCD12F3C7BD42404D4BD1AFDE8E5EC0678956CBC7BD4240CADC5EBDDE8E5EC0707C1FA1C7BD42408FA511C8DE8E5EC0160EE474C7BD4240F3A3CBCFDE8E5EC0304E2047C7BD4240132C77D4DE8E5EC0F6985418C7BD4240BA2407D6DE8E5EC0F62E04E9C6BD4240132C77D4DE8E5EC0F6C4B3B9C6BD4240F3A3CBCFDE8E5EC0BB0FE88AC6BD42408FA511C8DE8E5EC0D74F245DC6BD4240CADC5EBDDE8E5EC07CE1E830C6BD42404D4BD1AFDE8E5EC086D4B106C6BD4240C20924A3DE8E5EC082CEB6E7C5BD424023673BB3E48E5EC0BA4C623FBFBD42409899C716E48E5EC0AB4BEA01BEBD4240BB440D64E38E5EC086E597E3BCBD424083B37D9DE28E5EC032D254E8BBBD4240F793CFC5E18E5EC0C4209013BBBD4240D178F5DFE08E5EC004343268BABD4240363EA822DE8E5EC078A94F45C5BD424001000000020000000001000000FFFFFFFF0000000003,0.292424126285,-2.46848461424,-2.41845877895,6,6,-3.3315328346,-2.94050350275,8.14579899198,-1.17640686346,-0.937979226643,3.6285597423,2430,37.4826327582,-122.232282835,0,88D32A3E-2567-46A9-866A-3F28F75B669B,0.0293575280225,0.00908972602009,0.0118887709638,0.005,-0.19735077637,0.111981722309,0.14646481596,0.0613127202799,0.302607276517,0.31803483719,1,0.931619053638
